{
    "train_losses": [
        1.7930084261894226,
        1.71912823677063,
        1.6947698578834534,
        1.679230492591858,
        1.667833221912384,
        1.6580105237960816,
        1.6469915285110475,
        1.6402943277359008,
        1.6345457096099854,
        1.6258782277107238,
        1.6210711269378661,
        1.6137034516334534,
        1.6089488468170166,
        1.6037310013771058,
        1.599742789745331,
        1.5947595796585083,
        1.5914294538497924,
        1.5875527639389038,
        1.5823265810012817,
        1.5787726125717163,
        1.5756661925315858,
        1.5717395372390748,
        1.5691048855781555,
        1.5655004873275757,
        1.5609989085197449,
        1.5589672679901123,
        1.5559515380859374,
        1.5514505395889282,
        1.5495999603271484,
        1.5467223944664001,
        1.5430439934730529,
        1.542181406021118,
        1.5387434034347534,
        1.5350630345344543,
        1.5327510204315185,
        1.5305425086021422,
        1.5284849109649659,
        1.5263287525177003,
        1.522594205379486,
        1.5217351274490356,
        1.5191863746643066,
        1.5169657697677612,
        1.5145944533348084,
        1.5122133169174194,
        1.511150186061859,
        1.5082954807281495,
        1.507110243320465,
        1.505324694633484,
        1.5021036534309387,
        1.5002303943634032
    ],
    "test_losses": [
        1.7290470719337463,
        1.730249547958374,
        1.7299271821975708,
        1.7283963918685914,
        1.7315079951286316,
        1.734156789779663,
        1.7426829314231873,
        1.7433623170852661,
        1.7421066856384277,
        1.756581506729126,
        1.7541268062591553,
        1.763234758377075,
        1.7655695986747741,
        1.771345636844635,
        1.7819989895820618,
        1.7780341577529908,
        1.7814428949356078,
        1.7923554372787476,
        1.7951901721954346,
        1.7930664896965027,
        1.8010999274253845,
        1.7975918793678283,
        1.8061336517333983,
        1.803641333580017,
        1.8100148558616638,
        1.8115740752220153,
        1.8146159958839416,
        1.8202601337432862,
        1.8185683012008667,
        1.8301915550231933,
        1.8323739218711852,
        1.8363256549835205,
        1.8399710249900818,
        1.844406476020813,
        1.8433936500549317,
        1.845536904335022,
        1.8597487163543702,
        1.8577747893333436,
        1.8582726645469665,
        1.8592699337005616,
        1.862793037891388,
        1.8648448991775513,
        1.8772492408752441,
        1.8878886103630066,
        1.872839539051056,
        1.8793960547447204,
        1.879034914970398,
        1.8891778516769409,
        1.8964563536643981,
        1.8941992902755738
    ],
    "train_accs": [
        0.3831000007092953,
        0.41149999940395354,
        0.42279999899864196,
        0.4291999994516373,
        0.4314399999380112,
        0.4356600008010864,
        0.4410199999809265,
        0.44421999955177305,
        0.4431599997282028,
        0.4477000002861023,
        0.4501799998283386,
        0.44948000061511995,
        0.45399999928474427,
        0.45622000050544737,
        0.4582599997520447,
        0.4557399989366531,
        0.45785999989509585,
        0.4606799989938736,
        0.4607399994134903,
        0.46061999893188477,
        0.46156000018119814,
        0.4649200006723404,
        0.4653199994564056,
        0.4665399992465973,
        0.46831999933719637,
        0.4689599988460541,
        0.4676199995279312,
        0.4715199989080429,
        0.4709400000572205,
        0.4725799973011017,
        0.4760599994659424,
        0.4735800008773804,
        0.4738199999332428,
        0.4754999997615814,
        0.47655999970436097,
        0.4787799997329712,
        0.4786799989938736,
        0.4806399995088577,
        0.4814599982500076,
        0.4798199987411499,
        0.4832999986410141,
        0.4829399995803833,
        0.48475999999046326,
        0.48419999873638153,
        0.48519999933242797,
        0.48709999907016754,
        0.4863799990415573,
        0.4875799998044968,
        0.48729999816417696,
        0.489779998421669
    ],
    "test_accs": [
        0.40419999897480013,
        0.40120000183582305,
        0.4021000003814697,
        0.4022000020742416,
        0.40489999890327455,
        0.4001999992132187,
        0.3940000003576279,
        0.40100000202655794,
        0.4014999997615814,
        0.3961999988555908,
        0.3997000002861023,
        0.39050000071525576,
        0.3951999992132187,
        0.3882000017166138,
        0.3881000000238419,
        0.3860000014305115,
        0.38790000140666964,
        0.38649999916553496,
        0.3886999988555908,
        0.3882999974489212,
        0.3868000018596649,
        0.38139999985694883,
        0.3841999983787537,
        0.38409999907016756,
        0.3885999995470047,
        0.38129999935626985,
        0.38259999990463256,
        0.385100000500679,
        0.38100000023841857,
        0.37860000133514404,
        0.37659999907016756,
        0.37460000097751617,
        0.37350000023841856,
        0.3743000000715256,
        0.37800000071525575,
        0.37529999792575836,
        0.37099999785423277,
        0.37229999899864197,
        0.378699996471405,
        0.3715999984741211,
        0.37820000052452085,
        0.3745000004768372,
        0.3702999991178513,
        0.36360000133514403,
        0.3713999980688095,
        0.36879999995231627,
        0.3720000004768372,
        0.3661999994516373,
        0.36910000145435334,
        0.3675999993085861
    ]
}