{
    "train_losses": [
        1.9083033804893494,
        1.765680974960327,
        1.7452499380111695,
        1.7364711074829102,
        1.721345540046692,
        1.69829585313797,
        1.6849648327827453,
        1.6784541540145874,
        1.661766119003296,
        1.6642056589126586,
        1.6634520697593689,
        1.6362769322395325,
        1.6445296173095703,
        1.637665901184082,
        1.6162959485054016,
        1.6197799792289733,
        1.6169259657859802,
        1.6136203293800353,
        1.6071083011627196,
        1.6109508390426637,
        1.6074300985336303,
        1.6193907136917114,
        1.5894422845840455,
        1.589080445289612,
        1.5863630299568177,
        1.5954337639808656,
        1.599227605342865,
        1.5771820878982543,
        1.5964132690429687,
        1.5813732461929322,
        1.6061579151153564,
        1.5763508491516114,
        1.5795776762962341,
        1.580892273426056,
        1.5829508004188537,
        1.58325679397583,
        1.571347210407257,
        1.5758414211273193,
        1.5798388395309448,
        1.5751209812164306,
        1.5774571070671082,
        1.5893949675559997,
        1.571269474029541,
        1.5699348578453063,
        1.5734721813201904,
        1.5939494314193725,
        1.5600265889167786,
        1.5744177594184876,
        1.5571778082847596,
        1.579574498653412
    ],
    "test_losses": [
        1.780173876285553,
        1.7844044423103333,
        1.8034823203086854,
        1.796675431728363,
        1.8131538677215575,
        1.8398678994178772,
        1.826167848110199,
        1.8698166084289551,
        1.8585428237915038,
        1.83038987159729,
        1.9075424766540527,
        1.8733306193351746,
        1.8994206070899964,
        1.9386888694763185,
        1.9376321673393249,
        1.9481725788116455,
        1.9232749271392822,
        1.9882488322257996,
        1.971117959022522,
        2.122052834033966,
        1.939107701778412,
        1.9438303470611573,
        1.9675081062316895,
        1.9466460418701172,
        1.9919017791748046,
        1.970887882709503,
        1.9870360898971557,
        1.957203471660614,
        1.9624664521217345,
        2.0131803607940673,
        1.9833908891677856,
        1.9799664306640625,
        1.99070148229599,
        1.9922594928741455,
        2.020690793991089,
        2.0237580037117002,
        1.9794488644599915,
        1.9983717894554138,
        2.0373220205307008,
        1.9872179293632508,
        2.00576744556427,
        2.0617661261558533,
        2.0049257588386538,
        2.0055225110054016,
        2.061368319988251,
        2.016196925640106,
        2.0023933672904968,
        2.054131319522858,
        2.022607777118683,
        2.09421493768692
    ],
    "train_accs": [
        0.3565600010454655,
        0.39224000012874605,
        0.4013599990606308,
        0.4032999986410141,
        0.40796000051498416,
        0.41914000034332277,
        0.4240599992275238,
        0.42412000048160553,
        0.43046000039577487,
        0.43114000010490416,
        0.43116000008583066,
        0.43829999983310697,
        0.43441999959945676,
        0.4400599986314774,
        0.4461800001859665,
        0.4455599994659424,
        0.44819999945163724,
        0.44624000024795535,
        0.44975999975204467,
        0.4473400000333786,
        0.4484599996805191,
        0.4466199988126755,
        0.453940000295639,
        0.4545599993467331,
        0.45484000086784365,
        0.4532599997520447,
        0.4546800000667572,
        0.45818000078201293,
        0.44955999886989595,
        0.45789999997615816,
        0.4524999994039536,
        0.4590999994277954,
        0.4602800004482269,
        0.4589999992847443,
        0.4589999998807907,
        0.45744000005722046,
        0.4611999987363815,
        0.45929999876022337,
        0.45937999880313873,
        0.4562799997329712,
        0.4585800000429153,
        0.45371999967098237,
        0.4604599997997284,
        0.46089999973773954,
        0.46113999927043914,
        0.4531400005817413,
        0.467579999089241,
        0.460700000166893,
        0.4664599992036819,
        0.4582199994325638
    ],
    "test_accs": [
        0.38370000064373017,
        0.3825999981164932,
        0.37789999902248383,
        0.3771999990940094,
        0.375,
        0.3705000001192093,
        0.3729000002145767,
        0.36930000185966494,
        0.36769999980926515,
        0.3702999991178513,
        0.358299999833107,
        0.35629999995231626,
        0.35530000150203706,
        0.3398000007867813,
        0.35000000059604647,
        0.3509999990463257,
        0.368199999332428,
        0.34860000252723694,
        0.3394999998807907,
        0.3291000014543533,
        0.36129999935626983,
        0.35340000212192535,
        0.36600000083446504,
        0.356800000667572,
        0.33569999992847444,
        0.34400000035762784,
        0.3396999990940094,
        0.3606999975442886,
        0.349899999499321,
        0.34160000026226045,
        0.33579999804496763,
        0.35299999952316286,
        0.33930000245571135,
        0.34160000026226045,
        0.34089999973773955,
        0.34110000014305114,
        0.34579999923706056,
        0.3499000000953674,
        0.34169999897480013,
        0.34880000054836274,
        0.3565000009536743,
        0.3554000008106232,
        0.3400999981164932,
        0.35459999918937685,
        0.33259999871253965,
        0.3498000031709671,
        0.34810000002384184,
        0.33269999861717225,
        0.3389999997615814,
        0.3136000004410744
    ]
}