{
    "train_losses": [
        0.6143819899360339,
        0.3342608574032784,
        0.3086789888640245,
        0.29630543102820717,
        0.28652309293548267,
        0.2798177262643973,
        0.27641329703231654,
        0.27113033523162205,
        0.26585398577153685,
        0.2607838135709365,
        0.25879566942652066,
        0.2566863173743089,
        0.2518458910038074,
        0.25007235405345757,
        0.24904224100212255,
        0.24729930957158405,
        0.24594118195275466,
        0.24374839139481386,
        0.24194509536027908,
        0.24049678012728692,
        0.24017383893330893,
        0.23802039171258607,
        0.23802701629698275,
        0.2360480535030365,
        0.23632080247004827,
        0.23594572231173516,
        0.23427481586734453,
        0.23421405501663684,
        0.23348816476762294,
        0.23228469642500083,
        0.23185357213020324,
        0.23217197716236115,
        0.23155090113480886,
        0.23079530271391074,
        0.23051045877238116,
        0.23071992655595144,
        0.22973985880613326,
        0.2298515425870816,
        0.2292615882307291,
        0.22931210237244765,
        0.22857404152552288,
        0.22802245147526265,
        0.22800994267066318,
        0.22790199438730877,
        0.22728703233102956,
        0.227610945875446,
        0.22629732122023902,
        0.22676821812987327,
        0.22624288375178972,
        0.2272371294349432
    ],
    "test_losses": [
        0.32849812537431716,
        0.2970145151019096,
        0.28643657177686693,
        0.2845053154230118,
        0.274706189930439,
        0.27794567197561265,
        0.2922369948029518,
        0.28029819309711457,
        0.27521433025598524,
        0.2760625585913658,
        0.2781908541917801,
        0.27496464669704435,
        0.27699688225984576,
        0.2804919880628586,
        0.28073263078927996,
        0.2796226638555527,
        0.29117192804813385,
        0.28336893051862716,
        0.2846952569484711,
        0.296486981511116,
        0.287203176766634,
        0.2862272197008133,
        0.28489855527877805,
        0.2854310181736946,
        0.2893109717965126,
        0.2832957890629768,
        0.30169834941625595,
        0.28341323405504226,
        0.29370994985103605,
        0.28942123889923094,
        0.2872723135352135,
        0.2855650332570076,
        0.288512647151947,
        0.29483970284461974,
        0.2929962533712387,
        0.2901115357875824,
        0.29459807425737383,
        0.2897263839840889,
        0.290462389588356,
        0.2912013068795204,
        0.29744060456752774,
        0.29020347505807875,
        0.29741327911615373,
        0.2936792683601379,
        0.2946201264858246,
        0.29163444101810454,
        0.297835588157177,
        0.2940358129143715,
        0.2991799178719521,
        0.29440425425767897
    ],
    "train_accs": [
        0.823333331644535,
        0.9019666663805643,
        0.9117999990781148,
        0.9159166669845581,
        0.9194833368062973,
        0.9223166700204214,
        0.9225333360830943,
        0.9242500025033951,
        0.9252666701873143,
        0.927350001335144,
        0.9266666688521703,
        0.9281333357095718,
        0.9295333351691564,
        0.9291833357016246,
        0.9299000008900961,
        0.9299500014384587,
        0.9306500009695688,
        0.9315833350022634,
        0.9318333333730697,
        0.9323000009854635,
        0.931650000611941,
        0.9333999999364218,
        0.9326500008503597,
        0.9335333335399628,
        0.9333166670799256,
        0.9330666689078013,
        0.9340666661659877,
        0.9336500006914139,
        0.9339500012000402,
        0.9343000002702078,
        0.9352166668574016,
        0.9353833325703939,
        0.9346166668335597,
        0.9357833329836528,
        0.9346499993403753,
        0.934733331600825,
        0.9352499993642172,
        0.9349333335955937,
        0.9349333329995473,
        0.935166666507721,
        0.934983334740003,
        0.9351499998569488,
        0.936016664703687,
        0.9354666656255722,
        0.9361333326498668,
        0.9354499981800715,
        0.9357666649421056,
        0.9364999987681707,
        0.9366333311796189,
        0.9352499999602636
    ],
    "test_accs": [
        0.9025999975204467,
        0.916599999666214,
        0.9184000039100647,
        0.920900000333786,
        0.9226999998092651,
        0.9226000034809112,
        0.922200003862381,
        0.9206000030040741,
        0.9240000009536743,
        0.9234000015258789,
        0.9234000027179718,
        0.9248000025749207,
        0.9236000013351441,
        0.9230000019073487,
        0.9234000015258789,
        0.9260000050067901,
        0.9211000037193299,
        0.9245999991893769,
        0.9247000014781952,
        0.9184999990463257,
        0.9243000018596649,
        0.9224000024795532,
        0.9229000031948089,
        0.924500002861023,
        0.9239000070095063,
        0.9241000044345856,
        0.9207000017166138,
        0.9243000054359436,
        0.9227000010013581,
        0.9242000007629394,
        0.9246000015735626,
        0.9239000022411347,
        0.9237999999523163,
        0.9227000021934509,
        0.9246999979019165,
        0.9250000023841858,
        0.9238000071048736,
        0.9250000023841858,
        0.925499997138977,
        0.9226999998092651,
        0.9223000013828277,
        0.9253000056743622,
        0.9241000008583069,
        0.9251000010967254,
        0.9234000015258789,
        0.9225000047683716,
        0.9240000021457672,
        0.9237999975681305,
        0.9210999977588653,
        0.9231000030040741
    ]
}