{
    "train_losses": [
        0.8651506819824377,
        0.3236422044535478,
        0.30633645291129746,
        0.2992997410396735,
        0.2981803344190121,
        0.2902364698549112,
        0.28969532882173854,
        0.28886551797389987,
        0.2857234537601471,
        0.28476992403467494,
        0.28402839238444966,
        0.2826970782876015,
        0.2780144066611926,
        0.2791390484571457,
        0.27977153949439526,
        0.2756823114057382,
        0.27707064628601075,
        0.27677961175640425,
        0.27572085067629815,
        0.26854209167261917,
        0.26767193684975304,
        0.2678399683038394,
        0.2690022326757511,
        0.27688298168281716,
        0.2656938894341389,
        0.26034388785560925,
        3.8318018711855015,
        7.16266213029623,
        0.4120483516653379,
        0.31527354593078294,
        0.2920387480159601,
        0.27627115562558174,
        0.2682962467273076,
        0.28000805045167604,
        0.2806107934812705,
        0.26466775255898634,
        0.27860528585811456,
        0.26584178385635215,
        0.26729866318404677,
        0.2672784547011057,
        0.25663973102966947,
        0.25081508348385495,
        0.25344783591727416,
        0.25460169340173405,
        0.2566970310608546,
        0.2541475392629703,
        0.24786325765152772,
        0.2458524336417516,
        0.24536282390356065,
        0.2441534217943748
    ],
    "test_losses": [
        0.32475264608860016,
        0.29797842636704447,
        0.3040484884381294,
        0.2998869189620018,
        0.2936466160416603,
        0.2921240592002869,
        0.30092645674943924,
        0.3008941525220871,
        0.2961993342638016,
        0.3126887619495392,
        0.3007913112640381,
        0.29408113986253737,
        0.30501856744289396,
        0.3049434196949005,
        0.3159251832962036,
        0.31036334216594696,
        0.2991041511297226,
        0.28653051614761355,
        0.299105811715126,
        0.30092963844537735,
        0.296125545501709,
        0.2915800392627716,
        0.2937745955586433,
        0.32813291758298874,
        0.2925203782320023,
        0.28997506707906723,
        40.690340003967286,
        0.6306610262393951,
        0.4789019751548767,
        0.347472685277462,
        0.3671791571378708,
        0.3830254325270653,
        0.3462236014008522,
        0.31030232191085816,
        0.34623106598854064,
        0.39719671696424486,
        0.3454087933897972,
        0.3137818259000778,
        0.3190867209434509,
        0.30202343955636024,
        0.3088468357920647,
        0.33444416522979736,
        0.33347593635320666,
        0.30144954323768614,
        0.3042099887132645,
        0.30032264918088913,
        0.3136365884542465,
        0.2937934722006321,
        0.29087416708469394,
        0.30035546123981477
    ],
    "train_accs": [
        0.856133331656456,
        0.9067500005165736,
        0.9130833325783412,
        0.9161000005404154,
        0.9165833334128062,
        0.9181666674216589,
        0.9180500042438507,
        0.9188333354393641,
        0.9194333346684774,
        0.9190833338101705,
        0.9190000007549922,
        0.9196166674296061,
        0.9198500003417333,
        0.9218333357572556,
        0.9209833337863287,
        0.9219333364566167,
        0.921866668065389,
        0.921366669535637,
        0.9225833350419999,
        0.924200001358986,
        0.9244833342234293,
        0.924583335518837,
        0.9238833341995875,
        0.9213333362340927,
        0.9252000019947688,
        0.9265500022967657,
        0.905100001891454,
        0.8712833306193352,
        0.9099000002940496,
        0.9177499999602635,
        0.9211666691303253,
        0.9238000033299129,
        0.925933336019516,
        0.924916666150093,
        0.9246666683753332,
        0.9274333369731903,
        0.9248000021775563,
        0.9268333345651627,
        0.9266000002622604,
        0.9262166684865951,
        0.9278000007073085,
        0.9289000022411347,
        0.929266668955485,
        0.9286833355824152,
        0.9285000004371007,
        0.9280000005165736,
        0.9286666689316432,
        0.9305833345651626,
        0.9311166667938232,
        0.9308666680256525
    ],
    "test_accs": [
        0.9004999947547913,
        0.9180999958515167,
        0.9130999982357025,
        0.9166000056266784,
        0.9184000015258789,
        0.9205999982357025,
        0.9146999990940095,
        0.9180000007152558,
        0.914500002861023,
        0.9141000044345856,
        0.9161000001430512,
        0.9182000005245209,
        0.9165000009536743,
        0.9183000028133392,
        0.918199999332428,
        0.9163000023365021,
        0.9222000026702881,
        0.920699999332428,
        0.9214000058174133,
        0.9208000016212463,
        0.9214000046253205,
        0.9223000037670136,
        0.9224000024795532,
        0.9124000036716461,
        0.9178000032901764,
        0.9170000052452087,
        0.7057999992370605,
        0.8777000021934509,
        0.9072999966144562,
        0.9142000007629395,
        0.92,
        0.9165000033378601,
        0.9061000001430511,
        0.919500002861023,
        0.9207000017166138,
        0.907099996805191,
        0.9045000004768372,
        0.915,
        0.919099999666214,
        0.920699999332428,
        0.9204000043869018,
        0.9159000039100647,
        0.9168000006675721,
        0.9207000088691711,
        0.9171000027656555,
        0.9186000049114227,
        0.9138000035285949,
        0.9216000032424927,
        0.9222000026702881,
        0.9183000028133392
    ]
}