{
    "train_losses": [
        0.9267800242702167,
        0.5268072728315989,
        0.466244342426459,
        0.4282012197375298,
        0.4128847375512123,
        0.4055289450287819,
        0.39691139936447145,
        0.39419197708368303,
        0.3902997759481271,
        0.3857924893995126,
        0.38188752472400667,
        0.38192524820566176,
        0.3779080506165822,
        0.37740127806862195,
        0.37506516858935357,
        0.3728557924429576,
        0.3712772513429324,
        0.37172983954350153,
        0.37051015506188073,
        0.3692756137251854,
        0.36787478253245354,
        0.3686974101265271,
        0.3645790907740593,
        0.3644239556789398,
        0.36260129764676097,
        0.36452824567755066,
        0.3615618511537711,
        0.3615497327844302,
        0.3607386375963688,
        0.3605808523794015,
        0.36006585344672204,
        0.35828898097078005,
        0.35924361596504845,
        0.35818769032756487,
        0.3569586691260338,
        0.3561953095595042,
        0.3571149450540543,
        0.35655158425370853,
        0.35655983875195185,
        0.3559363183875879,
        0.35444251050551734,
        0.353914811561505,
        0.35415644854307177,
        0.3545965272188187,
        0.35224913284182546,
        0.3539919153849284,
        0.3538857668141524,
        0.3515115455289682,
        0.3523253932098548,
        0.35308621510863303
    ],
    "test_losses": [
        0.5667251825332642,
        0.5143268930912018,
        0.47678604066371916,
        0.4675642210245132,
        0.4685566657781601,
        0.4571149170398712,
        0.46742031872272494,
        0.4574472653865814,
        0.4631236869096756,
        0.4507290905714035,
        0.4574175363779068,
        0.459817391037941,
        0.45931569874286654,
        0.4574925458431244,
        0.4571102648973465,
        0.461782169342041,
        0.4741587519645691,
        0.45926505982875826,
        0.4735275262594223,
        0.4619164043664932,
        0.46858966171741484,
        0.48077435672283175,
        0.4609814614057541,
        0.46253917753696444,
        0.4656053519248962,
        0.46343089699745177,
        0.46432055175304415,
        0.46590300023555753,
        0.46865577876567843,
        0.4677103751897812,
        0.4686543172597885,
        0.4694506877660751,
        0.4663912969827652,
        0.4656300938129425,
        0.4698139446973801,
        0.47163650929927825,
        0.4740886014699936,
        0.47484143674373624,
        0.473277707695961,
        0.46866094768047334,
        0.4708402502536774,
        0.4705591666698456,
        0.47689714670181277,
        0.47561195492744446,
        0.4816881340742111,
        0.4747176891565323,
        0.47311223804950714,
        0.4799059510231018,
        0.4819373118877411,
        0.48961260825395586
    ],
    "train_accs": [
        0.719116667335232,
        0.8146333334843318,
        0.8384500012795131,
        0.850433336297671,
        0.8565666697422664,
        0.8581500017642975,
        0.8600500025351843,
        0.8607500032583872,
        0.8623500015338262,
        0.8638000005483627,
        0.8656666678190231,
        0.864849999944369,
        0.8667166678110758,
        0.8675000017881394,
        0.8684000011285146,
        0.8678000007073084,
        0.8678500010569891,
        0.867816667954127,
        0.8679666674137115,
        0.8689000010490417,
        0.8688833349943161,
        0.8684166689713796,
        0.8707166653871536,
        0.8699666670958202,
        0.8720999997854233,
        0.870183333158493,
        0.8721499995390574,
        0.8712166659037273,
        0.8709500016768773,
        0.8715166666110357,
        0.8715000007549921,
        0.8725833334525426,
        0.8720333341757457,
        0.8729999987284343,
        0.8722499998410543,
        0.8735999993483226,
        0.8733333327372869,
        0.8728333320220312,
        0.8733500007788341,
        0.874266664981842,
        0.873666665951411,
        0.8739666670560837,
        0.8741000004609426,
        0.8741833331187566,
        0.8751833329598109,
        0.8736833335955938,
        0.8745833343267441,
        0.8761999992529551,
        0.8752833332618077,
        0.8745833337306976
    ],
    "test_accs": [
        0.798400000333786,
        0.8266999959945679,
        0.8345999979972839,
        0.8341000008583069,
        0.8366999995708465,
        0.8381000006198883,
        0.8368999993801117,
        0.8382000005245209,
        0.8378999984264374,
        0.8405999994277954,
        0.8396000027656555,
        0.8379000043869018,
        0.8387000000476837,
        0.8391000080108643,
        0.8406000018119812,
        0.8371000027656555,
        0.8330999970436096,
        0.8404000008106232,
        0.8348000013828277,
        0.838800003528595,
        0.8386999976634979,
        0.829500002861023,
        0.8393000018596649,
        0.8393000018596649,
        0.8393999993801117,
        0.8394000005722045,
        0.8385999953746796,
        0.8399000036716461,
        0.8381000030040741,
        0.8382000017166138,
        0.8381000006198883,
        0.8380999970436096,
        0.838199999332428,
        0.8388999950885773,
        0.8373000001907349,
        0.8381000006198883,
        0.839799998998642,
        0.8353000009059905,
        0.8387000000476837,
        0.8371999979019165,
        0.8397000002861023,
        0.8370000040531158,
        0.83450000166893,
        0.8367000007629395,
        0.8338000011444092,
        0.8359999978542327,
        0.8366000044345856,
        0.836000006198883,
        0.8341000008583069,
        0.8274000012874603
    ]
}