{
    "train_losses": [
        0.40561144640048347,
        0.3006487837433815,
        0.288368155558904,
        0.2805930332591136,
        0.27490038389960925,
        0.2699674042314291,
        0.2648751504719257,
        0.2621885538846254,
        0.2585838483770688,
        0.25574770748615266,
        0.25346571795642375,
        0.2523559871067603,
        0.24988437307377656,
        0.24936953003207843,
        0.24673829262455305,
        0.24635300114750863,
        0.2460724741220474,
        0.24505911027391752,
        0.24336345272759596,
        0.24232553884387018,
        0.24308879973987738,
        0.24005869328975676,
        0.2394914383192857,
        0.23963012176255385,
        0.23899772425492605,
        0.23835320100188256,
        0.2374334571013848,
        0.2383504137893518,
        0.23699489047129949,
        0.23630277718106907,
        0.23579865763584773,
        0.23536759041249752,
        0.23499773780504862,
        0.2342472114910682,
        0.23354709327220916,
        0.23344971095522246,
        0.2335125055909157,
        0.23234706781804562,
        0.23287786150972048,
        0.2326048914094766,
        0.23200496315956115,
        0.23169175401329994,
        0.23151355780661106,
        0.23057681913177172,
        0.2301009292403857,
        0.23070844426751136,
        0.22971061418453853,
        0.2290520659337441,
        0.23037818578382332,
        0.22912594934304556
    ],
    "test_losses": [
        0.2990104442834854,
        0.28629992544651034,
        0.2781976494193077,
        0.28724006593227386,
        0.2869004026055336,
        0.28215991765260695,
        0.280756995677948,
        0.28310252755880355,
        0.28089436680078506,
        0.27579642087221146,
        0.28913900166749956,
        0.2803556916117668,
        0.28907532602548597,
        0.28383883088827133,
        0.2805723297595978,
        0.289414772093296,
        0.2847534069418907,
        0.28650254756212234,
        0.28178137362003325,
        0.2874246829748154,
        0.2905795788764954,
        0.2853142011165619,
        0.28981312304735185,
        0.2939381214976311,
        0.2902993068099022,
        0.2928666487336159,
        0.2890935231745243,
        0.2898325389623642,
        0.289368172287941,
        0.2909946522116661,
        0.29205206483602525,
        0.2952044911682606,
        0.2922413641214371,
        0.29510401338338854,
        0.28764704436063765,
        0.2923676982522011,
        0.2865738132596016,
        0.2931060236692429,
        0.3002438375353813,
        0.29682774662971495,
        0.29272137075662613,
        0.2922577340900898,
        0.29225159764289854,
        0.2923008143901825,
        0.2958944547176361,
        0.2934357479214668,
        0.2944910416007042,
        0.29235161662101744,
        0.29265047013759615,
        0.2949671074748039
    ],
    "train_accs": [
        0.8820499995971719,
        0.9143000016609828,
        0.9192500032981237,
        0.9207166695594787,
        0.9232833365599314,
        0.9244000013669332,
        0.9251500030358633,
        0.9260500005880992,
        0.9281166692574819,
        0.9282666685183844,
        0.9298000017801921,
        0.9289333347479503,
        0.9290666677554449,
        0.930683334072431,
        0.9297833347320557,
        0.9307833355665207,
        0.9308333335320155,
        0.9312000000476837,
        0.9308333343267441,
        0.9321333352724711,
        0.9312666694323222,
        0.9320833341280619,
        0.9325833342472712,
        0.9326833337545395,
        0.9322333353757858,
        0.9325666675964991,
        0.9328166675567627,
        0.9324333343903224,
        0.9337333339452744,
        0.9340000003576279,
        0.9327000008026759,
        0.933983332713445,
        0.9335166670878728,
        0.9336833328008651,
        0.9346500005324682,
        0.9346333334843318,
        0.933849999109904,
        0.9352499989668528,
        0.933916666706403,
        0.9335000026226044,
        0.9347999999920528,
        0.9351166679461798,
        0.9352499993642172,
        0.9342500009139378,
        0.9346333324909211,
        0.9349333337942759,
        0.9340166664123535,
        0.9354499997695287,
        0.9344666663805644,
        0.9351666671037674
    ],
    "test_accs": [
        0.9127000021934509,
        0.9236000049114227,
        0.9239999997615814,
        0.9212000036239624,
        0.9172000050544739,
        0.921100001335144,
        0.9214000022411346,
        0.922800006866455,
        0.9242000007629394,
        0.9245000040531158,
        0.9213000071048737,
        0.9239000022411347,
        0.9197000014781952,
        0.9230000054836274,
        0.9248000001907348,
        0.9205000030994416,
        0.9238000023365021,
        0.9215000009536743,
        0.9240000021457672,
        0.9217000043392182,
        0.9226000010967255,
        0.9243000018596649,
        0.9225999987125397,
        0.9191000056266785,
        0.9229000031948089,
        0.9205000066757202,
        0.9248999989032746,
        0.9223000037670136,
        0.9244000041484832,
        0.9216000008583068,
        0.9226000010967255,
        0.9209000015258789,
        0.9236999988555908,
        0.9206000018119812,
        0.9243000018596649,
        0.9229999995231628,
        0.9233000040054321,
        0.9220000004768372,
        0.9242000007629394,
        0.9204000043869018,
        0.9208999991416931,
        0.9235000038146972,
        0.9224000000953674,
        0.9241000020503998,
        0.9201999986171723,
        0.9224999988079071,
        0.9245000016689301,
        0.9237000036239624,
        0.9217999982833862,
        0.9224000012874604
    ]
}