{
    "train_losses": [
        0.6571173337101937,
        0.4808016656835874,
        0.44061107049385706,
        0.4225216652949651,
        0.4130577704310417,
        0.40667397777239483,
        0.4028014380733172,
        0.3986682588855425,
        0.39312127421299614,
        0.3900731896360715,
        0.3856645119190216,
        0.38369442785779634,
        0.38260035728414854,
        0.3806168669462204,
        0.37748098820447923,
        0.37659890999396645,
        0.374007437179486,
        0.37220498820145925,
        0.37150951867302257,
        0.3704456280171871,
        0.3696424977481365,
        0.3685633268455664,
        0.36881376067797345,
        0.36768633375565213,
        0.36600645408034327,
        0.36506754502654076,
        0.3637219223876794,
        0.3647087718049685,
        0.36282290269931156,
        0.36104524224996565,
        0.3611134397983551,
        0.360102482487758,
        0.36059839521845183,
        0.3595491783320904,
        0.3589826623102029,
        0.3591625767449538,
        0.35804951334993046,
        0.3563372159997622,
        0.3564158842464288,
        0.35623195141553876,
        0.35714353501796725,
        0.3554024540881316,
        0.355670458873113,
        0.3549243544538816,
        0.3546629799405734,
        0.3542488790055116,
        0.3539275139570236,
        0.3539568828543027,
        0.3528858676056067,
        0.352584245155255
    ],
    "test_losses": [
        0.550050539970398,
        0.4757930994033813,
        0.46753427386283875,
        0.46685448110103606,
        0.45199080526828767,
        0.45716105759143827,
        0.4631857091188431,
        0.455662602186203,
        0.4557887876033783,
        0.4488737553358078,
        0.46001044154167176,
        0.4518378466367722,
        0.4650449436903,
        0.458418972492218,
        0.467691553235054,
        0.4564075994491577,
        0.4694540202617645,
        0.45727753698825835,
        0.4570357942581177,
        0.4536136251688003,
        0.45650996148586276,
        0.46014047622680665,
        0.4606077235937118,
        0.4665178382396698,
        0.4750032538175583,
        0.45709239184856415,
        0.4672173082828522,
        0.4608170431852341,
        0.4611166208982468,
        0.4658001780509949,
        0.4678317826986313,
        0.4723487663269043,
        0.466279639005661,
        0.4769921851158142,
        0.46331718027591706,
        0.46091539919376373,
        0.4658035129308701,
        0.4718703782558441,
        0.4631611007452011,
        0.471270712018013,
        0.4686660146713257,
        0.47157820641994475,
        0.4732743471860886,
        0.46968515574932096,
        0.4694609123468399,
        0.46642288744449617,
        0.46973068356513975,
        0.4726294755935669,
        0.471670588850975,
        0.47444868683815
    ],
    "train_accs": [
        0.7705333344141643,
        0.8331500021616618,
        0.846333335240682,
        0.8519000021616617,
        0.8568666704495748,
        0.8578000013033549,
        0.8591166677077612,
        0.8595333357652029,
        0.862200001080831,
        0.8629833350578944,
        0.8647166693210602,
        0.8656000010172527,
        0.8663666679461797,
        0.8659333342313766,
        0.8654166658719381,
        0.8675333335002263,
        0.8670999999841055,
        0.8682000009218852,
        0.8682666669289271,
        0.8681833348671595,
        0.8686500010887782,
        0.8694333336750666,
        0.869366669456164,
        0.8694666669766108,
        0.8705500018596649,
        0.8700500013430913,
        0.8708333311478297,
        0.8704333333174388,
        0.8711166673898697,
        0.8715166650215784,
        0.8721333336830139,
        0.8717500013113022,
        0.8723333319028218,
        0.8723833346366883,
        0.8737499996026357,
        0.8722500004371008,
        0.8734833325942357,
        0.8734666675329208,
        0.8743000000715255,
        0.8729833330710729,
        0.8732000013192495,
        0.8742166660229365,
        0.8742000003655751,
        0.8734333342313767,
        0.8739166657129923,
        0.8750499983628591,
        0.8744833346207936,
        0.8743000000715255,
        0.8737666664520899,
        0.8751833333571752
    ],
    "test_accs": [
        0.8010999977588653,
        0.8330000030994416,
        0.836300002336502,
        0.8339999997615815,
        0.8397000026702881,
        0.8371000003814697,
        0.8354000055789947,
        0.8374000024795533,
        0.8382999968528747,
        0.8417999970912934,
        0.8375000023841858,
        0.8394000017642975,
        0.8372000014781952,
        0.8395000004768371,
        0.8366999995708465,
        0.8406000018119812,
        0.8364000022411346,
        0.8417000019550324,
        0.8396000027656555,
        0.8418999981880187,
        0.8408000016212464,
        0.8391000032424927,
        0.839099999666214,
        0.8366000032424927,
        0.8325999999046325,
        0.840200001001358,
        0.838400000333786,
        0.8391000020503998,
        0.8377999973297119,
        0.8373000001907349,
        0.8326000010967255,
        0.8358000016212463,
        0.84,
        0.8337999987602234,
        0.8414000022411346,
        0.8412000000476837,
        0.8361999988555908,
        0.8382000017166138,
        0.8407000041007996,
        0.8343999981880188,
        0.8381000006198883,
        0.8337999987602234,
        0.8387999963760376,
        0.8390000021457672,
        0.8401999998092652,
        0.8381999981403351,
        0.8366000020503997,
        0.8364999985694885,
        0.836599999666214,
        0.8365999984741211
    ]
}