{
    "train_losses": [
        0.6052690548698108,
        0.3367925556004047,
        0.30686383550365764,
        0.2923583901921908,
        0.284446956863006,
        0.2771776419878006,
        0.27301526683072247,
        0.2653663720438878,
        0.2642939888934294,
        0.2597121568520864,
        0.2561848723143339,
        0.2544374923904737,
        0.2521446284155051,
        0.2485113408168157,
        0.2482124595840772,
        0.2468040170520544,
        0.24487664009133975,
        0.24413550272583961,
        0.24281716677049794,
        0.24150251465539138,
        0.2412149957070748,
        0.23930463718871275,
        0.23758840012053647,
        0.23784231796860694,
        0.23718009675542515,
        0.2359063795953989,
        0.2358318548152844,
        0.23464692135651907,
        0.2351502694437901,
        0.23467765589555104,
        0.23425614344576995,
        0.23310096743206182,
        0.23184209391474725,
        0.23210655783613524,
        0.23121350278457006,
        0.23092202273507914,
        0.23136627222100895,
        0.2298137754946947,
        0.2302002996702989,
        0.22977342958251634,
        0.23064547670384247,
        0.22957092665135861,
        0.22777252254386743,
        0.22909920647740364,
        0.2278635893513759,
        0.22812933939198654,
        0.22819965486725172,
        0.22707673639059067,
        0.226334048807621,
        0.22701432858904202
    ],
    "test_losses": [
        0.3297935679554939,
        0.3566960701346397,
        0.28193132251501085,
        0.2788900947570801,
        0.28259790599346163,
        0.27366561263799666,
        0.27074193239212035,
        0.2783155405521393,
        0.2751913833618164,
        0.28293189615011216,
        0.27647815585136415,
        0.28439930349588394,
        0.283757247030735,
        0.2796457263827324,
        0.28206023424863813,
        0.28102800726890564,
        0.2796845522522926,
        0.281228549182415,
        0.28635541677474974,
        0.28247707188129423,
        0.2831264242529869,
        0.29044841140508654,
        0.28953294426202775,
        0.2946095183491707,
        0.28945326030254365,
        0.2931160154938698,
        0.28483943730592726,
        0.2893407887220383,
        0.2841390910744667,
        0.2878370466828346,
        0.2847232401371002,
        0.28932545393705367,
        0.28661089181900024,
        0.2917088022828102,
        0.292595841884613,
        0.29131061673164366,
        0.29109575480222705,
        0.2893138465285301,
        0.29319580167531967,
        0.2949791580438614,
        0.2912725883722305,
        0.2899847853183746,
        0.2901949241757393,
        0.2900572842359543,
        0.2932829275727272,
        0.2934075742959976,
        0.29378687143325805,
        0.294597452878952,
        0.2981889700889587,
        0.2882436388731003
    ],
    "train_accs": [
        0.8313499970982472,
        0.902249998052915,
        0.9118333337704341,
        0.9172999995946884,
        0.9199333347876867,
        0.9217666667699814,
        0.9236166683832804,
        0.9261666695276897,
        0.9255166693528494,
        0.9261500022808711,
        0.9279666674137116,
        0.927650002638499,
        0.929233334461848,
        0.9294500013192495,
        0.9306500005722046,
        0.9302333333094914,
        0.931133334239324,
        0.9315000013510386,
        0.9314333339532216,
        0.9323666671911875,
        0.9313000025351842,
        0.9319666675726572,
        0.9335666664441427,
        0.9326500002543131,
        0.9327333337068557,
        0.9334333328406016,
        0.9336166661977768,
        0.9336166673898697,
        0.9335166662931442,
        0.9340666665633519,
        0.9336999972661336,
        0.9344333340724309,
        0.9342166672150294,
        0.9333833340803782,
        0.9353833325703939,
        0.934816666841507,
        0.9346166668335597,
        0.934849998553594,
        0.9346000001827875,
        0.9350333331028621,
        0.9349999998013179,
        0.9353666655222574,
        0.9356666664282481,
        0.9353666657209396,
        0.9358500003814697,
        0.9356833326816559,
        0.9350499993562699,
        0.9357333336273829,
        0.9358166666825612,
        0.9359333338340123
    ],
    "test_accs": [
        0.9054000008106232,
        0.8909999966621399,
        0.9228000009059906,
        0.9205000019073486,
        0.9188000035285949,
        0.9222000026702881,
        0.9244000041484832,
        0.9201000034809113,
        0.9235000038146972,
        0.9238000011444092,
        0.9244000005722046,
        0.9198000037670135,
        0.9195000004768371,
        0.9226000046730042,
        0.9237999999523163,
        0.9243000042438507,
        0.9261000001430512,
        0.9238000023365021,
        0.9235000038146972,
        0.9226000022888183,
        0.9254000020027161,
        0.9194000053405762,
        0.9238000035285949,
        0.9218000018596649,
        0.9218000030517578,
        0.9225000023841858,
        0.9233000040054321,
        0.9230000054836274,
        0.9227000021934509,
        0.9251000010967254,
        0.9247000026702881,
        0.9252999997138978,
        0.9232000029087066,
        0.923699997663498,
        0.922900002002716,
        0.9234000039100647,
        0.9236000013351441,
        0.9237000012397766,
        0.9217000007629395,
        0.9231000030040741,
        0.923100004196167,
        0.925400003194809,
        0.9224000036716461,
        0.9240000033378601,
        0.9237000036239624,
        0.9224999988079071,
        0.9259000027179718,
        0.9239999997615814,
        0.9221000015735626,
        0.9257000029087067
    ]
}