{
    "train_losses": [
        0.41055438985427223,
        0.3020431514084339,
        0.2902566819389661,
        0.2810837762802839,
        0.275326101432244,
        0.27049254164099695,
        0.26662521238128345,
        0.26396486786504586,
        0.2597693774352471,
        0.25832295276224615,
        0.2538786882162094,
        0.25272051033874354,
        0.25067256843050323,
        0.24932688797513644,
        0.24813686939577262,
        0.2468362931907177,
        0.2454400089631478,
        0.24426959939301013,
        0.24524476235111556,
        0.24175319276750087,
        0.2413379210482041,
        0.24150345243513585,
        0.2398672607044379,
        0.23863469543556373,
        0.23728146282335122,
        0.23772908113896846,
        0.23845937905212244,
        0.23771464745203655,
        0.23570437029004096,
        0.2359241951505343,
        0.23558231621980666,
        0.2354272609204054,
        0.2351152269542217,
        0.2342878551532825,
        0.23303942419588566,
        0.23322030579050382,
        0.23278055600821973,
        0.23255722219745317,
        0.2321042650938034,
        0.23151569498082003,
        0.2322111956278483,
        0.2313498611499866,
        0.22997679596145948,
        0.2307022342334191,
        0.23035119963188966,
        0.22945574161907037,
        0.23037887608011565,
        0.22900729313492774,
        0.23002977853020032,
        0.2295812612771988
    ],
    "test_losses": [
        0.29264513731002806,
        0.2893215358257294,
        0.2932560694217682,
        0.2800589284300804,
        0.2747953712940216,
        0.2768882969021797,
        0.28288892209529876,
        0.28517050892114637,
        0.2762643787264824,
        0.27705692142248156,
        0.2779750669002533,
        0.28144099295139313,
        0.2857802495360374,
        0.286893795132637,
        0.2854429978132248,
        0.2936752638220787,
        0.2910943129658699,
        0.2835658279061317,
        0.2824061697721481,
        0.2856681929528713,
        0.2899394080042839,
        0.28750161856412887,
        0.2919644483923912,
        0.2886224311590195,
        0.29081841200590136,
        0.29098188906908035,
        0.28489322900772096,
        0.28537447929382326,
        0.2917559385299683,
        0.2906790864467621,
        0.29209421306848526,
        0.2932597231864929,
        0.29020653158426285,
        0.28837435573339465,
        0.28723045825958254,
        0.29221880301833153,
        0.288784382045269,
        0.2942138007283211,
        0.29105767130851745,
        0.2966260227560997,
        0.2973662954568863,
        0.2922885924577713,
        0.2905171957612038,
        0.29046515613794327,
        0.29595344126224515,
        0.29774017006158826,
        0.2969066521525383,
        0.2923638102412224,
        0.29711501076817515,
        0.29606135964393615
    ],
    "train_accs": [
        0.8800499972825249,
        0.9147333347797394,
        0.9180500040451686,
        0.9213500026861826,
        0.9232500030597051,
        0.9242333336671193,
        0.9253833349545797,
        0.9258500023682912,
        0.926900002360344,
        0.9279500011603038,
        0.9295333329836527,
        0.9295500014225642,
        0.9295333345731099,
        0.9296166682243348,
        0.9304500011603037,
        0.9312500007947286,
        0.9316833359003067,
        0.9317500001192093,
        0.9311666679382324,
        0.9309333342313767,
        0.9323166674375534,
        0.9309333344300588,
        0.9323833336432775,
        0.9325833334525426,
        0.9337833348910014,
        0.933649999499321,
        0.9316666666666666,
        0.9330166683594385,
        0.933800000945727,
        0.9333166682720184,
        0.9340500009059906,
        0.9329833338658015,
        0.9334333330392838,
        0.93400000055631,
        0.934350000222524,
        0.9345000012715657,
        0.9339833333094915,
        0.9344666663805644,
        0.9351666673024496,
        0.9343666668732961,
        0.9350666658083597,
        0.9345833339293798,
        0.9354333327213923,
        0.9351999990145365,
        0.9349333324035008,
        0.9352499999602636,
        0.9353666667143504,
        0.9354999997218449,
        0.9351333328088125,
        0.9347833345333735
    ],
    "test_accs": [
        0.9182000017166138,
        0.9167999994754791,
        0.9146999979019165,
        0.9228999984264373,
        0.9247000038623809,
        0.9239000010490418,
        0.9210000014305115,
        0.9201000034809113,
        0.9224000024795532,
        0.9264000022411346,
        0.9242000031471252,
        0.9222000014781951,
        0.9197000038623809,
        0.9236000013351441,
        0.9235000038146972,
        0.9225000011920929,
        0.9249000012874603,
        0.9251000034809113,
        0.9244000005722046,
        0.9241000056266785,
        0.921700005531311,
        0.9246000015735626,
        0.9219999992847443,
        0.923199999332428,
        0.9221000027656555,
        0.9226000022888183,
        0.9243000030517579,
        0.9243000066280365,
        0.9246000027656556,
        0.922299998998642,
        0.9251000010967254,
        0.9213999998569489,
        0.9227000010013581,
        0.921599999666214,
        0.9240000057220459,
        0.9204000008106231,
        0.9244000005722046,
        0.9208000063896179,
        0.9220000004768372,
        0.9230000007152558,
        0.923100004196167,
        0.9220000040531159,
        0.9247000026702881,
        0.9234000027179718,
        0.9228000044822693,
        0.9227000021934509,
        0.9237000024318696,
        0.9208999991416931,
        0.9203000044822693,
        0.9207000052928924
    ]
}