{
    "train_losses": [
        0.6742192022999127,
        0.49292804559071857,
        0.45154771834611895,
        0.42697316701213517,
        0.41380908121665316,
        0.40473146686951317,
        0.3993038094540437,
        0.39585940817991894,
        0.3889594189822674,
        0.38764134407043455,
        0.38318058585127196,
        0.3813370156288147,
        0.3807999748488267,
        0.3776411719620228,
        0.3738101308544477,
        0.373645994613568,
        0.3723091415564219,
        0.3713207500179609,
        0.37094889630874,
        0.36999049996336303,
        0.367469895730416,
        0.3681638998786608,
        0.3655513504644235,
        0.36619330222407975,
        0.36487624620397885,
        0.36413661991556484,
        0.364184647500515,
        0.36162903691331544,
        0.363151439478,
        0.36052973970770835,
        0.3604750814537207,
        0.35971768230199813,
        0.35884279598792396,
        0.3585180016855399,
        0.35869591976205506,
        0.35863318145275114,
        0.35650958398977917,
        0.35735649595657987,
        0.3556829227010409,
        0.3560115844508012,
        0.35562593922019003,
        0.35560743749141693,
        0.35380064338445666,
        0.35451032102108004,
        0.3540720820426941,
        0.3549311357239882,
        0.35235720440745355,
        0.35260282004872956,
        0.3523209358751774,
        0.352144202987353
    ],
    "test_losses": [
        0.5281355136632919,
        0.5117623007297516,
        0.47379151225090027,
        0.46216220378875733,
        0.4700865787267685,
        0.4621987134218216,
        0.4559230744838715,
        0.46607727646827696,
        0.45213400781154633,
        0.45862680196762085,
        0.4523176193237305,
        0.46423221707344053,
        0.4619452255964279,
        0.45490862846374513,
        0.46095298290252684,
        0.45765156745910646,
        0.4586513513326645,
        0.46472605705261233,
        0.46033274531364443,
        0.46077381491661074,
        0.46820212543010714,
        0.4694122982025146,
        0.46741710662841796,
        0.461262401342392,
        0.4638717365264893,
        0.4589702498912811,
        0.46938500583171844,
        0.4608530306816101,
        0.4651533818244934,
        0.47536751091480256,
        0.4629825896024704,
        0.470279803276062,
        0.4686457979679108,
        0.4727844786643982,
        0.465086487531662,
        0.46379480600357054,
        0.46822392821311953,
        0.4660004675388336,
        0.4734260869026184,
        0.46394696056842805,
        0.4784637063741684,
        0.4681148475408554,
        0.47414933443069457,
        0.4730797246098518,
        0.4711264258623123,
        0.4666932612657547,
        0.4720682919025421,
        0.4747525906562805,
        0.471340908408165,
        0.4738243842124939
    ],
    "train_accs": [
        0.7660833341628313,
        0.8275999995072683,
        0.8437500019868215,
        0.8511166679859161,
        0.8555166685581207,
        0.858433336019516,
        0.8600166692336401,
        0.8615666677554449,
        0.8627833358446757,
        0.863933334350586,
        0.8650499997536342,
        0.8661333338419597,
        0.8650500003496806,
        0.8656500017642975,
        0.8681333335240682,
        0.8682666693131129,
        0.8685500011841456,
        0.8694333346684774,
        0.8684166669845581,
        0.869299999276797,
        0.8698666693766912,
        0.8689166671037674,
        0.8712166655063629,
        0.8698333340883255,
        0.8718333339691162,
        0.8693833351135254,
        0.8711000003417333,
        0.8719333344697953,
        0.8716666692495346,
        0.8719000009695689,
        0.8718833339214325,
        0.8733833354711532,
        0.8726833329598109,
        0.8718333319822947,
        0.8725499997536341,
        0.8738499997059505,
        0.8733833330869675,
        0.8730666669209798,
        0.8734000007311503,
        0.8736833333969116,
        0.8733666674296061,
        0.8737999999523163,
        0.8742333346605301,
        0.874149999221166,
        0.8741333325703938,
        0.8741499994198482,
        0.8746666665871938,
        0.8746333322922388,
        0.8745833325386048,
        0.8751166659593582
    ],
    "test_accs": [
        0.8117000019550323,
        0.8269999992847442,
        0.8350999999046326,
        0.8387999999523162,
        0.8378999984264374,
        0.8356999981403351,
        0.8416000008583069,
        0.8375999999046325,
        0.8394999992847443,
        0.8389000046253204,
        0.8408000040054321,
        0.8328999996185302,
        0.8366999995708465,
        0.8416000020503998,
        0.8367999982833862,
        0.841800001859665,
        0.8420000040531158,
        0.8348000013828277,
        0.8398000049591064,
        0.8369999969005585,
        0.8362999987602234,
        0.8374000000953674,
        0.8364000022411346,
        0.8391999971866607,
        0.8397999954223633,
        0.8393999993801117,
        0.834300000667572,
        0.8362999987602234,
        0.8361000049114228,
        0.8333999991416932,
        0.8403000020980835,
        0.8372999978065491,
        0.8344000029563904,
        0.8369000029563903,
        0.8376000010967255,
        0.8382000029087067,
        0.8387000000476837,
        0.8381000030040741,
        0.8385000014305115,
        0.840900001525879,
        0.833699996471405,
        0.8384000039100648,
        0.8376000010967255,
        0.8359000039100647,
        0.8343000042438508,
        0.8367000019550324,
        0.836500004529953,
        0.839099999666214,
        0.8350999975204467,
        0.8356999957561493
    ]
}