{
    "train_losses": [
        0.5233808611830075,
        0.4324538176258405,
        0.413090837597847,
        0.40420235017935435,
        0.39861656655867894,
        0.3910326786835988,
        0.3878611139456431,
        0.38530276507139205,
        0.380267742673556,
        0.379909321864446,
        0.3756047891577085,
        0.3767323535680771,
        0.3749999069174131,
        0.37178911015391347,
        0.36996665264169376,
        0.36856023510297137,
        0.3676140421132247,
        0.3673487966756026,
        0.3660306060810884,
        0.36610433280467986,
        0.3646889932950338,
        0.36403353000680605,
        0.36129543647170065,
        0.36235719442367553,
        0.3605908530453841,
        0.3612248493731022,
        0.35943252086639405,
        0.35908514107267064,
        0.3593029600381851,
        0.35782395750284196,
        0.3583919863899549,
        0.35733233685294785,
        0.3569012352824211,
        0.3553472982347012,
        0.3561079677939415,
        0.3556960229078929,
        0.35505326534310977,
        0.35443037683765094,
        0.35290272350112595,
        0.35293666114409766,
        0.3534015094737212,
        0.3522286581993103,
        0.353598971615235,
        0.3520504063864549,
        0.352271671940883,
        0.3511641215781371,
        0.352176670730114,
        0.35120979890227316,
        0.3513136572142442,
        0.3501837472617626
    ],
    "test_losses": [
        0.474945467710495,
        0.4516622394323349,
        0.45482351422309875,
        0.4592452198266983,
        0.46005179643630983,
        0.4627504128217697,
        0.455543674826622,
        0.46722975552082063,
        0.461566213965416,
        0.45512380957603454,
        0.46215266406536104,
        0.46426874458789824,
        0.45866324722766877,
        0.461772957444191,
        0.4651267498731613,
        0.4605720454454422,
        0.4668073868751526,
        0.468967570066452,
        0.4704353815317154,
        0.4661305296421051,
        0.4611508244276047,
        0.4618904781341553,
        0.46842179000377654,
        0.46693277537822725,
        0.4649526661634445,
        0.4616253000497818,
        0.4708757799863815,
        0.4650308728218079,
        0.4686932224035263,
        0.46710972547531127,
        0.4648913687467575,
        0.46784229815006256,
        0.46271399557590487,
        0.46808998465538026,
        0.4769502031803131,
        0.47126560032367704,
        0.4673550766706467,
        0.46861046433448794,
        0.47480298280715943,
        0.47902804374694824,
        0.4683074605464935,
        0.4748740768432617,
        0.4738693803548813,
        0.47065774381160735,
        0.4725476437807083,
        0.47324751436710355,
        0.47422551214694975,
        0.4752249312400818,
        0.470694762468338,
        0.4778031986951828
    ],
    "train_accs": [
        0.819133333551387,
        0.8508666670322418,
        0.8562000022331874,
        0.8595500008265178,
        0.8615666687488556,
        0.8637333351373673,
        0.8646166692177455,
        0.8644333324829737,
        0.8661500016848246,
        0.8671000005801519,
        0.8678666675090789,
        0.867616668343544,
        0.8682833339770635,
        0.8693833329280217,
        0.8690000011523564,
        0.8698500005404154,
        0.8706166660785675,
        0.8694833332300186,
        0.8700166674455007,
        0.8715166674057643,
        0.8710666680335999,
        0.8703500002622604,
        0.8718333349625269,
        0.8725999997059504,
        0.8725666660070419,
        0.8722000002861023,
        0.8722666662931442,
        0.8737333319584528,
        0.871683334906896,
        0.8734666669368744,
        0.8727666680018107,
        0.8734666663408279,
        0.8737166651089986,
        0.8742833324273427,
        0.87400000055631,
        0.8740333316723505,
        0.8741000004609426,
        0.874166667064031,
        0.8755666651328404,
        0.874183330933253,
        0.87349999944369,
        0.8733166672786077,
        0.8749166659514109,
        0.8744499985376993,
        0.8755499990781148,
        0.8754833328723908,
        0.8751999992132187,
        0.8755833331743876,
        0.8755333340167999,
        0.8761166661977768
    ],
    "test_accs": [
        0.8356000018119812,
        0.8408000040054321,
        0.84,
        0.8378999984264374,
        0.8358000004291535,
        0.8359000039100647,
        0.8401999986171722,
        0.8353999984264374,
        0.8346000039577484,
        0.8433000016212463,
        0.8378999984264374,
        0.8387000012397766,
        0.8419000041484833,
        0.8393999993801117,
        0.8388000011444092,
        0.8387999999523162,
        0.8377999985218048,
        0.8356000030040741,
        0.835900000333786,
        0.8388999998569489,
        0.8397000014781952,
        0.8393999993801117,
        0.8379000043869018,
        0.8399000000953675,
        0.8399999988079071,
        0.8385999989509583,
        0.8384999978542328,
        0.8413000071048736,
        0.8384000015258789,
        0.8387000012397766,
        0.8389000022411346,
        0.8393999993801117,
        0.8391999983787537,
        0.8395999991893768,
        0.8376000022888184,
        0.838199999332428,
        0.8382999968528747,
        0.8385000014305115,
        0.8350000011920929,
        0.8329000043869018,
        0.8382000017166138,
        0.8381000006198883,
        0.8378999984264374,
        0.8403000068664551,
        0.8365999960899353,
        0.837099997997284,
        0.8371000039577484,
        0.8362000012397766,
        0.8401000046730042,
        0.8366999995708465
    ]
}