{
    "train_losses": [
        1.7955346689224243,
        1.7189096484184265,
        1.695789478778839,
        1.6814555263519286,
        1.6694500045776368,
        1.6568475093841553,
        1.6490961833000184,
        1.640949667930603,
        1.6319738388061524,
        1.6254084696769715,
        1.6182274317741394,
        1.6135357599258422,
        1.6085551114082337,
        1.6015146985054016,
        1.5979604573249817,
        1.5932258219718933,
        1.590175139427185,
        1.584727165222168,
        1.5805488634109497,
        1.5763175749778748,
        1.5742928500175477,
        1.5707233910560607,
        1.565698477268219,
        1.563225914955139,
        1.5598477754592897,
        1.558552921772003,
        1.5523765659332276,
        1.5504799275398253,
        1.5461349601745606,
        1.543339859008789,
        1.541472723007202,
        1.5379707651138306,
        1.5362128763198852,
        1.5340506482124328,
        1.52974831867218,
        1.5280437941551208,
        1.5261006617546082,
        1.523323082923889,
        1.5223108558654785,
        1.5186770396232605,
        1.5164835963249206,
        1.5153588657379151,
        1.5137485947608948,
        1.5104260387420654,
        1.5085760817527771,
        1.505944468021393,
        1.504873501777649,
        1.502621892929077,
        1.5011482887268066,
        1.499836844444275
    ],
    "test_losses": [
        1.752033622264862,
        1.7199260473251343,
        1.7265221548080445,
        1.7328997659683227,
        1.742700617313385,
        1.730045428276062,
        1.7396820282936096,
        1.7535479497909545,
        1.757111473083496,
        1.7561057901382446,
        1.7623767280578613,
        1.7700025057792663,
        1.769531500339508,
        1.770355260372162,
        1.7832301688194274,
        1.7852876472473145,
        1.7875425171852113,
        1.7898479413986206,
        1.7925932145118713,
        1.797582266330719,
        1.8024131512641908,
        1.8081602454185486,
        1.8147661018371581,
        1.8140884470939636,
        1.8180044436454772,
        1.8125088357925414,
        1.822311429977417,
        1.826735668182373,
        1.8319087958335876,
        1.8318804287910462,
        1.83936096906662,
        1.8426843357086182,
        1.8479765629768372,
        1.8487796521186828,
        1.8518760418891906,
        1.855213875770569,
        1.8569575238227845,
        1.8576928424835204,
        1.858580231666565,
        1.8658899474143982,
        1.8732897186279296,
        1.8756422424316406,
        1.8818247985839844,
        1.8847739124298095,
        1.8857525515556335,
        1.8878153371810913,
        1.8894835329055786,
        1.891143033504486,
        1.8909076428413392,
        1.8946871399879455
    ],
    "train_accs": [
        0.3792600004374981,
        0.4136599996089935,
        0.42289999961853025,
        0.42774000024795533,
        0.4336600003242493,
        0.4363999997377396,
        0.43854000067710874,
        0.4415599994659424,
        0.44575999915599823,
        0.44779999923706054,
        0.4498400001525879,
        0.4503999991416931,
        0.4505199990272522,
        0.45397999966144564,
        0.45657999992370607,
        0.45767999935150144,
        0.46003999984264377,
        0.46027999818325044,
        0.4614200001955032,
        0.4630000001192093,
        0.4629599995613098,
        0.4657599993944168,
        0.4661799997091293,
        0.4669400001764297,
        0.4676799988746643,
        0.46830000042915343,
        0.471939999461174,
        0.4708600001335144,
        0.4721999989748001,
        0.47410000014305115,
        0.4737000000476837,
        0.4762799993753433,
        0.4769199981689453,
        0.4766200000047684,
        0.4772799993753433,
        0.4792199995517731,
        0.4800399988889694,
        0.48045999896526337,
        0.48045999920368193,
        0.4818999992609024,
        0.4848199996948242,
        0.4841600000858307,
        0.4833199987411499,
        0.48749999988079074,
        0.48627999889850615,
        0.48707999813556674,
        0.4879799989461899,
        0.48657999753952025,
        0.4876799989938736,
        0.4888999992609024
    ],
    "test_accs": [
        0.3977999985218048,
        0.40660000026226045,
        0.40280000150203704,
        0.4052999997138977,
        0.3950000023841858,
        0.4061999982595444,
        0.4025999999046326,
        0.3938999980688095,
        0.39699999868869784,
        0.39919999897480013,
        0.39590000033378603,
        0.3902999997138977,
        0.39239999890327454,
        0.3940000003576279,
        0.394899999499321,
        0.39070000052452086,
        0.3938999992609024,
        0.39199999868869784,
        0.3860000002384186,
        0.38949999868869783,
        0.3846999990940094,
        0.3889999997615814,
        0.3801000016927719,
        0.3825,
        0.3854999989271164,
        0.38540000081062314,
        0.3829999995231628,
        0.3829999995231628,
        0.37990000009536745,
        0.37789999961853027,
        0.3747000008821487,
        0.37800000071525575,
        0.3766000002622604,
        0.37840000092983245,
        0.367199998497963,
        0.37750000059604644,
        0.3710000014305115,
        0.37639999985694883,
        0.3699000012874603,
        0.37269999921321867,
        0.368400000333786,
        0.36879999995231627,
        0.365200001001358,
        0.3669000017642975,
        0.36879999995231627,
        0.3671000015735626,
        0.3679999989271164,
        0.36729999899864196,
        0.36710000097751616,
        0.3718999993801117
    ]
}