{
    "train_losses": [
        0.4933388774593671,
        0.18795284984012445,
        0.1570341434702277,
        0.13623384387542803,
        0.1332663325034082,
        0.12491086650639772,
        0.12131549088905255,
        0.12032503966862956,
        0.1222811211210986,
        0.11778767498210073,
        0.11130046770597497,
        0.10677606683845321,
        0.11213269906118511,
        0.10892682068049908,
        0.11036520822594563,
        0.10203725053618351,
        0.10354233594611287,
        0.10272874212513368,
        0.09525679190953573,
        0.10515758311996858,
        0.0988402241654694,
        0.09183264303642015,
        0.090230430526038,
        0.0910648195600758,
        0.09307414622977377,
        0.0886437264053772,
        0.0946178682676206,
        0.08511621818567315,
        0.0859880697603027,
        0.09284502839048704,
        0.0840314953153332,
        0.08439384139453371,
        0.0860560406713436,
        0.0820959019009024,
        0.08371782350664338,
        0.08032905964180827,
        0.08225271308173736,
        0.08458682770530383,
        0.07792328320754072,
        0.08078567751528075,
        0.07829688078723848,
        0.0755081554222852,
        0.089677197781081,
        0.08358165215235204,
        0.07053233780277272,
        0.0764057217972974,
        0.07414120081812144,
        0.07450841614355644,
        0.07107496871923406,
        0.07743354524175326
    ],
    "test_losses": [
        0.2571850760281086,
        0.14138903334736824,
        0.15102407336235046,
        0.14460995994508266,
        0.1359614497423172,
        0.14121219485998154,
        0.11585073798894882,
        0.12863389797508717,
        0.12119247786700725,
        0.1455892450362444,
        0.13552319429814816,
        0.15359119117259978,
        0.1539856691658497,
        0.11498555168509483,
        0.1226656087487936,
        0.10951873246580363,
        0.12151401333510875,
        0.11749613560736179,
        0.12530751563608647,
        0.1236330945789814,
        0.11577997833490372,
        0.10784060284495353,
        0.09553701162338257,
        0.12865429490804672,
        0.0856324315071106,
        0.13451457947492598,
        0.11453979387879372,
        0.09901262391358615,
        0.09871650028973818,
        0.10449198618531227,
        0.10190035358071327,
        0.10424548842012882,
        0.12233431808650494,
        0.0856681752949953,
        0.11918456375598907,
        0.10318840950727463,
        0.11787094339728356,
        0.12049854055047035,
        0.09993616588413716,
        0.11298428192734718,
        0.1319941555708647,
        0.11390190187841653,
        0.1132270660623908,
        0.11393803581595421,
        0.12424394860863686,
        0.1015204981714487,
        0.16029043659567832,
        0.11909627117216587,
        0.1311614805087447,
        0.09808699250221252
    ],
    "train_accs": [
        0.8428333336363236,
        0.9430166643857956,
        0.9525999965270361,
        0.9588499963283539,
        0.9613166632254918,
        0.9627500007549922,
        0.9642166658242544,
        0.9643666676680247,
        0.9644499989350637,
        0.9652166664600372,
        0.9678666700919469,
        0.9689500041802724,
        0.9671333380540212,
        0.969133339325587,
        0.9684166705608368,
        0.9713666739066442,
        0.9702500059207281,
        0.9706833358605703,
        0.9723166743914287,
        0.96978333791097,
        0.9708500079313914,
        0.9732000096638997,
        0.9734000080823898,
        0.973583341439565,
        0.9730166745185852,
        0.9736500072479248,
        0.9724166754881541,
        0.9757500088214874,
        0.9748500114679337,
        0.9740166745583216,
        0.975516675511996,
        0.9761166765292486,
        0.975316677292188,
        0.9772333439191182,
        0.9760833438237508,
        0.977033345301946,
        0.9772500119606654,
        0.9762833442290624,
        0.9780333451430003,
        0.976983342965444,
        0.977566678126653,
        0.9778333441416422,
        0.9746833409865697,
        0.9773166781663895,
        0.9795166786511739,
        0.9781833449999492,
        0.9783333448568979,
        0.9784833461046218,
        0.9801500127712885,
        0.977733343243599
    ],
    "test_accs": [
        0.9167000043392182,
        0.9559999978542328,
        0.9563999962806702,
        0.9574999976158142,
        0.9616999971866608,
        0.9542999958992004,
        0.9663999998569488,
        0.9621999990940094,
        0.9647000002861023,
        0.9578999936580658,
        0.9615999984741211,
        0.9511999928951264,
        0.9559999978542328,
        0.9668999993801117,
        0.964300000667572,
        0.9701999998092652,
        0.9666000056266785,
        0.9660000026226043,
        0.9657999980449676,
        0.965,
        0.9704000115394592,
        0.9703000068664551,
        0.9722000086307525,
        0.9628999972343445,
        0.9745000100135803,
        0.9621000027656555,
        0.9698000025749206,
        0.9731000065803528,
        0.9725000035762786,
        0.9694000029563904,
        0.9704000079631805,
        0.9708000075817108,
        0.9657000005245209,
        0.9763000118732452,
        0.965900001525879,
        0.9717000091075897,
        0.967700002193451,
        0.9653000032901764,
        0.9731000030040741,
        0.9681000065803528,
        0.9642000019550323,
        0.9685000026226044,
        0.9698000037670136,
        0.9698000037670136,
        0.9685000014305115,
        0.97210000872612,
        0.952599995136261,
        0.9703000068664551,
        0.9686000049114227,
        0.9747000086307526
    ]
}