{
    "train_losses": [
        0.7146675777932008,
        0.3181133157511552,
        0.3082724121212959,
        0.3087782259782155,
        0.29750520274043085,
        0.2975265955924988,
        0.29428595999876656,
        0.2886069516837597,
        0.2862205708026886,
        0.2854686470826467,
        0.28436772922674813,
        0.2903143864373366,
        0.2822672025362651,
        0.2802408202489217,
        0.2764205045501391,
        0.2865411841869354,
        0.279961751177907,
        0.27784875964125,
        0.27895556680858136,
        0.27302243282397587,
        0.28220848908027013,
        0.2846918777128061,
        7.699866691629092,
        0.3766728730003039,
        0.3147501161446174,
        0.3048324961711963,
        0.28306120408078034,
        0.27750170802076657,
        0.28541465327143667,
        0.26866166189312934,
        0.2694567200789849,
        0.2679184922079245,
        0.2701235075791677,
        0.2617015881588062,
        0.261286258722345,
        0.25830177081127964,
        0.2537156733125448,
        0.2562152194231749,
        0.25348075980941454,
        0.25534787856042385,
        0.2528191460420688,
        0.25234614190955956,
        0.25012322383622326,
        0.2520668934037288,
        0.25100471938649815,
        0.25096730386217436,
        0.25206098367770513,
        0.25425269042452175,
        0.256534439449509,
        0.2596899343033632
    ],
    "test_losses": [
        0.3431120005249977,
        0.2958204671740532,
        0.3029108679294586,
        0.30719720020890234,
        0.2905352911353111,
        0.30032856613397596,
        0.2951495802402496,
        0.28430067539215087,
        0.30692328870296476,
        0.294159155189991,
        0.2980867123603821,
        0.2969620409607887,
        0.29131421715021133,
        0.30344526886940004,
        0.3183744388818741,
        0.2963519078493118,
        0.3125669598579407,
        0.29576324254274367,
        0.2996242746710777,
        0.3000671863555908,
        0.29768771916627884,
        1.066966325044632,
        0.6510679417848587,
        0.4031822893023491,
        0.3776808527112007,
        0.4148783615231514,
        0.30912205040454865,
        0.3293768873810768,
        0.32412935882806776,
        0.3131264513731003,
        0.36606933668255803,
        0.3372680661082268,
        0.3048818543553352,
        0.3230996486544609,
        0.2975113576650619,
        0.3236860117316246,
        0.319069704413414,
        0.32292610496282576,
        0.29824413269758226,
        0.29961436718702317,
        0.2940594932436943,
        0.29626123994588854,
        0.2879927957057953,
        0.3055026671290398,
        0.2853247195482254,
        0.28414319187402726,
        0.29255645185709,
        0.29507301330566404,
        0.2955197125673294,
        0.29413930237293245
    ],
    "train_accs": [
        0.8624666652207573,
        0.9101666676998138,
        0.9132000035047532,
        0.9122666662931442,
        0.9164000012477239,
        0.9152833344539006,
        0.9167000011603037,
        0.9181500007708867,
        0.919750000834465,
        0.9190166689952215,
        0.9190999998648961,
        0.9168333335717519,
        0.9207333358128865,
        0.9210166680812836,
        0.9219500017166138,
        0.9198166694243749,
        0.9222500016291936,
        0.9212000020345052,
        0.920883335073789,
        0.9223833346366882,
        0.9203166677554449,
        0.920683334271113,
        0.8545166653394699,
        0.9119166666269303,
        0.9171500011285146,
        0.9186666673421859,
        0.9226333353916804,
        0.9236333364248276,
        0.9229666692018509,
        0.9257166691621145,
        0.9260500029722849,
        0.926083334883054,
        0.9255500016609828,
        0.9265500005086263,
        0.9271500021219253,
        0.9277000015974045,
        0.9297000018755595,
        0.9285333347320557,
        0.9283166694641113,
        0.9280833351612091,
        0.9299500010410945,
        0.9285000014305115,
        0.9292833350102107,
        0.9292666665712992,
        0.9288833340009054,
        0.9296166680256526,
        0.9284500016768773,
        0.9291333343585332,
        0.9275666670004526,
        0.9266333355506261
    ],
    "test_accs": [
        0.9019999957084656,
        0.9190000009536743,
        0.911100001335144,
        0.9157000029087067,
        0.91700000166893,
        0.9138000047206879,
        0.9184000039100647,
        0.9208000040054322,
        0.9124000024795532,
        0.9189000034332275,
        0.9187000012397766,
        0.9169000041484833,
        0.9203000056743622,
        0.9174000012874604,
        0.910499997138977,
        0.9193000030517579,
        0.9134000015258789,
        0.9191999971866608,
        0.9177000033855438,
        0.922299997806549,
        0.9165000021457672,
        0.7671999990940094,
        0.868199999332428,
        0.9007999992370606,
        0.9067999994754792,
        0.9088999986648559,
        0.9200000023841858,
        0.9122000002861023,
        0.9120000004768372,
        0.9206000018119812,
        0.91700000166893,
        0.9144000017642975,
        0.9152999997138977,
        0.9198000013828278,
        0.9206000053882599,
        0.9138999938964844,
        0.9248000037670135,
        0.9145000052452087,
        0.9223000025749206,
        0.9220000004768372,
        0.9196000063419342,
        0.9204999995231629,
        0.9211999988555908,
        0.9146000003814697,
        0.9222000026702881,
        0.9210000026226044,
        0.9217999958992005,
        0.9193000018596649,
        0.9211000001430512,
        0.917299998998642
    ]
}