{
    "train_losses": [
        1.7973554515838623,
        1.7212085185050965,
        1.6972818269729615,
        1.682153377532959,
        1.670159149646759,
        1.6579039483070372,
        1.648438217163086,
        1.640159447669983,
        1.6351568651199342,
        1.6263714203834534,
        1.6173635454177857,
        1.6130036540031434,
        1.6075094995498658,
        1.601747715473175,
        1.5947821440696717,
        1.592537827014923,
        1.587185956954956,
        1.5832830352783203,
        1.5797272028923035,
        1.5757347588539123,
        1.5724468140602113,
        1.5707624297142029,
        1.5668135704994202,
        1.5630621829032898,
        1.5604714455604554,
        1.5569826192855836,
        1.5527867612838746,
        1.5511021676063537,
        1.5479318246841431,
        1.545276358127594,
        1.5424098753929139,
        1.5405834765434265,
        1.5376169085502625,
        1.5360823302268982,
        1.5335237460136413,
        1.5309423699378968,
        1.5286324195861816,
        1.5278191957473755,
        1.5254388265609742,
        1.5225276308059692,
        1.5196137042045594,
        1.517825258731842,
        1.5160251531600952,
        1.5135974025726318,
        1.5116924738883972,
        1.5097630023956299,
        1.5085446128845215,
        1.5060366740226745,
        1.503719509601593,
        1.5021172637939453
    ],
    "test_losses": [
        1.7382452726364135,
        1.723816432952881,
        1.7270571279525757,
        1.7262130069732666,
        1.7356000280380248,
        1.7342459440231324,
        1.743357274532318,
        1.7473628258705138,
        1.7533834552764893,
        1.7524772548675538,
        1.7592517948150634,
        1.7726448631286622,
        1.7721754312515259,
        1.7683230066299438,
        1.7787337732315063,
        1.7919744014739991,
        1.7932885360717774,
        1.7896791100502014,
        1.8033600306510926,
        1.8007970976829528,
        1.799773850440979,
        1.8042229723930359,
        1.8012628412246705,
        1.8110558295249939,
        1.8177493572235108,
        1.815671103000641,
        1.8265778136253357,
        1.8229356598854065,
        1.8291019892692566,
        1.8313561224937438,
        1.8312684941291808,
        1.8367207717895508,
        1.8352585649490356,
        1.8425581812858582,
        1.850287766456604,
        1.8546430897712707,
        1.8512092328071594,
        1.8553525280952454,
        1.8628896737098695,
        1.8702481174468994,
        1.86238951921463,
        1.8685050654411315,
        1.8736988091468811,
        1.871682527065277,
        1.8765558362007142,
        1.8777946138381958,
        1.883595552444458,
        1.8898276162147523,
        1.8839972853660583,
        1.8929783654212953
    ],
    "train_accs": [
        0.38080000013113025,
        0.41271999883651733,
        0.42103999841213224,
        0.4290800001621246,
        0.4321599998474121,
        0.4370799996852875,
        0.43969999980926516,
        0.4415199995040894,
        0.44362000024318693,
        0.4473200000524521,
        0.4494199987649918,
        0.4521399999856949,
        0.45257999992370607,
        0.4542799994945526,
        0.4572200002670288,
        0.458039999127388,
        0.4602799997329712,
        0.4611400005817413,
        0.46136000072956085,
        0.46160000014305114,
        0.46427999913692475,
        0.4657600002288818,
        0.4649199994802475,
        0.4680399992465973,
        0.46767999982833863,
        0.47035999882221224,
        0.47106000006198884,
        0.4712999997138977,
        0.4720399980545044,
        0.4726599988937378,
        0.4747200003862381,
        0.47510000002384184,
        0.47521999943256377,
        0.47480000007152556,
        0.47619999969005583,
        0.4775399988889694,
        0.47839999830722807,
        0.4794199993610382,
        0.4799599984884262,
        0.480379998922348,
        0.4801199984550476,
        0.4836999989748001,
        0.48341999876499175,
        0.4836800001859665,
        0.4849199993610382,
        0.4863199992179871,
        0.48610000050067903,
        0.4874199998378754,
        0.4885999978780746,
        0.48895999777317045
    ],
    "test_accs": [
        0.39700000047683714,
        0.40290000081062316,
        0.4093000012636185,
        0.40769999980926513,
        0.39879999816417694,
        0.4029999977350235,
        0.3988999992609024,
        0.39520000100135805,
        0.39299999833106997,
        0.39760000228881837,
        0.3960999995470047,
        0.3902999997138977,
        0.39399999678134917,
        0.397299998998642,
        0.3873999983072281,
        0.3863000005483627,
        0.3864999979734421,
        0.39050000011920927,
        0.39020000100135804,
        0.3847000002861023,
        0.38789999842643735,
        0.3818999987840652,
        0.3862999999523163,
        0.38739999890327453,
        0.3786000001430512,
        0.383199999332428,
        0.37969999849796293,
        0.3779000008106232,
        0.38399999976158145,
        0.3775,
        0.3743000000715256,
        0.37679999887943266,
        0.37730000078678133,
        0.3716000008583069,
        0.37410000085830686,
        0.373199999332428,
        0.37680000126361846,
        0.37330000042915346,
        0.37110000014305117,
        0.3689000004529953,
        0.37350000083446505,
        0.37199999928474425,
        0.37339999854564665,
        0.3729000014066696,
        0.3722000008821487,
        0.37439999997615814,
        0.3669999980926514,
        0.37099999845027926,
        0.3710999995470047,
        0.36499999701976776
    ]
}