{
    "train_losses": [
        0.7878965659936269,
        0.5224114062388738,
        0.46399939348300295,
        0.4314292417963346,
        0.41858632465203605,
        0.41275178879499436,
        0.40938032666842145,
        0.40486456125974657,
        0.3976228658854961,
        0.39381074597438176,
        0.39133130927880605,
        0.38724772502978644,
        0.38493141522010166,
        0.38270362416903175,
        0.37925007512172065,
        0.3773706291615963,
        0.3772572368383408,
        0.3747379156947136,
        0.37566937565803526,
        0.3724787459274133,
        0.3705848580598831,
        0.3705497428774834,
        0.36982409795125326,
        0.36830002933740613,
        0.3667494678000609,
        0.3665357782443364,
        0.3644894996285439,
        0.36447954043745995,
        0.36279159019390744,
        0.36378757799665135,
        0.36082794775565463,
        0.3628846259911855,
        0.3613560170431932,
        0.3601494285464287,
        0.35964765002330146,
        0.3587389975289504,
        0.3582936139901479,
        0.35833407709995907,
        0.3561980390052001,
        0.35712751259406406,
        0.35698498706022896,
        0.35620135883490245,
        0.35716234644254047,
        0.3560503678520521,
        0.3558156511684259,
        0.3534939625859261,
        0.35435040687521296,
        0.35385767608880997,
        0.35382435952623686,
        0.35284828474124275
    ],
    "test_losses": [
        0.5404457753896713,
        0.5302040868997574,
        0.4727423399686813,
        0.46734026789665223,
        0.4510551464557648,
        0.46511103689670563,
        0.4559102720022202,
        0.47640933334827423,
        0.4634839242696762,
        0.45538513839244843,
        0.45837419748306274,
        0.4568522626161575,
        0.4515202781558037,
        0.45118165254592896,
        0.4540764379501343,
        0.4642896503210068,
        0.45792134284973146,
        0.45883081793785097,
        0.4640470665693283,
        0.45461173593997956,
        0.457358877658844,
        0.4678614866733551,
        0.46000628411769867,
        0.4662030947208404,
        0.46034176647663116,
        0.461427059173584,
        0.47770717322826384,
        0.46047722339630126,
        0.4628546595573425,
        0.4656835407018661,
        0.4635452204942703,
        0.47883970439434054,
        0.4631221061944962,
        0.46335872828960417,
        0.46061986923217774,
        0.46985080242156985,
        0.45981419444084165,
        0.46138846516609194,
        0.46401811361312867,
        0.4727025866508484,
        0.46933984220027924,
        0.47268900871276853,
        0.4707226777076721,
        0.4609381890296936,
        0.46759200930595396,
        0.4644234299659729,
        0.4689438819885254,
        0.46804029285907744,
        0.4684573936462402,
        0.46744001388549805
    ],
    "train_accs": [
        0.7370666672537725,
        0.8164833333094915,
        0.8367500009139379,
        0.8494666701555252,
        0.8541666686534881,
        0.8563666677474976,
        0.8562166678905487,
        0.858366668621699,
        0.8602000012000401,
        0.8626666694879532,
        0.8627500001589458,
        0.8633166684707005,
        0.8650833332538604,
        0.8653500006596248,
        0.8665000009536743,
        0.866333334048589,
        0.8667833348115285,
        0.8675833338499069,
        0.8670500002304713,
        0.8688500012954076,
        0.8690000017484029,
        0.8694000005722046,
        0.8701333345969519,
        0.8689833350976308,
        0.8703500014543534,
        0.8701666676998139,
        0.8699166675408682,
        0.870433333714803,
        0.8709333322445552,
        0.8715166664123535,
        0.8718833329280218,
        0.8704666664203008,
        0.8717833350102107,
        0.8733333317438762,
        0.8726166649659475,
        0.8730500000715256,
        0.873133331934611,
        0.8731333331267039,
        0.8737166664997736,
        0.8728333314259847,
        0.8734333336353302,
        0.8737499976158142,
        0.8729000002145767,
        0.8736499991019567,
        0.8726000001033147,
        0.8743333345651627,
        0.8739666666587194,
        0.8738166671991349,
        0.8750999977191289,
        0.8750666666030884
    ],
    "test_accs": [
        0.8058999967575073,
        0.8178999960422516,
        0.8358999979496002,
        0.8367999982833862,
        0.8391999959945678,
        0.8376999974250794,
        0.8352000033855438,
        0.8349000012874603,
        0.8348000025749207,
        0.8357000052928925,
        0.8379999995231628,
        0.8353999984264374,
        0.8414000010490418,
        0.8415000021457673,
        0.839300000667572,
        0.8392999994754792,
        0.838899998664856,
        0.8407000005245209,
        0.8369999980926514,
        0.843600002527237,
        0.838000009059906,
        0.8356999969482422,
        0.8405999982357025,
        0.8386000037193299,
        0.8381000018119812,
        0.8407000029087066,
        0.8316999983787536,
        0.8380000007152557,
        0.8391000032424927,
        0.8388000011444092,
        0.8414999985694885,
        0.8354999983310699,
        0.8371999979019165,
        0.8391000044345855,
        0.8397000002861023,
        0.8386000061035156,
        0.8385000014305115,
        0.840699999332428,
        0.8397000002861023,
        0.8378000009059906,
        0.8381000018119812,
        0.8353000032901764,
        0.8346999990940094,
        0.8392000019550323,
        0.8407999992370605,
        0.8423000001907348,
        0.8377999985218048,
        0.8379000008106232,
        0.838600002527237,
        0.8376999986171723
    ]
}