{
    "train_losses": [
        0.5336002146204313,
        0.18738802747180064,
        0.15668977711349727,
        0.14653387552748123,
        0.13370553330828747,
        0.12564822575077414,
        0.12478210329388578,
        0.12342973343407114,
        0.11739077209184567,
        0.1165565859215955,
        0.1094381494509677,
        0.10887709457427264,
        0.11025259247049689,
        0.11367347508048017,
        0.10277898263186216,
        0.10682148694371184,
        0.1034913251005734,
        0.10491199353709817,
        0.09718271955226858,
        0.10275505419820546,
        0.09839197768519323,
        0.09452621170630057,
        0.09412661374236146,
        0.09366936479384701,
        0.09283209102228283,
        0.09327190761454403,
        0.09008699351921677,
        0.08698160782145957,
        0.09128070693152646,
        0.08808321924880147,
        0.08294752419538175,
        0.08449608311367532,
        0.09226204910005133,
        0.08117491537705064,
        0.08528236923428874,
        0.08005682257780185,
        0.07884815398603678,
        0.08354998926942547,
        0.08086846369008223,
        0.07725036283644537,
        0.08090677240863442,
        0.07799779522543152,
        0.07901798547556003,
        0.08164198279691239,
        0.08400847354282935,
        0.07618870567064732,
        0.07146031238759558,
        0.0788167681482931,
        0.07672477267915383,
        0.08189128794086477
    ],
    "test_losses": [
        0.21050368160009383,
        0.1867445994913578,
        0.145936918258667,
        0.15813107639551163,
        0.1148116385936737,
        0.12288160756230354,
        0.14228291541337967,
        0.1330607259273529,
        0.12692440867424012,
        0.13110426932573319,
        0.11721190415322781,
        0.11910275720059872,
        0.1317276205122471,
        0.11709950566291809,
        0.11383153326809406,
        0.1361407595872879,
        0.10055320870131254,
        0.1588621510565281,
        0.1072397381812334,
        0.121816750690341,
        0.11806952409446239,
        0.12532403700053693,
        0.10357604917138814,
        0.12478464156389237,
        0.10758665181696415,
        0.15694960430264474,
        0.1477354124188423,
        0.1216622681170702,
        0.11280965305864811,
        0.10047636702656745,
        0.11965578611940146,
        0.12581840470433237,
        0.10643835738301277,
        0.1553681144118309,
        0.11729963760823012,
        0.10896715596318245,
        0.12120065212249756,
        0.12450528591871261,
        0.11076712347567082,
        0.11355400290340185,
        0.09608653627336025,
        0.10602174907922744,
        0.09945854693651199,
        0.11188627552241087,
        0.09939874202013016,
        0.08950629647821189,
        0.11915527753531933,
        0.10134820133447647,
        0.14347923219203948,
        0.14328979022800922
    ],
    "train_accs": [
        0.826249998609225,
        0.9435666644573212,
        0.9528333312273025,
        0.9560499946276347,
        0.9604833316802979,
        0.9624499994516372,
        0.9633666686216991,
        0.963799999554952,
        0.9646833330392838,
        0.9658000020186106,
        0.9679833380381266,
        0.9679333366950353,
        0.9687666710217794,
        0.9678833365440369,
        0.9706833390394847,
        0.9686666689316432,
        0.9698166726032893,
        0.9695666732390722,
        0.9721333400408427,
        0.9702500041325887,
        0.9712666742006938,
        0.9727166736125946,
        0.9729333414634069,
        0.9727833410104115,
        0.973783343633016,
        0.9733000073830287,
        0.9735000079870224,
        0.974816676179568,
        0.9741166756550471,
        0.974833341439565,
        0.9765000108877818,
        0.9756833416223526,
        0.9740500100453695,
        0.9767000095049541,
        0.9748500106732051,
        0.977316677570343,
        0.9770000104109446,
        0.9757666782538096,
        0.9771500110626221,
        0.9770166770617167,
        0.9766166762510935,
        0.9773666781187057,
        0.9776333443323771,
        0.9760000081857045,
        0.9760333426793416,
        0.9778166774908702,
        0.9789166780312856,
        0.9771333434184393,
        0.9785166770219803,
        0.9770166756709416
    ],
    "test_accs": [
        0.9351999986171723,
        0.9419000017642974,
        0.9559999942779541,
        0.9517999923229218,
        0.9662000036239624,
        0.9616999995708465,
        0.9617999994754791,
        0.9595999979972839,
        0.9620999920368195,
        0.9649000036716461,
        0.9693000042438507,
        0.9668000030517578,
        0.9633999967575073,
        0.9682000076770783,
        0.9674000024795533,
        0.9589999949932099,
        0.9715000057220459,
        0.9576999950408935,
        0.9695000088214875,
        0.9688000011444092,
        0.9669000029563903,
        0.9668999993801117,
        0.9715000057220459,
        0.9652999997138977,
        0.9691000032424927,
        0.95799999833107,
        0.963899998664856,
        0.9691000044345855,
        0.9658000016212464,
        0.9731000113487244,
        0.9685000038146973,
        0.9636999976634979,
        0.9716000068187713,
        0.956699993610382,
        0.9714000070095062,
        0.9719000065326691,
        0.9698000061511993,
        0.9659000039100647,
        0.9680000042915344,
        0.9702000010013581,
        0.9736000108718872,
        0.9723000121116638,
        0.9728000080585479,
        0.9692000031471253,
        0.9718000090122223,
        0.9748000073432922,
        0.9714000082015991,
        0.9719000077247619,
        0.9720000040531158,
        0.9653000068664551
    ]
}