{
    "train_losses": [
        2.044805878639221,
        1.80548748254776,
        1.738953537940979,
        1.6742871909141541,
        1.6372356252670288,
        1.6094745101928711,
        1.592035246372223,
        1.5559895482063293,
        1.537048463821411,
        1.5255643167495727,
        1.5106007471084595,
        1.5055234217643738,
        1.4770039348602295,
        1.4711853623390199,
        1.458934817790985,
        1.451873806476593,
        1.4372622017860412,
        1.425261263847351,
        1.4242383360862731,
        1.4103962988853456,
        1.4010911726951598,
        1.391938672542572,
        1.384552857875824,
        1.38328688955307,
        1.3841303396224975,
        1.3644561328887939,
        1.3560847306251527,
        1.3590461502075195,
        1.3536993470191956,
        1.3483172645568848,
        1.3352856330871583,
        1.3422664890289306,
        1.3358360586166382,
        1.3301456208229065,
        1.3270117411613465,
        1.3156691064834596,
        1.3110403661727905,
        1.3145161862373351,
        1.3127927551269531,
        1.3072377967834472,
        1.3046777801513672,
        1.2956497235298157,
        1.292798644542694,
        1.279262978553772,
        1.2824076733589171,
        1.2901311888694764,
        1.2700350875854491,
        1.2711814637184142,
        1.2691580247879028,
        1.2667239756584168
    ],
    "test_losses": [
        1.8456926345825195,
        1.718639714717865,
        1.6937487101554871,
        1.707492129802704,
        1.6131968808174133,
        1.6084153795242309,
        1.6312563514709473,
        1.585885338783264,
        1.6032940435409546,
        1.5419001793861389,
        1.5976877880096436,
        1.5315621209144592,
        1.496533555984497,
        1.5656843447685242,
        1.5279080843925477,
        1.5709591650962829,
        1.555747513771057,
        1.5203894805908202,
        1.4670202803611756,
        1.5265214610099793,
        1.4927784895896912,
        1.5072132205963136,
        1.4929053092002869,
        1.5123780465126038,
        1.4855693864822388,
        1.4645078897476196,
        1.5036024284362792,
        1.465878267288208,
        1.5099054956436158,
        1.4746319007873536,
        1.498587818145752,
        1.5014541840553284,
        1.4873422241210938,
        1.4717313361167907,
        1.5094304037094117,
        1.4616352939605712,
        1.4597606039047242,
        1.5530964088439942,
        1.4529757618904113,
        1.4831794548034667,
        1.4549576926231385,
        1.4440304589271546,
        1.463208508491516,
        1.4494485235214234,
        1.4971631360054016,
        1.4564493012428283,
        1.467795159816742,
        1.4770575404167174,
        1.468587543964386,
        1.477254548072815
    ],
    "train_accs": [
        0.26443999966979026,
        0.35799999988079073,
        0.3836799999475479,
        0.40656000006198884,
        0.42017999970912934,
        0.4310200011730194,
        0.440879999756813,
        0.4499799983501434,
        0.4582199988365173,
        0.4624400001764297,
        0.46899999940395354,
        0.4680600007772446,
        0.4837999992370606,
        0.4819599999189377,
        0.4881999981403351,
        0.4876199995279312,
        0.49503999984264374,
        0.49493999826908114,
        0.49791999864578246,
        0.5039599981307984,
        0.5060399986505508,
        0.5118799968957901,
        0.5147799988985061,
        0.5127000011205674,
        0.5159999978542328,
        0.5191999996900558,
        0.5247199996709824,
        0.5222199966907501,
        0.525079998254776,
        0.5272599971294403,
        0.5308599978685379,
        0.5281199989318848,
        0.5321999994516373,
        0.533859998345375,
        0.5324999990463257,
        0.5381999998092651,
        0.5390200016498565,
        0.5401799981594085,
        0.540419999718666,
        0.5401000000238418,
        0.5436999989748001,
        0.5457799979448319,
        0.5489999997615814,
        0.5510399992465973,
        0.5525599991083145,
        0.5493199988603592,
        0.5551399999856949,
        0.5555800001621246,
        0.5540800000429154,
        0.5579999997615814
    ],
    "test_accs": [
        0.34760000109672545,
        0.3877999997138977,
        0.403999999165535,
        0.3949000000953674,
        0.4254000008106232,
        0.42860000014305116,
        0.43779999792575836,
        0.43749999940395357,
        0.4328000009059906,
        0.4581000006198883,
        0.44199999928474426,
        0.4589000010490418,
        0.4727999985218048,
        0.4501999998092651,
        0.4621999979019165,
        0.43969999849796293,
        0.4662000012397766,
        0.46609999895095827,
        0.4781999981403351,
        0.47070000171661375,
        0.4793000012636185,
        0.4639999997615814,
        0.47319999754428865,
        0.4692999988794327,
        0.48469999969005584,
        0.4873999965190887,
        0.46989999830722806,
        0.48009999811649323,
        0.4746999990940094,
        0.48149999797344206,
        0.48150000035762786,
        0.4854999977350235,
        0.474899999499321,
        0.4856999981403351,
        0.48580000042915344,
        0.4926000016927719,
        0.4797999984025955,
        0.4653000003099442,
        0.48879999816417696,
        0.4722999978065491,
        0.48249999940395355,
        0.4866999989748001,
        0.4852000004053116,
        0.4865000009536743,
        0.4827000004053116,
        0.48909999668598175,
        0.49860000014305117,
        0.4750000011920929,
        0.4871999990940094,
        0.4885000014305115
    ]
}