{
    "train_losses": [
        0.7235578185319901,
        0.4501263509194056,
        0.4414418994386991,
        0.42789851407210033,
        0.4224899302919706,
        0.41763921837011975,
        0.4138914911945661,
        0.41479499856630964,
        0.4121228921413422,
        0.40948738902807236,
        0.40671149825056396,
        0.40368471468488376,
        0.40302062273025513,
        0.4045992933710416,
        0.4011733624339104,
        0.39968418260415395,
        0.39960195407271387,
        3.1997196009755133,
        0.4495772781968117,
        0.3874714014927546,
        0.3802201822400093,
        0.3762403378883998,
        0.3716329489151637,
        0.3708970773220062,
        0.3699319898088773,
        0.37338252887129786,
        0.3699335668981075,
        0.3707324643433094,
        0.3723714656631152,
        0.372231253683567,
        0.37320291101932523,
        0.3711272921661536,
        0.37350569104154907,
        0.372782339155674,
        0.37602117826541265,
        0.3760116363565127,
        0.37969153970479963,
        0.3824132277071476,
        0.38319299459457395,
        0.3822989068925381,
        0.3978181987007459,
        0.38651238138477007,
        0.3990975687901179,
        0.37984084273378055,
        0.39284971574942273,
        0.3980367565155029,
        0.37621874794363974,
        0.393015054166317,
        0.38923155948519705,
        0.37408988550305367
    ],
    "test_losses": [
        0.4814782440662384,
        0.4864546626806259,
        0.4898001629114151,
        0.4723368126153946,
        0.48600852727890015,
        0.47256982028484346,
        0.4753796309232712,
        0.47854958176612855,
        0.4734006106853485,
        0.46988912522792814,
        0.47893106162548066,
        0.48633710980415346,
        0.4660726499557495,
        0.48590445816516875,
        0.4823223179578781,
        0.4694563829898834,
        0.5065631538629531,
        0.8953795683383942,
        0.5368541038036346,
        0.48793200850486756,
        0.49154173135757445,
        0.4869419574737549,
        0.489163213968277,
        0.4917887085676193,
        0.4979917788505554,
        0.4845118570327759,
        0.4921302282810211,
        0.4738724535703659,
        0.47355345845222474,
        0.4644715142250061,
        0.4650000435113907,
        0.46990432262420656,
        0.4697304546833038,
        0.47384719967842104,
        0.4772318297624588,
        0.4697315376996994,
        0.4820642501115799,
        0.4800383543968201,
        0.47557533383369444,
        0.48392918646335603,
        0.5087459725141525,
        0.5145163267850876,
        0.5010755574703216,
        0.47452573478221893,
        0.5049461781978607,
        0.47560181736946106,
        0.47660138189792634,
        0.5550960117578506,
        0.479866731762886,
        0.4748230689764023
    ],
    "train_accs": [
        0.8061666665412486,
        0.8449500002463659,
        0.8458666682243348,
        0.8493833345174789,
        0.8532666685183843,
        0.8542000015576681,
        0.8550666664044062,
        0.8547833353281021,
        0.8559833363691965,
        0.8566166694959004,
        0.8574500008424123,
        0.8577333362897237,
        0.85878333568573,
        0.8574000020821889,
        0.858966668844223,
        0.8577333347002665,
        0.8603166689475378,
        0.8183833340803782,
        0.8534333334366481,
        0.8634833333889643,
        0.8664166688919067,
        0.8677833330631256,
        0.8690000003576279,
        0.8691166677077611,
        0.8702000013987223,
        0.868183334271113,
        0.8704666676123937,
        0.8692166686058045,
        0.868166667620341,
        0.8688499993085861,
        0.8669166674216588,
        0.8685833342870076,
        0.8678000011046727,
        0.8678500012556711,
        0.8679666670163473,
        0.866916666229566,
        0.8649833351373672,
        0.8642833336194357,
        0.8652500007549921,
        0.8643333329757055,
        0.8605166673660278,
        0.862233335574468,
        0.8583166680733363,
        0.8655333348115285,
        0.8611666671435039,
        0.8593333319822947,
        0.8659166669845582,
        0.860916668176651,
        0.8601833337545395,
        0.8665333340565363
    ],
    "test_accs": [
        0.8332000005245209,
        0.8286000001430511,
        0.8291000020503998,
        0.8340999984741211,
        0.8266000020503997,
        0.8321999979019165,
        0.8354000008106232,
        0.8352999973297119,
        0.8316999995708465,
        0.8368000030517578,
        0.8359000027179718,
        0.8333999979496002,
        0.8383000016212463,
        0.8353999984264374,
        0.8314999985694885,
        0.8336999988555909,
        0.8215000033378601,
        0.8087000036239624,
        0.835200001001358,
        0.8365999972820282,
        0.8353999984264374,
        0.8361999964714051,
        0.8284000027179718,
        0.8347999954223633,
        0.8302999973297119,
        0.8367999994754791,
        0.8334000015258789,
        0.8372000050544739,
        0.8339999997615815,
        0.8392999982833862,
        0.8399999976158142,
        0.8348999989032745,
        0.8402999949455261,
        0.8416000056266785,
        0.8362999999523163,
        0.8352999985218048,
        0.8333000016212463,
        0.8294999957084656,
        0.8311000013351441,
        0.8376000010967255,
        0.8288999962806701,
        0.8285000014305115,
        0.8242999994754792,
        0.8414000022411346,
        0.830499997138977,
        0.8369999980926514,
        0.8390000009536743,
        0.8205000030994415,
        0.8373000013828278,
        0.8363000059127808
    ]
}