{
    "train_losses": [
        2.4519752216339112,
        2.04822464799881,
        1.8856393008232117,
        1.8075713009834289,
        1.7715270400047303,
        1.7542249450683594,
        1.7392649168968202,
        1.733640600681305,
        1.7269455289840698,
        1.7176954860687257,
        1.7128790531158447,
        1.7074300317764282,
        1.7003780150413512,
        1.693510591030121,
        1.6878667421340943,
        1.683901773929596,
        1.678440200328827,
        1.6758368520736695,
        1.6703716588020325,
        1.6678840732574463,
        1.6627956242561341,
        1.660993727684021,
        1.6581731481552124,
        1.6546937375068664,
        1.6533156790733337,
        1.6519105587005616,
        1.6471387076377868,
        1.645501163005829,
        1.642923412322998,
        1.6378827381134033,
        1.6384344964027404,
        1.6345800700187683,
        1.6314706840515136,
        1.6312494988441468,
        1.6278557529449462,
        1.628201950073242,
        1.6257937245368959,
        1.6235540256500245,
        1.6225677556991578,
        1.6205723299980164,
        1.6181257739067079,
        1.6175546679496766,
        1.6167090363502503,
        1.6161204133033753,
        1.6131291680336,
        1.6121697344779968,
        1.610777419090271,
        1.609220971107483,
        1.6082464752197265,
        1.6053567399978639
    ],
    "test_losses": [
        2.1249249029159545,
        1.960485966205597,
        1.8357583379745483,
        1.7782543587684632,
        1.7574101161956788,
        1.7446908593177795,
        1.7490915369987488,
        1.7445930933952332,
        1.7464941835403442,
        1.7370078921318055,
        1.7405034708976745,
        1.743261489868164,
        1.7403792071342468,
        1.7380404305458068,
        1.745597128868103,
        1.750240638256073,
        1.75814697265625,
        1.7530175256729126,
        1.745424098968506,
        1.7586549043655395,
        1.7572577095031738,
        1.747131712436676,
        1.7587725377082826,
        1.7587466716766358,
        1.7605897426605224,
        1.7545755982398987,
        1.763080997467041,
        1.7605342388153076,
        1.7597979378700257,
        1.7693604135513306,
        1.7728126955032348,
        1.7677360558509827,
        1.7618110179901123,
        1.7637746500968934,
        1.7761772513389587,
        1.7735387778282166,
        1.771042411327362,
        1.783056721687317,
        1.7670437049865724,
        1.7723012399673461,
        1.7786918425559997,
        1.7976630210876465,
        1.7833967971801759,
        1.781371123790741,
        1.775357801914215,
        1.7839937019348144,
        1.780264642238617,
        1.7790108728408813,
        1.7779197907447815,
        1.7790132570266723
    ],
    "train_accs": [
        0.23197999906539918,
        0.27583999854326247,
        0.3383200008869171,
        0.37097999978065493,
        0.38584000039100647,
        0.39279999971389773,
        0.40245999908447266,
        0.40319999945163726,
        0.40931999862194063,
        0.4106199994087219,
        0.4153799995183945,
        0.41491999924182893,
        0.4184799995422363,
        0.4197200002670288,
        0.42221999979019165,
        0.4241000002622604,
        0.4258599994182587,
        0.425779999256134,
        0.4299599989652634,
        0.4305199991464615,
        0.4327799997329712,
        0.4328599998950958,
        0.43311999857425687,
        0.4360999993085861,
        0.43368000054359435,
        0.43466000008583067,
        0.4381199998855591,
        0.4368399996757507,
        0.43757999992370605,
        0.44124000012874603,
        0.441039999961853,
        0.44323999977111816,
        0.44286000072956083,
        0.44297999930381776,
        0.44378000009059904,
        0.44498000061511994,
        0.44339999997615814,
        0.4464399988651276,
        0.44677999925613404,
        0.4459800000190735,
        0.4472799998521805,
        0.44785999834537504,
        0.4466799999475479,
        0.4487400002479553,
        0.44886000037193297,
        0.4508800004720688,
        0.45087999939918516,
        0.45022000002861023,
        0.4514999998807907,
        0.45217999994754793
    ],
    "test_accs": [
        0.2609999987483025,
        0.31079999923706053,
        0.35420000076293945,
        0.3772000014781952,
        0.3956999981403351,
        0.3913999992609024,
        0.3975999981164932,
        0.395799999833107,
        0.39420000076293943,
        0.3981000006198883,
        0.3947000002861023,
        0.3976999998092651,
        0.3986999982595444,
        0.40459999918937684,
        0.3953999996185303,
        0.3905999994277954,
        0.3844999998807907,
        0.3915999984741211,
        0.39660000026226044,
        0.38879999816417693,
        0.3933999991416931,
        0.39829999923706055,
        0.3931000000238419,
        0.39669999957084656,
        0.39010000228881836,
        0.3948000007867813,
        0.39380000114440916,
        0.3889999985694885,
        0.3942999994754791,
        0.3921000015735626,
        0.38520000100135804,
        0.3915999990701675,
        0.39589999973773954,
        0.38899999916553496,
        0.3841999983787537,
        0.38560000002384187,
        0.38660000145435336,
        0.3816999989748001,
        0.3937999999523163,
        0.38599999964237214,
        0.38880000114440916,
        0.38470000088214873,
        0.38509999990463256,
        0.38189999997615814,
        0.3896999990940094,
        0.38549999833106996,
        0.385900000333786,
        0.3909999978542328,
        0.38709999978542325,
        0.39209999978542326
    ]
}