{
    "train_losses": [
        0.5991610858837764,
        0.3320400535563628,
        0.306001931031545,
        0.29107436041037243,
        0.2859156249463558,
        0.2801332021256288,
        0.276274724851052,
        0.27389905735850334,
        0.2715121068805456,
        0.26675291016697883,
        0.263123855839173,
        0.261510438422362,
        0.25894448469082515,
        0.2544871587306261,
        0.2527552571396033,
        0.25113051911195117,
        0.24814357881744703,
        0.24631882670025032,
        0.24477760729690393,
        0.2435032061735789,
        0.24176978493730228,
        0.2408371035506328,
        0.24005047390858333,
        0.238906339854002,
        0.23728727939228217,
        0.2360311557849248,
        0.23557640987137954,
        0.23521486562987168,
        0.23351475161810717,
        0.2348633218059937,
        0.23411905191838742,
        0.23285206144054732,
        0.23153863894442717,
        0.23216782368719577,
        0.23124036098519962,
        0.23059021222094694,
        0.22948759434123833,
        0.2305380109945933,
        0.22926105362673602,
        0.2292349773645401,
        0.22797194133202234,
        0.2289712277551492,
        0.22874735243618488,
        0.22759279270966848,
        0.22752401332060496,
        0.2272593504935503,
        0.22709628768265247,
        0.22693388529121875,
        0.22591748185455798,
        0.22606118698914845
    ],
    "test_losses": [
        0.34074147015810013,
        0.31238183468580244,
        0.2765626099705696,
        0.2857675153017044,
        0.2799179792404175,
        0.27791949480772016,
        0.2810944065451622,
        0.27049872547388076,
        0.27507463574409485,
        0.28055369287729265,
        0.2707920408248901,
        0.277107537984848,
        0.27570564359426497,
        0.28338842004537584,
        0.27689619779586794,
        0.27848078981041907,
        0.285739523768425,
        0.2807969608902931,
        0.28188487857580186,
        0.2818292945623398,
        0.2790022650361061,
        0.28307396844029425,
        0.29247695237398147,
        0.28145876884460447,
        0.28684392750263216,
        0.28409297406673434,
        0.28651437401771546,
        0.2908440813422203,
        0.2910469964146614,
        0.2867526066303253,
        0.28884311825037,
        0.2926346264779568,
        0.29011163651943206,
        0.28787911087274554,
        0.29188299268484114,
        0.29174374893307686,
        0.2901666885614395,
        0.2928426131606102,
        0.2977795419096947,
        0.29577083081007005,
        0.2951117783784866,
        0.29477782666683194,
        0.2970295575261116,
        0.29520601004362107,
        0.2940547576546669,
        0.2977737355232239,
        0.2929147121310234,
        0.3004652851819992,
        0.30105644673109055,
        0.30024746268987657
    ],
    "train_accs": [
        0.8352999986708164,
        0.9048666665951411,
        0.9131833350658417,
        0.918599999944369,
        0.9202500013510386,
        0.9218000026543935,
        0.9237833354870478,
        0.9238000035285949,
        0.9236333352327347,
        0.9257500030597051,
        0.9264000020424525,
        0.9274166689316432,
        0.9278500008583069,
        0.928650002082189,
        0.9291500010093053,
        0.9291000014543533,
        0.9300000015894572,
        0.9315166670084,
        0.9312500001986822,
        0.9313500005006791,
        0.9320000006755194,
        0.931616667509079,
        0.9319499999284744,
        0.9324833339452744,
        0.9321833338340123,
        0.9331499995787939,
        0.9327666662136713,
        0.9335499995946884,
        0.9338333334525426,
        0.9339333329598108,
        0.9343833341201147,
        0.9339666658639908,
        0.9354666674137115,
        0.9348166662454606,
        0.9347666662931442,
        0.9352333323160807,
        0.9352500017484029,
        0.9349666651089986,
        0.9349000000953674,
        0.9356500003735224,
        0.9356666674216588,
        0.9355000003178915,
        0.9354666662216187,
        0.9352499997615814,
        0.9353500008583069,
        0.9354166672627131,
        0.934899999499321,
        0.935933332045873,
        0.9359666663408279,
        0.9364666656653087
    ],
    "test_accs": [
        0.9006999981403351,
        0.9113000047206878,
        0.9195000016689301,
        0.9194000065326691,
        0.9215000009536743,
        0.9232000029087066,
        0.9197000026702881,
        0.926599999666214,
        0.9226000046730042,
        0.9220000028610229,
        0.9261000001430512,
        0.922900002002716,
        0.9241999971866608,
        0.9218000030517578,
        0.9260000002384186,
        0.925200001001358,
        0.9220000040531159,
        0.9270000028610229,
        0.9242999958992004,
        0.9253000009059906,
        0.9236000037193298,
        0.9242000007629394,
        0.9209000027179718,
        0.926700005531311,
        0.9216000020503998,
        0.9236000013351441,
        0.9255000042915345,
        0.9242000007629394,
        0.9237999999523163,
        0.9252999997138978,
        0.9239000010490418,
        0.9221000015735626,
        0.9239000034332275,
        0.9241000020503998,
        0.9218000018596649,
        0.9232000017166138,
        0.9235000026226043,
        0.9201000034809113,
        0.9218000030517578,
        0.9215000057220459,
        0.9238000023365021,
        0.9218000018596649,
        0.9197000026702881,
        0.9226999998092651,
        0.9241000032424926,
        0.9203000009059906,
        0.9235000026226043,
        0.9217999982833862,
        0.9243000018596649,
        0.923199999332428
    ]
}