{
    "train_losses": [
        0.5241884542504947,
        0.4358374721805255,
        0.4161558771133423,
        0.40558911234140393,
        0.3991772140065829,
        0.39300125032663347,
        0.3881240166227023,
        0.38436904340982436,
        0.3829060556491216,
        0.38003891373674076,
        0.3763386288781961,
        0.3743708968659242,
        0.37279514854152995,
        0.37195142701268197,
        0.37242884760101636,
        0.3704964932302634,
        0.368597658375899,
        0.3667666734258334,
        0.3666494257748127,
        0.3656489193439484,
        0.36483510946234066,
        0.36425193592905997,
        0.3625381434460481,
        0.36262210334340733,
        0.3616766851147016,
        0.3603190935154756,
        0.3599092406531175,
        0.3599748148024082,
        0.3580997065206369,
        0.3589277572929859,
        0.35775934452811875,
        0.3572129788994789,
        0.3563674032688141,
        0.3564130234718323,
        0.3555636234084765,
        0.35569653486212094,
        0.355301024466753,
        0.3546429958939552,
        0.35385399028658865,
        0.3537180233001709,
        0.3528443219761054,
        0.3526591847836971,
        0.3530230490863323,
        0.3524314186970393,
        0.3519406036039193,
        0.35206841414173445,
        0.3513287663956483,
        0.35115303764740624,
        0.35107179949680967,
        0.3506092718740304
    ],
    "test_losses": [
        0.4764972299337387,
        0.4598596853017807,
        0.45527061402797697,
        0.46366588652133944,
        0.4591944175958633,
        0.45299677431583407,
        0.45566897571086884,
        0.45396400094032285,
        0.4650508815050125,
        0.45824500620365144,
        0.4626495808362961,
        0.45978273808956144,
        0.459638729095459,
        0.46558388948440554,
        0.4659020757675171,
        0.4583796191215515,
        0.4654010832309723,
        0.45916303753852844,
        0.46719600677490236,
        0.4621470749378204,
        0.46845773041248323,
        0.4679895406961441,
        0.46354929625988006,
        0.46799268662929533,
        0.46003168940544126,
        0.4649636626243591,
        0.4674049788713455,
        0.462857791185379,
        0.4637999796867371,
        0.47109359860420225,
        0.46800462424755096,
        0.46832631349563597,
        0.46623122692108154,
        0.4667852467298508,
        0.4720007264614105,
        0.4707539826631546,
        0.4665641164779663,
        0.4648732686042786,
        0.4697376239299774,
        0.4690684378147125,
        0.4699689781665802,
        0.4711784142255783,
        0.47031805038452146,
        0.4722195303440094,
        0.47151732325553897,
        0.4724328279495239,
        0.4684447294473648,
        0.47539365112781523,
        0.47711368680000305,
        0.4747277468442917
    ],
    "train_accs": [
        0.8178000006576379,
        0.8482000025113424,
        0.8542833356062571,
        0.8577666672070822,
        0.8614666670560837,
        0.8615333336591721,
        0.8635833340883255,
        0.8653666649262111,
        0.8642333340644837,
        0.8667000011603038,
        0.8674666668971379,
        0.8679500005642573,
        0.8693166657288869,
        0.869633336464564,
        0.8681833352645238,
        0.8697333339850107,
        0.869083334406217,
        0.8708499997854233,
        0.870366668899854,
        0.8698833334445953,
        0.8715999998648961,
        0.8709833339850108,
        0.8717666671673456,
        0.87275000055631,
        0.8718166665236156,
        0.8721333336830139,
        0.8717666659752528,
        0.872583335240682,
        0.8728666667143504,
        0.8727166662613551,
        0.8734499988953273,
        0.8723666661977768,
        0.8739166673024495,
        0.8721500001351039,
        0.8747166669368744,
        0.8734333332379659,
        0.873283333381017,
        0.8731666674216588,
        0.8737999993562698,
        0.8741166669130326,
        0.8748666659990947,
        0.8747833349307378,
        0.8747999989986419,
        0.8752333315213522,
        0.8749333328008652,
        0.8752000002066295,
        0.874566666285197,
        0.8754166676600774,
        0.8746000001827876,
        0.8750166686375936
    ],
    "test_accs": [
        0.8343999993801117,
        0.8379999995231628,
        0.8398000001907349,
        0.8357000005245209,
        0.8367000007629395,
        0.8393000018596649,
        0.8383000016212463,
        0.8372000014781952,
        0.8365000069141388,
        0.8416000008583069,
        0.8367000007629395,
        0.8379000043869018,
        0.8395999991893768,
        0.836800000667572,
        0.8365000009536743,
        0.8391000032424927,
        0.8376000022888184,
        0.8416999983787536,
        0.832300009727478,
        0.8400000023841858,
        0.8361000025272369,
        0.8381000018119812,
        0.8376999974250794,
        0.8365999984741211,
        0.8394000005722045,
        0.8396999990940094,
        0.8356000018119812,
        0.840200001001358,
        0.8405000030994415,
        0.837200002670288,
        0.8380000042915344,
        0.8383000040054321,
        0.838600002527237,
        0.8374000000953674,
        0.8354000008106232,
        0.8383000016212463,
        0.8388000011444092,
        0.8396000015735626,
        0.8375999987125397,
        0.8368999969959259,
        0.8402999985218048,
        0.8358000016212463,
        0.840299997329712,
        0.8390000009536743,
        0.839500002861023,
        0.8380000042915344,
        0.8382000005245209,
        0.8371000027656555,
        0.8361000013351441,
        0.8350999999046326
    ]
}