{
    "train_losses": [
        0.3993805584311485,
        0.30030312702059747,
        0.2899744316935539,
        0.28083985482652984,
        0.2736141317089399,
        0.2700692136089007,
        0.2664160904288292,
        0.2623108820617199,
        0.2593523548046748,
        0.2563763569543759,
        0.2543950726588567,
        0.25240563057363036,
        0.251280663733681,
        0.24923084490001202,
        0.2469630293548107,
        0.2467222670217355,
        0.2452206572641929,
        0.24560230866074562,
        0.2433187303195397,
        0.24317901228864988,
        0.2420482209076484,
        0.23966754016776878,
        0.24049106784164906,
        0.2402269664903482,
        0.23927046708762645,
        0.23792608675857385,
        0.23677289741734664,
        0.23746414261559645,
        0.23669686791797478,
        0.2361361690859,
        0.235267654110988,
        0.23472311824560166,
        0.23396372891962527,
        0.23349150898555915,
        0.23310643429557482,
        0.23334044615427654,
        0.23329495737950007,
        0.23285012202958266,
        0.23222779768208662,
        0.2317930089433988,
        0.2317181280752023,
        0.23083806986610095,
        0.22974724608163039,
        0.23094843367735546,
        0.23124671176075937,
        0.23001218592127165,
        0.22993032582104206,
        0.22941496493915717,
        0.22920662644008796,
        0.22901075792809328
    ],
    "test_losses": [
        0.30672345697879794,
        0.27955236852169035,
        0.29176739513874056,
        0.27533595949411394,
        0.2800476694107056,
        0.278165767788887,
        0.27301738038659096,
        0.28022425502538684,
        0.28026266872882843,
        0.283915077149868,
        0.2803804224729538,
        0.28009154826402666,
        0.28232685148715975,
        0.28329070895910263,
        0.29081122428178785,
        0.28066641122102737,
        0.28595598459243776,
        0.2829784387350082,
        0.2806443992257118,
        0.28478933244943616,
        0.28196768641471864,
        0.284333675801754,
        0.28317296028137207,
        0.2881234082579613,
        0.28394984543323515,
        0.2923062637448311,
        0.2920230683684349,
        0.2878905698657036,
        0.28989044308662415,
        0.2938584540784359,
        0.2920922410488129,
        0.28893492490053174,
        0.29078791856765746,
        0.2888322699069977,
        0.29131023555994034,
        0.2911523911356926,
        0.2907926198840141,
        0.29104347914457324,
        0.2941062867641449,
        0.2887957328557968,
        0.28769959300756454,
        0.29038545399904253,
        0.298099476993084,
        0.2938601562380791,
        0.2938527834415436,
        0.29622475743293764,
        0.2937099501490593,
        0.2927946704626083,
        0.29115345656871794,
        0.2936121627688408
    ],
    "train_accs": [
        0.8862999993562698,
        0.9145000018676122,
        0.9176666696866354,
        0.9221000043551127,
        0.9238500024875005,
        0.9250833360354106,
        0.9257500014702479,
        0.927216669122378,
        0.9274166679382324,
        0.9287166676918666,
        0.9286499993006389,
        0.9286833357810974,
        0.9285500011841457,
        0.9303500002622604,
        0.9310333353281021,
        0.9306000012159348,
        0.9309000025192896,
        0.9308833340803783,
        0.931166666150093,
        0.9319333346684774,
        0.9316166669130326,
        0.9326166675488154,
        0.9323666685819626,
        0.9324500024318695,
        0.932433333794276,
        0.9324166681369146,
        0.9328166675567627,
        0.9328833319743475,
        0.9341833333174387,
        0.9331000016132991,
        0.9329833324750264,
        0.9339000002543132,
        0.9349166677395503,
        0.9343333333730698,
        0.934616667230924,
        0.9337833325068156,
        0.9338833338022232,
        0.9347833329439164,
        0.934866666396459,
        0.934816666841507,
        0.9344666667779287,
        0.9347499984502793,
        0.935333333214124,
        0.9347999986012777,
        0.934449997941653,
        0.9354166670640309,
        0.9351166659593582,
        0.9345666664838791,
        0.9357000001271566,
        0.9349333331982295
    ],
    "test_accs": [
        0.9143999969959259,
        0.9223000013828277,
        0.9216000008583068,
        0.92510000705719,
        0.9218000006675721,
        0.9201000034809113,
        0.9228000032901764,
        0.9216000032424927,
        0.9237999999523163,
        0.9213000023365021,
        0.9237000024318696,
        0.9223999965190888,
        0.921500004529953,
        0.9213000047206878,
        0.9205000007152557,
        0.9248000049591064,
        0.919599997997284,
        0.922400004863739,
        0.9241000020503998,
        0.9226999998092651,
        0.9239000034332275,
        0.9231000018119812,
        0.9237000000476837,
        0.925600004196167,
        0.9241000032424926,
        0.9223000013828277,
        0.9227999985218048,
        0.9240000021457672,
        0.92200000166893,
        0.9240000033378601,
        0.9255000019073486,
        0.9223000025749206,
        0.9218999993801117,
        0.9252000021934509,
        0.9225000047683716,
        0.9235000038146972,
        0.9228000032901764,
        0.9241999995708465,
        0.9225,
        0.9239000034332275,
        0.9212000000476838,
        0.9241000068187714,
        0.920400003194809,
        0.9226999986171722,
        0.9233000004291534,
        0.922299997806549,
        0.9238000035285949,
        0.9218999981880188,
        0.9238000035285949,
        0.9245000040531158
    ]
}