{
    "train_losses": [
        0.673292993803819,
        0.4610699592034022,
        0.42997248033682506,
        0.41576942602793376,
        0.40185447499155996,
        0.38985970969001454,
        0.37896713087956113,
        0.3800104945898056,
        0.3733659905691942,
        0.36114120215177536,
        0.3569350508848826,
        0.3549093843499819,
        0.3564153878390789,
        0.35450577105085057,
        0.3459074906508128,
        0.3422936870654424,
        0.3383626394967238,
        0.33260239352782567,
        0.3407043000559012,
        0.3312837720910708,
        0.32654013673464455,
        0.3239104359348615,
        0.32034875720739364,
        0.32583101481199267,
        0.31672964518268903,
        0.31219149683912595,
        0.3119457137087981,
        0.31593096295992534,
        0.3101076145966848,
        0.30920593172311783,
        0.3067863443493843,
        0.31006071497996646,
        0.30222237770756083,
        0.30275999998052916,
        0.3000915885965029,
        0.29920425593852995,
        0.29560143729050953,
        0.2936769001185894,
        0.2908411027491093,
        0.2895384702583154,
        0.28978734483321505,
        0.28776105771462124,
        0.2886231914659341,
        0.28576661929488184,
        0.28415559470653534,
        0.2833131239314874,
        0.28173062061270077,
        0.2794008310635885,
        0.28017830098668733,
        0.2840248471001784
    ],
    "test_losses": [
        0.5192292338609695,
        0.4531236124038696,
        0.4683384668827057,
        0.46001004576683047,
        0.43700732350349425,
        0.4451516664028168,
        0.45680326998233794,
        0.4161474239826202,
        0.43815717041492463,
        0.42780928671360013,
        0.4195703673362732,
        0.3983165806531906,
        0.3981590902805328,
        0.43166740775108337,
        0.41129519313573837,
        0.40795202255249025,
        0.4466991323232651,
        0.40120724976062777,
        0.418735830783844,
        0.3994588828086853,
        0.4086806607246399,
        0.40068706512451174,
        0.38569033205509184,
        0.4197870853543282,
        0.4083926749229431,
        0.4264164298772812,
        0.3947979617118835,
        0.3854724568128586,
        0.40473300218582153,
        0.3782740676403046,
        0.3816860967874527,
        0.4032541990280151,
        0.38830171585083006,
        0.4089758658409119,
        0.3790451005101204,
        0.4012438499927521,
        0.4096930634975433,
        0.4349099808931351,
        0.424427877664566,
        0.3976563107967377,
        0.38835818350315093,
        0.39492853224277497,
        0.40013869524002077,
        0.39653465449810027,
        0.391605868935585,
        0.42926032841205597,
        0.39404482901096344,
        0.38416332483291626,
        0.39060094237327575,
        0.37074734032154083
    ],
    "train_accs": [
        0.7609166669100523,
        0.8364000012477238,
        0.8481833346684774,
        0.8525666693846384,
        0.8583000006278356,
        0.8613666677474976,
        0.8653333324193955,
        0.8645500018199285,
        0.868399998943011,
        0.8712333345413208,
        0.8731333323319753,
        0.8754166654745738,
        0.8743166661262513,
        0.8746666651964188,
        0.8770333317915598,
        0.8797666651010513,
        0.8796333291133245,
        0.8825999989112219,
        0.879799997806549,
        0.8825833318630855,
        0.8848166654507319,
        0.8857833302021026,
        0.8860333295663197,
        0.8859166647990545,
        0.8891333317756653,
        0.8888999978701274,
        0.888333330154419,
        0.8883666658401489,
        0.8899999962250391,
        0.891566662589709,
        0.8915833312273026,
        0.8912833315134049,
        0.8928666633367538,
        0.8942999980847041,
        0.8938499963283539,
        0.8941499968369802,
        0.8950333297252655,
        0.8958666650454203,
        0.8977499961853027,
        0.897566663424174,
        0.8965333310763041,
        0.8987999975681304,
        0.8980666653315226,
        0.9000333350896835,
        0.8985499974091847,
        0.8998333311080933,
        0.9000166646639506,
        0.9019666673739751,
        0.9007166643937429,
        0.9006833328803381
    ],
    "test_accs": [
        0.8237999987602234,
        0.8460999989509582,
        0.8399000012874603,
        0.8318999981880189,
        0.8481000006198883,
        0.8462000012397766,
        0.8368000042438507,
        0.8579999959468841,
        0.8496999990940094,
        0.8566000020503998,
        0.8470999956130981,
        0.8609999978542328,
        0.86450000166893,
        0.8555000007152558,
        0.8580000030994416,
        0.8534000015258789,
        0.855299996137619,
        0.8655000030994415,
        0.8518000018596649,
        0.8616000032424926,
        0.8651000034809112,
        0.8615000021457672,
        0.8733999979496002,
        0.8558000016212464,
        0.8666000020503998,
        0.8688000023365021,
        0.861399998664856,
        0.8672000002861023,
        0.8660000050067902,
        0.8686999976634979,
        0.8685000002384186,
        0.8642000007629395,
        0.8692999994754791,
        0.8627000045776367,
        0.8739000010490418,
        0.8601999998092651,
        0.8600000035762787,
        0.8668999969959259,
        0.8732000017166137,
        0.8683000004291535,
        0.8649000012874604,
        0.8727999985218048,
        0.867700001001358,
        0.8710000002384186,
        0.8738999998569489,
        0.8703999984264373,
        0.8667999994754791,
        0.8739999985694885,
        0.8675000011920929,
        0.8756000006198883
    ]
}