{
    "train_losses": [
        0.7492047513524691,
        0.4778487138946851,
        0.43316398441791537,
        0.41929406916101775,
        0.4087220838665962,
        0.38436771417657534,
        0.3774394499262174,
        0.382129764209191,
        0.3764643888672193,
        0.3618300622701645,
        0.35992150942484535,
        0.3622447440524896,
        0.35094173620144525,
        0.3479343970119953,
        0.34708416238427164,
        0.3465107613305251,
        0.3378572055200736,
        0.33524024913708367,
        0.33377539734045664,
        0.3335711057980855,
        0.32658388192454973,
        0.326089862883091,
        0.32205155576268835,
        0.3209865573545297,
        0.32454942310849827,
        0.31272959515452387,
        0.310328573435545,
        0.31756940404574074,
        0.3163937704265118,
        0.31316580414772033,
        0.3068663260837396,
        0.30914864629507066,
        0.3001379331946373,
        0.2991419003903866,
        0.3030942130088806,
        0.296010868002971,
        0.3068353317677975,
        0.29493131160736086,
        0.2905263955394427,
        0.28818407709399857,
        0.2963484901934862,
        0.28786045596003534,
        0.2872698977589607,
        0.2854769663512707,
        0.28417695820331573,
        0.28182168150941533,
        0.28175494268536566,
        0.2786453098555406,
        0.2826105172932148,
        0.27764423211415606
    ],
    "test_losses": [
        0.5815621548891068,
        0.5174204313755035,
        0.4378108197450638,
        0.42614264488220216,
        0.4425919711589813,
        0.4402248972654343,
        0.4058345276117325,
        0.4160663795471191,
        0.41089206099510195,
        0.4294059455394745,
        0.4116431671380997,
        0.4128156405687332,
        0.4023532611131668,
        0.423415475487709,
        0.4084653168916702,
        0.42895892858505247,
        0.410078264772892,
        0.3909720849990845,
        0.4162928819656372,
        0.3881922429800034,
        0.41430543065071107,
        0.384026957154274,
        0.40537785649299624,
        0.45565677762031553,
        0.42670643389225005,
        0.3810736578702927,
        0.40870861291885374,
        0.4102843099832535,
        0.40062577068805694,
        0.4074169421195984,
        0.402196991443634,
        0.3866515722870827,
        0.39074472308158875,
        0.4281222313642502,
        0.40796019792556765,
        0.4105551064014435,
        0.449384246468544,
        0.3941116601228714,
        0.3896833491325378,
        0.38206734478473664,
        0.40948017954826355,
        0.39352279365062715,
        0.3956857007741928,
        0.4034530499577522,
        0.4214955186843872,
        0.3853158095479012,
        0.39244175255298613,
        0.42488724797964095,
        0.3864724889397621,
        0.4260877150297165
    ],
    "train_accs": [
        0.733116667419672,
        0.8285833326975505,
        0.8455333336194356,
        0.8512333359320958,
        0.8566333361466726,
        0.8631333351135254,
        0.8648500017325084,
        0.8645833339293798,
        0.8675000007947286,
        0.8722666651010513,
        0.8727999995152156,
        0.872749999165535,
        0.876749999721845,
        0.8764833325147628,
        0.8775666664044063,
        0.8778333334128062,
        0.87973333021005,
        0.8816333317756653,
        0.8822833307584127,
        0.8830666651328405,
        0.8854333315292994,
        0.8848333315054575,
        0.8850666646162669,
        0.8875166628758112,
        0.8862333303689957,
        0.8896166644493739,
        0.8892666641871134,
        0.8882333306471507,
        0.8889499978224437,
        0.8906833324829737,
        0.8908333331346512,
        0.890333331823349,
        0.8942999982833862,
        0.8936666645606359,
        0.8938499993085861,
        0.8944166626532872,
        0.892833331823349,
        0.8953166641791661,
        0.897599996527036,
        0.8975166652599971,
        0.8963999992609024,
        0.8986666645606359,
        0.89871666431427,
        0.898199999332428,
        0.8992666645844778,
        0.9006499985853831,
        0.9005666649341584,
        0.9014666654666265,
        0.8997333323955536,
        0.9020499976476034
    ],
    "test_accs": [
        0.7919000005722046,
        0.8189999985694886,
        0.8425999999046325,
        0.8505999982357025,
        0.8433000004291534,
        0.8443999981880188,
        0.8579000020027161,
        0.866800000667572,
        0.8555000066757202,
        0.8421999955177307,
        0.8580999982357025,
        0.8602000021934509,
        0.8604999983310699,
        0.8619000053405762,
        0.8627000033855439,
        0.8610000038146972,
        0.8582000017166138,
        0.8658000040054321,
        0.8590999960899353,
        0.8652000010013581,
        0.8592000043392182,
        0.8665000033378601,
        0.8587999963760375,
        0.8475,
        0.8606000018119812,
        0.8673999989032746,
        0.8624000024795532,
        0.863600001335144,
        0.8639999973773956,
        0.8583000016212463,
        0.858899998664856,
        0.8688999998569489,
        0.8593000006675721,
        0.862099997997284,
        0.865299997329712,
        0.8536000001430512,
        0.8537999987602234,
        0.8675,
        0.8655000007152558,
        0.8762999999523163,
        0.866599999666214,
        0.8684999990463257,
        0.8668000018596649,
        0.8614000034332275,
        0.8559999990463257,
        0.868800003528595,
        0.8631000006198883,
        0.8617999994754791,
        0.8712000036239624,
        0.8639000010490417
    ]
}