{
    "train_losses": [
        0.5640778019527595,
        0.3332943156858285,
        0.3090762510399024,
        0.2941661861042182,
        0.2853918144106865,
        0.2797497805953026,
        0.2783007150888443,
        0.27311402703324955,
        0.2718345789114634,
        0.268478468755881,
        0.2675542306403319,
        0.26276981045802433,
        0.2601778045296669,
        0.25942098058760166,
        0.2563264722128709,
        0.25369317673146724,
        0.2520363703121742,
        0.2504921744763851,
        0.24775104145208995,
        0.24657051138579844,
        0.24531001391510168,
        0.24368171627322832,
        0.24215220960477987,
        0.24133180022239686,
        0.24033490056792894,
        0.238566569040219,
        0.23711507757504782,
        0.2362879950553179,
        0.23652551462252935,
        0.234884589339296,
        0.23452059095104535,
        0.23416794245441755,
        0.2332666888833046,
        0.23279599159955977,
        0.2321663737297058,
        0.23109553299844265,
        0.2310941175868114,
        0.2309402483701706,
        0.23010819286108017,
        0.22998433962464332,
        0.23016965900858244,
        0.22879579824705917,
        0.22794040660063425,
        0.2287288505335649,
        0.22788279881079992,
        0.22830022275447845,
        0.22751939324041207,
        0.22713276535272597,
        0.22690614027281603,
        0.2267402097582817
    ],
    "test_losses": [
        0.361149360537529,
        0.32076372593641284,
        0.2744685539603233,
        0.2796710416674614,
        0.27746404349803927,
        0.28585186302661897,
        0.2798462018370628,
        0.27689888566732407,
        0.2771345534920692,
        0.27177527874708174,
        0.28806352108716965,
        0.2723319208621979,
        0.27437697410583495,
        0.28391856789588926,
        0.2757751104235649,
        0.27566384643316266,
        0.2781281092762947,
        0.27488705366849897,
        0.27855562925338745,
        0.2793892005085945,
        0.275450824201107,
        0.2815429225564003,
        0.28254348754882813,
        0.28269462317228317,
        0.28460487753152847,
        0.2838559266924858,
        0.2857926133275032,
        0.2813739854097366,
        0.29167612284421923,
        0.2867745730280876,
        0.28561052709817886,
        0.28457334101200105,
        0.29052864164114,
        0.2905221873521805,
        0.29057993084192274,
        0.28790529161691664,
        0.2941145896911621,
        0.2914868608117104,
        0.2904432910680771,
        0.29857055366039276,
        0.28986895889043807,
        0.30005800172686575,
        0.2903949671983719,
        0.2938235154747963,
        0.29610759049654006,
        0.29639901280403136,
        0.2980408483743668,
        0.2926309703290462,
        0.29168395698070526,
        0.2936483117938042
    ],
    "train_accs": [
        0.8353999984761079,
        0.9026833337545395,
        0.9117333320776622,
        0.917183333436648,
        0.919950003027916,
        0.9219000039498011,
        0.9221833354234695,
        0.9242000031471252,
        0.9242666701475779,
        0.9250166694323222,
        0.9256666702032089,
        0.9263833345969518,
        0.9276000020901362,
        0.9272333347797393,
        0.9284000021219253,
        0.9294500017166137,
        0.9298833352327347,
        0.929066669344902,
        0.9306833346684774,
        0.9302000013987223,
        0.9310333345333736,
        0.9308500003814697,
        0.9316500024000803,
        0.9321000019709269,
        0.9324499998490016,
        0.9327166678508123,
        0.9343333339691162,
        0.9324000006914139,
        0.9336833337942759,
        0.9336833339929581,
        0.9341833341121674,
        0.9336500000953675,
        0.9344500005245209,
        0.9342333336671194,
        0.9347666674852371,
        0.9347333325942357,
        0.9346166676282883,
        0.9350833320617675,
        0.9350500003496806,
        0.9358833332856497,
        0.9345000008742015,
        0.9349833327531815,
        0.9362666658560435,
        0.9361000005404154,
        0.9363333338499069,
        0.9356333325306575,
        0.9360333327452341,
        0.9361833331982294,
        0.935799999833107,
        0.936216665705045
    ],
    "test_accs": [
        0.8916999936103821,
        0.907099996805191,
        0.9217000007629395,
        0.9223000025749206,
        0.9212000024318695,
        0.9214000010490417,
        0.9229000043869019,
        0.9195000040531158,
        0.9245000064373017,
        0.9253000020980835,
        0.9168000006675721,
        0.9237999999523163,
        0.9212999999523163,
        0.9232000005245209,
        0.9232999992370605,
        0.9225000035762787,
        0.9243000042438507,
        0.9238000011444092,
        0.9233000040054321,
        0.9234000039100647,
        0.9239000034332275,
        0.9242999994754791,
        0.9255000007152557,
        0.9254000008106231,
        0.9248000037670135,
        0.9240000009536743,
        0.9249000036716462,
        0.9269000017642974,
        0.9205000007152557,
        0.9262000012397766,
        0.9237000024318696,
        0.9252000033855439,
        0.9240000033378601,
        0.9246000051498413,
        0.9247000014781952,
        0.9244999992847442,
        0.9248000049591064,
        0.9235000038146972,
        0.9241000020503998,
        0.920400003194809,
        0.9229000043869019,
        0.9228999996185303,
        0.924099998474121,
        0.9218000054359436,
        0.9210000002384185,
        0.9237000024318696,
        0.922200003862381,
        0.9244000017642975,
        0.9224999988079071,
        0.9216999983787537
    ]
}