{
    "train_losses": [
        0.6637155318260193,
        0.46262475560108823,
        0.42582589397827786,
        0.4110253135363261,
        0.3970006114244461,
        0.3870566927889983,
        0.37925939018527666,
        0.37460505177577336,
        0.36704628164569536,
        0.36318195298314093,
        0.3593251213431358,
        0.35316715473930044,
        0.3529773162305355,
        0.3523479071756204,
        0.33906065742174785,
        0.34123953451712924,
        0.3406223395466805,
        0.33397500375906625,
        0.3322638719777266,
        0.3307710536321004,
        0.32801849852005643,
        0.3261541209121545,
        0.32490968704223633,
        0.3177836235364278,
        0.31410648847619693,
        0.31383931075533233,
        0.30998090128103895,
        0.3152692660689354,
        0.31077865362167356,
        0.3105868075788021,
        0.31306815922260284,
        0.299576606998841,
        0.3007203513880571,
        0.2998844272394975,
        0.30110623384515445,
        0.2955479480326176,
        0.3025219596922398,
        0.2933459861079852,
        0.28889633918801944,
        0.28732272252440455,
        0.28665745615959165,
        0.2896289713680744,
        0.2873951202382644,
        0.28661782855788864,
        0.28237851878007253,
        0.28785478671391806,
        0.2782648882269859,
        0.28153998936216035,
        0.28227613588174183,
        0.27455107430617015
    ],
    "test_losses": [
        0.5278667497634888,
        0.5040956652164459,
        0.43633137702941893,
        0.4546516090631485,
        0.4109803706407547,
        0.4250083690881729,
        0.4215925180912018,
        0.4227184623479843,
        0.4322363656759262,
        0.40435312628746034,
        0.4247486889362335,
        0.39078343778848645,
        0.39843841433525085,
        0.45187203168869017,
        0.39717294931411745,
        0.3909221225976944,
        0.3870280987024307,
        0.4276829731464386,
        0.39826157689094543,
        0.4225370293855667,
        0.4106988209486008,
        0.4471416902542114,
        0.3958931440114975,
        0.37682770371437074,
        0.3868904680013657,
        0.38820868968963623,
        0.40533874690532684,
        0.40820984601974486,
        0.3868541705608368,
        0.41898936808109283,
        0.4208517998456955,
        0.3988098418712616,
        0.390360985994339,
        0.41668990403413775,
        0.4205362540483475,
        0.41271292209625243,
        0.4003362339735031,
        0.3965488681197166,
        0.4016623389720917,
        0.37349538028240203,
        0.4157227236032486,
        0.3859698212146759,
        0.3887061989307404,
        0.43084574401378634,
        0.40457467883825304,
        0.42428196847438815,
        0.38705879092216494,
        0.4110555529594421,
        0.4111561518907547,
        0.4130106148123741
    ],
    "train_accs": [
        0.7623500015338261,
        0.8330999996264775,
        0.8471500009298325,
        0.8535333333412806,
        0.8577666668097178,
        0.8639166686932246,
        0.8662666672468186,
        0.8686666655540466,
        0.8708000020186106,
        0.8722999999920528,
        0.8734666665395101,
        0.8751499980688096,
        0.8769666641950608,
        0.8760166672865549,
        0.8798166630665462,
        0.880149997472763,
        0.8815499997138977,
        0.8826166659593582,
        0.8826666651169459,
        0.882766665617625,
        0.8848833316564559,
        0.886133330464363,
        0.8854833312829336,
        0.8882499972979228,
        0.8889833301305771,
        0.888299998641014,
        0.8906666644414266,
        0.8891333309809367,
        0.891033331155777,
        0.890633331934611,
        0.889599997997284,
        0.8943333321809769,
        0.8955666643381118,
        0.8952499961853028,
        0.8939333305756251,
        0.8950499975681305,
        0.8950666644175848,
        0.897316664258639,
        0.8975666650136311,
        0.8984499988953273,
        0.8989999961853027,
        0.8967999978860219,
        0.8998666636149089,
        0.8996833316485087,
        0.9002166658639907,
        0.8990166648228963,
        0.9007499996821086,
        0.9003666647275289,
        0.9005833321809769,
        0.901899998386701
    ],
    "test_accs": [
        0.7994999969005585,
        0.8187000012397766,
        0.8470000064373017,
        0.8373999989032745,
        0.855400002002716,
        0.8514999985694885,
        0.8554999995231628,
        0.8544000017642975,
        0.8482000029087067,
        0.8574000036716461,
        0.8479999959468841,
        0.8605000054836274,
        0.8576000034809113,
        0.8527000021934509,
        0.8624000036716462,
        0.8664000010490418,
        0.868600001335144,
        0.85450000166893,
        0.8651999962329865,
        0.8583000028133392,
        0.864900004863739,
        0.864099999666214,
        0.8641000044345856,
        0.870299996137619,
        0.8661000001430511,
        0.8555000007152558,
        0.8580000042915344,
        0.8684000027179718,
        0.8709000015258789,
        0.8594000053405761,
        0.8571000063419342,
        0.8662000012397766,
        0.8700000011920929,
        0.8658000040054321,
        0.8650000035762787,
        0.8557000017166138,
        0.8646999990940094,
        0.8661000013351441,
        0.8661999988555908,
        0.8703999996185303,
        0.8610999977588654,
        0.8664999985694886,
        0.8681000018119812,
        0.8646000015735626,
        0.8661000037193298,
        0.8608000016212464,
        0.8649000024795532,
        0.8645000028610229,
        0.8634000027179718,
        0.8641000056266784
    ]
}