{
    "train_losses": [
        0.41480328808228173,
        0.30200573841730755,
        0.2900727193554242,
        0.28148682296276095,
        0.276792023529609,
        0.27107488150397935,
        0.26750442291299503,
        0.2643707323322694,
        0.2592190373440584,
        0.2572185362378756,
        0.254935659095645,
        0.25269426122307775,
        0.2522280477980773,
        0.25098137830694517,
        0.2490451150139173,
        0.2464348701884349,
        0.24722987624506157,
        0.24501840330660343,
        0.24415431847174962,
        0.2429054956883192,
        0.24350528212885061,
        0.2411712042738994,
        0.2409697535385688,
        0.24016722115377584,
        0.23876583139101665,
        0.23817314960062505,
        0.2390257525195678,
        0.23734718531370164,
        0.23815912601848443,
        0.23584790075818698,
        0.23616194181144237,
        0.2351302702476581,
        0.23537105093399682,
        0.23420212152103584,
        0.23397498562932015,
        0.23370157969494662,
        0.2336488732447227,
        0.23255090951919555,
        0.2330587715903918,
        0.23222798603276412,
        0.2311942464609941,
        0.23149808906018735,
        0.2316718870898088,
        0.2305048988511165,
        0.23112344982723396,
        0.23101267454524835,
        0.22994796211520832,
        0.23046271463235218,
        0.23010945369799932,
        0.22932044190665085
    ],
    "test_losses": [
        0.2949081894755363,
        0.28614413559436797,
        0.28648093700408933,
        0.2824644958972931,
        0.2804023826122284,
        0.27990287393331525,
        0.2752670381963253,
        0.27573671489953994,
        0.27993657767772673,
        0.2804255971312523,
        0.2765457814931869,
        0.2829219955205917,
        0.2759743082523346,
        0.278247504234314,
        0.28175965547561643,
        0.296260302066803,
        0.2878423660993576,
        0.28605602085590365,
        0.28445305734872817,
        0.28474492728710177,
        0.28826087445020676,
        0.2873665809631348,
        0.2879873839020729,
        0.2917257398366928,
        0.2904113212227821,
        0.2882094576954842,
        0.2898857697844505,
        0.29211980015039446,
        0.2920843157172203,
        0.29383408665657046,
        0.28936774641275403,
        0.28669485181570054,
        0.2911569559574127,
        0.2950966665148735,
        0.2881182241439819,
        0.2905516576766968,
        0.28813058584928514,
        0.2901524931192398,
        0.2936448499560356,
        0.29364914387464525,
        0.29107282638549803,
        0.2928302642703056,
        0.2922809547185898,
        0.2976261603832245,
        0.29720483869314196,
        0.2935710370540619,
        0.2969115522503853,
        0.29959083706140516,
        0.2941955500841141,
        0.29326196998357773
    ],
    "train_accs": [
        0.8803333326925834,
        0.9142500007152558,
        0.9185166690746943,
        0.9212000036239624,
        0.9222500026226044,
        0.9239500029881795,
        0.9252500019470851,
        0.9266833349068959,
        0.9278000017007192,
        0.926900002360344,
        0.9285666692256928,
        0.9293666674693426,
        0.9284833353757859,
        0.9289000016450882,
        0.9292500017086665,
        0.9307999996344248,
        0.9293333339691162,
        0.9312333347400029,
        0.9312833333015442,
        0.9317333344618479,
        0.931450001001358,
        0.9319333338737488,
        0.932483334740003,
        0.9317500007152557,
        0.9328500002622604,
        0.9325333338975906,
        0.9322166685263316,
        0.9331500001748403,
        0.9324333349863688,
        0.9331999995311101,
        0.9330333330233892,
        0.9337000002463659,
        0.9335999995470047,
        0.9337666668494542,
        0.9339500012000402,
        0.9344833330313365,
        0.9340166664123535,
        0.9345500014225642,
        0.9338333328564962,
        0.9339166673024496,
        0.9350666662057241,
        0.9347333327929179,
        0.9346666665871938,
        0.9349166649580002,
        0.9349666668971379,
        0.934700001279513,
        0.9354166656732559,
        0.9348500013351441,
        0.9350000017881394,
        0.9352666670084
    ],
    "test_accs": [
        0.9148000001907348,
        0.9170000064373016,
        0.9198000037670135,
        0.9243000042438507,
        0.921599999666214,
        0.9217999994754791,
        0.9223000037670136,
        0.9223000013828277,
        0.9207000017166138,
        0.9226000010967255,
        0.9232000041007996,
        0.9211000001430512,
        0.9237000012397766,
        0.9265000009536744,
        0.9230000007152558,
        0.9206000065803528,
        0.9241000044345856,
        0.9201999974250793,
        0.9246000051498413,
        0.9216000056266784,
        0.9229000031948089,
        0.9244000005722046,
        0.9236000013351441,
        0.9203000009059906,
        0.9200000023841858,
        0.9256999981403351,
        0.9227999997138977,
        0.9228999996185303,
        0.9235000050067902,
        0.9237999999523163,
        0.9226000046730042,
        0.9231000030040741,
        0.9190000021457672,
        0.9197000014781952,
        0.9238000023365021,
        0.9239000034332275,
        0.9244000029563904,
        0.9241000032424926,
        0.9213000023365021,
        0.9201000022888184,
        0.9240000021457672,
        0.9240000021457672,
        0.9237000048160553,
        0.9210000026226044,
        0.9215000021457672,
        0.9224000024795532,
        0.9222000062465667,
        0.9203000009059906,
        0.9210000026226044,
        0.9239000058174134
    ]
}