{
    "train_losses": [
        0.5202550218502681,
        0.4326494218905767,
        0.41510097672541935,
        0.4049160421391328,
        0.3989945195118586,
        0.39335476929942764,
        0.3874733372032642,
        0.3850624226530393,
        0.38233183830976486,
        0.37968702663977943,
        0.37791544223825135,
        0.3756954285502434,
        0.37500366374850275,
        0.37132004330555596,
        0.3717005192736785,
        0.36864049365123114,
        0.36960768297314645,
        0.3667320174475511,
        0.3656806683540344,
        0.3657510509093603,
        0.3651652407646179,
        0.3645015952487787,
        0.3633405147492886,
        0.3632101530830065,
        0.36280565535028775,
        0.36117950270573296,
        0.361439696153005,
        0.3591671089331309,
        0.3596503613392512,
        0.3597805792093277,
        0.3575255093475183,
        0.3578548408051332,
        0.35713415707151097,
        0.3569580534597238,
        0.3572598211467266,
        0.35571590190132457,
        0.3549993060032527,
        0.35432759910821915,
        0.35431737969319027,
        0.35424446309606233,
        0.3530977506438891,
        0.3535273886720339,
        0.35296686172485353,
        0.3535684462885062,
        0.3522111277282238,
        0.35175341536601384,
        0.3515766960879167,
        0.35110936805605886,
        0.351295083463192,
        0.351479749083519
    ],
    "test_losses": [
        0.4825423192977905,
        0.46837703466415403,
        0.4587510699033737,
        0.46358836531639097,
        0.45283437848091124,
        0.44938051879405977,
        0.4645384883880615,
        0.4548490929603577,
        0.4612257081270218,
        0.4614368110895157,
        0.4648992300033569,
        0.46235400199890136,
        0.4590915787220001,
        0.4619531962275505,
        0.45589656352996827,
        0.46936407387256623,
        0.4572514396905899,
        0.46074341535568236,
        0.4682566100358963,
        0.4688121420145035,
        0.46435254991054536,
        0.46160003304481506,
        0.46275251269340517,
        0.46465963006019595,
        0.46809472382068634,
        0.4706741213798523,
        0.4646596562862396,
        0.46516974329948424,
        0.47468458831310273,
        0.4658160495758057,
        0.4649344027042389,
        0.4688808906078339,
        0.46369864761829377,
        0.46860657215118406,
        0.47033554792404175,
        0.46563587844371795,
        0.46700867295265197,
        0.47162453353405,
        0.4673969006538391,
        0.47181371986866,
        0.46828886985778806,
        0.47423716008663175,
        0.47421030938625336,
        0.4777374678850174,
        0.47179037988185885,
        0.47223576545715334,
        0.47395583748817444,
        0.4730536502599716,
        0.4693655735254288,
        0.4747519278526306
    ],
    "train_accs": [
        0.8183666677772998,
        0.8504833366473515,
        0.8553833347558976,
        0.8583500021696091,
        0.8597666676839193,
        0.8621000015735626,
        0.8642000027497609,
        0.8656500009695689,
        0.8649666680892308,
        0.8655666663249334,
        0.8672833349307378,
        0.867849999666214,
        0.8669666669766108,
        0.868150001168251,
        0.8692500005165736,
        0.8694999994834264,
        0.8685666670401891,
        0.8708333311478297,
        0.8713833341995875,
        0.8710166678826015,
        0.8704000008106232,
        0.8710833334922791,
        0.8711500014861425,
        0.8718000000715256,
        0.8715666669607163,
        0.8718166673183441,
        0.8728666657209396,
        0.8733666674296061,
        0.8727833324670792,
        0.8718166691064835,
        0.8730166671673457,
        0.8733833316961924,
        0.87324999888738,
        0.8725333321094513,
        0.873699999054273,
        0.8739166667064031,
        0.8731833326816559,
        0.8738666671514511,
        0.8749666653076807,
        0.8735166660944621,
        0.8749333328008652,
        0.874116666118304,
        0.8752166664600373,
        0.8737833327054978,
        0.8744499999284744,
        0.8751666661103567,
        0.8742000007629395,
        0.875066666205724,
        0.8750333338975906,
        0.8749833327531814
    ],
    "test_accs": [
        0.8344000005722045,
        0.8314999961853027,
        0.8351000046730042,
        0.8361999964714051,
        0.8426999986171723,
        0.840200001001358,
        0.8376000082492828,
        0.8410000014305115,
        0.8396999990940094,
        0.8364000046253204,
        0.8319000029563903,
        0.838800003528595,
        0.8367000007629395,
        0.8372000014781952,
        0.8412999999523163,
        0.8372999966144562,
        0.8398000001907349,
        0.8389999997615815,
        0.8363999974727631,
        0.8363000011444092,
        0.8411000001430512,
        0.8384000027179718,
        0.8332000029087067,
        0.8420999991893768,
        0.8385000026226044,
        0.8400999963283539,
        0.8363999986648559,
        0.8394999980926514,
        0.8382000017166138,
        0.8397000002861023,
        0.8395000040531159,
        0.8355999994277954,
        0.8388000011444092,
        0.8409999978542327,
        0.8383000040054321,
        0.8382999992370606,
        0.8390000021457672,
        0.8360000014305115,
        0.8394999992847443,
        0.8366999983787536,
        0.8375,
        0.8376000022888184,
        0.8370999968051911,
        0.8381999981403351,
        0.8370000028610229,
        0.83799999833107,
        0.8332999992370606,
        0.8404000008106232,
        0.8374000024795533,
        0.8355999970436097
    ]
}