{
    "train_losses": [
        2.365579138278961,
        1.998409430027008,
        1.8686524147987367,
        1.8274091515541078,
        1.7894083061218262,
        1.7679730138778686,
        1.7536646876335145,
        1.74035888671875,
        1.7305377173423766,
        1.7233420453071595,
        1.71478786611557,
        1.7077726755142213,
        1.7020665559768677,
        1.6952131824493408,
        1.6924518795013428,
        1.6882099890708924,
        1.6830171022415161,
        1.6804246425628662,
        1.678605213165283,
        1.6751000056266785,
        1.671328161239624,
        1.6699098138809203,
        1.6681693921089171,
        1.664003387451172,
        1.662195523738861,
        1.6584023571014403,
        1.6587403545379638,
        1.6556677942276001,
        1.6536606674194336,
        1.6501620383262634,
        1.6497498092651368,
        1.6462925720214843,
        1.6454208159446717,
        1.6433710842132567,
        1.6415871367454529,
        1.6397480936050415,
        1.6367904849052428,
        1.6343119516372682,
        1.6319434809684754,
        1.631035957813263,
        1.6276241688728332,
        1.6268646087646483,
        1.6237122583389283,
        1.6209138526916504,
        1.6193347635269164,
        1.6161174564361571,
        1.6150686678886415,
        1.6131629319190979,
        1.61118630027771,
        1.6099507780075073
    ],
    "test_losses": [
        2.0424940967559815,
        1.9250936794281006,
        1.8379226112365723,
        1.8080242300033569,
        1.7763567519187928,
        1.7730691885948182,
        1.7590917682647704,
        1.7545622158050538,
        1.7461721086502076,
        1.7379764986038209,
        1.7694080638885499,
        1.7515419554710387,
        1.7517961192131042,
        1.7538157868385316,
        1.7470586919784545,
        1.7512498927116393,
        1.7524268746376037,
        1.7599465465545654,
        1.7533621454238892,
        1.741201066970825,
        1.7482829666137696,
        1.7579854321479798,
        1.7577354574203492,
        1.7638607096672059,
        1.750939040184021,
        1.7567685461044311,
        1.7601629376411438,
        1.7480137658119201,
        1.7570992612838745,
        1.7601758742332458,
        1.7556093168258666,
        1.7564081287384032,
        1.7556420731544495,
        1.7595822739601135,
        1.7552502179145812,
        1.7699721693992614,
        1.7665807175636292,
        1.7804638671875,
        1.7610010933876037,
        1.7730276942253114,
        1.7672025895118713,
        1.7758539915084839,
        1.7813505053520202,
        1.7821536087989807,
        1.7796895599365234,
        1.7829324793815613,
        1.7762537622451782,
        1.776982934474945,
        1.790078911781311,
        1.7835460329055786
    ],
    "train_accs": [
        0.23159999933838843,
        0.2907399994730949,
        0.3485399998426437,
        0.36618000018596647,
        0.3819199998378754,
        0.3893199995756149,
        0.3967999994754791,
        0.402199999332428,
        0.4044799993038177,
        0.40905999958515166,
        0.4121599998474121,
        0.4157599993944168,
        0.4159400000572205,
        0.42193999922275544,
        0.4209799998998642,
        0.423960000038147,
        0.4252199991941452,
        0.42565999937057497,
        0.4257399996519089,
        0.4276199985742569,
        0.42769999969005584,
        0.4287000002861023,
        0.4299399998188019,
        0.4326599990129471,
        0.43306000077724455,
        0.4338799992799759,
        0.4343200000524521,
        0.4337799997329712,
        0.43587999904155733,
        0.43509999883174894,
        0.43691999995708464,
        0.43616000020504,
        0.43700000071525574,
        0.43800000059604643,
        0.43916000020504,
        0.44183999955654146,
        0.441379999756813,
        0.4426999992132187,
        0.4419600007534027,
        0.44312000036239624,
        0.4445800009965897,
        0.44325999927520754,
        0.4455999995470047,
        0.44468000066280367,
        0.44722000014781954,
        0.44815999937057494,
        0.4468799990415573,
        0.44931999945640566,
        0.4491600012779236,
        0.4506999998092651
    ],
    "test_accs": [
        0.28819999992847445,
        0.31640000015497205,
        0.3657999992370605,
        0.3719999980926514,
        0.3862999999523163,
        0.38649999916553496,
        0.39189999997615815,
        0.394799998998642,
        0.39110000014305113,
        0.40020000040531156,
        0.3883999997377396,
        0.38989999890327454,
        0.39349999964237214,
        0.389099999666214,
        0.39460000038146975,
        0.39419999957084656,
        0.3926999998092651,
        0.3893000000715256,
        0.3937999999523163,
        0.402299998998642,
        0.3977000015974045,
        0.3920999991893768,
        0.3917999988794327,
        0.3890000027418137,
        0.393500000834465,
        0.39349999964237214,
        0.38490000009536746,
        0.39760000109672544,
        0.3917999994754791,
        0.39099999964237214,
        0.3955999994277954,
        0.3877999997138977,
        0.3892999988794327,
        0.390100000500679,
        0.3903999978303909,
        0.3849999994039536,
        0.38899999916553496,
        0.38619999766349794,
        0.39520000040531156,
        0.3876999992132187,
        0.3945999985933304,
        0.38300000071525575,
        0.3836000007390976,
        0.3860999995470047,
        0.3838999992609024,
        0.38279999911785123,
        0.39039999842643736,
        0.3860999995470047,
        0.3849000012874603,
        0.3896999979019165
    ]
}