{
    "train_losses": [
        2.219015162944794,
        1.930159734249115,
        1.8304532527923585,
        1.7837175521850586,
        1.7610980429649352,
        1.748302203655243,
        1.739937493801117,
        1.7308761043548584,
        1.7242445702552796,
        1.7156894879341125,
        1.7119322290420533,
        1.703544783115387,
        1.696368115901947,
        1.6926454105377198,
        1.690251494884491,
        1.6852502617835998,
        1.683145239830017,
        1.6789670200347901,
        1.6775644631385804,
        1.6748913416862488,
        1.6729600214958191,
        1.6698383808135986,
        1.6670459756851197,
        1.6661307616233825,
        1.663607696056366,
        1.6611417880058288,
        1.6600744333267212,
        1.6573279933929443,
        1.6574960708618165,
        1.653452217578888,
        1.6520870018005371,
        1.6518877034187316,
        1.6478058047294617,
        1.6460887517929077,
        1.6455443453788758,
        1.641861207962036,
        1.6392509746551513,
        1.639892556667328,
        1.6363886942863464,
        1.635189688682556,
        1.6326429314613342,
        1.6291641325950623,
        1.629015486240387,
        1.626194296836853,
        1.6263141331672668,
        1.6228085174560547,
        1.6219196691513063,
        1.6195236902236938,
        1.617250605583191,
        1.6163237643241883
    ],
    "test_losses": [
        2.03256698846817,
        1.878436050415039,
        1.8027657437324525,
        1.7637169361114502,
        1.7620505905151367,
        1.7504674983024597,
        1.745470690727234,
        1.761192693710327,
        1.7605992507934571,
        1.7490223407745362,
        1.7502707409858704,
        1.7588563203811645,
        1.7557546019554138,
        1.7512886500358582,
        1.7478967094421387,
        1.75827303647995,
        1.7542932081222533,
        1.751294481754303,
        1.7642258429527282,
        1.7574994587898254,
        1.7532804059982299,
        1.7508207321166993,
        1.755465693473816,
        1.7517190027236937,
        1.7575532364845277,
        1.7460736894607545,
        1.7658015131950378,
        1.7612270736694335,
        1.7558219957351684,
        1.758651692867279,
        1.7628539180755616,
        1.7650059461593628,
        1.7582903575897217,
        1.759980685710907,
        1.7628723311424255,
        1.7664961338043212,
        1.7707139682769775,
        1.7634468054771424,
        1.7688591289520263,
        1.7719203901290894,
        1.7702618956565856,
        1.7887344765663147,
        1.7755552005767823,
        1.776958405971527,
        1.7794113564491272,
        1.7767279529571534,
        1.7737452173233033,
        1.7787492871284485,
        1.7797504806518554,
        1.7765867471694947
    ],
    "train_accs": [
        0.25483999902009963,
        0.32228000032901766,
        0.3636199994087219,
        0.3827599995136261,
        0.3930999995470047,
        0.39731999969482423,
        0.40256000006198883,
        0.4064799991846085,
        0.4094599995613098,
        0.4124000000953674,
        0.41117999947071077,
        0.4151399995088577,
        0.41906000006198885,
        0.41981999921798707,
        0.42163999962806703,
        0.4226599985361099,
        0.423599998831749,
        0.4267799986600876,
        0.42795999932289125,
        0.42751999890804293,
        0.42717999863624573,
        0.42862000024318697,
        0.43021999979019165,
        0.4309799995422363,
        0.43148000013828275,
        0.43287999999523163,
        0.43187999963760376,
        0.432400000333786,
        0.43326000022888184,
        0.4368200000524521,
        0.4359399995803833,
        0.4375200001001358,
        0.43823999965190885,
        0.4392799991369247,
        0.4390400000810623,
        0.4413800007104874,
        0.4408800007104874,
        0.4401400002241135,
        0.4418599997758865,
        0.44074000012874603,
        0.44258000040054324,
        0.4434199994802475,
        0.4439199997186661,
        0.4446799999475479,
        0.4459000004529953,
        0.4473800002336502,
        0.44842000007629396,
        0.44667999947071074,
        0.4474599999189377,
        0.4488799996376038
    ],
    "test_accs": [
        0.2794999986886978,
        0.34090000033378604,
        0.3714000004529953,
        0.38939999997615815,
        0.39309999883174895,
        0.39549999833106997,
        0.3940999966859817,
        0.3879000002145767,
        0.3834999966621399,
        0.3902999985218048,
        0.3920999991893768,
        0.38799999952316283,
        0.39369999945163725,
        0.3958999991416931,
        0.3989000010490418,
        0.39129999935626986,
        0.39399999916553496,
        0.3941999989748001,
        0.3872999995946884,
        0.3911999982595444,
        0.39529999732971194,
        0.3934999990463257,
        0.39120000004768374,
        0.3957999980449676,
        0.3880999994277954,
        0.3991000008583069,
        0.38600000202655793,
        0.39089999794960023,
        0.39839999794960024,
        0.38919999957084656,
        0.3933000004291534,
        0.3890999972820282,
        0.39589999973773954,
        0.39009999930858613,
        0.3917999988794327,
        0.390699999332428,
        0.3886000001430511,
        0.3912999999523163,
        0.38949999928474427,
        0.38899999916553496,
        0.3892999988794327,
        0.38000000059604644,
        0.39029999911785124,
        0.3825999993085861,
        0.38099999725818634,
        0.3818000000715256,
        0.3893999981880188,
        0.3859999984502792,
        0.3827999997138977,
        0.3888999980688095
    ]
}