{
    "train_losses": [
        0.7776412943998973,
        0.32111798783143364,
        0.3120842429002126,
        0.30444719791412356,
        0.30234986513853074,
        0.29681409339110054,
        0.2930649540325006,
        0.28698925147453946,
        0.2847738209863504,
        0.2828634931147099,
        0.2803422762453556,
        0.28088722134629884,
        0.2776092508931955,
        0.27197099188963575,
        0.2751414522777001,
        0.2758410725494226,
        0.27918095350265504,
        0.26286272312204045,
        0.2643504539132118,
        0.2707225220402082,
        0.2857422953595718,
        7.57636657829086,
        0.5017659014463425,
        0.32327589141825835,
        0.2871716441959143,
        0.2710828114549319,
        0.27336997653047246,
        0.27131987996399404,
        0.2593628813823064,
        0.2617282656331857,
        0.2650879275302092,
        0.2585298929363489,
        0.25666200871268907,
        0.25332084923982623,
        0.2552006986240546,
        0.25260585551460585,
        0.25488441849748295,
        0.2515714223931233,
        0.25031670853495597,
        0.24793961172302564,
        0.2477106747031212,
        0.24609729255239168,
        0.2469344428430001,
        0.2462468102822701,
        0.24560510675112407,
        0.24613981415828068,
        0.249155029480656,
        0.2528193577378988,
        0.2518138382832209,
        0.25946810774505136
    ],
    "test_losses": [
        0.3077559906244278,
        0.3084829437732697,
        0.30052788108587264,
        0.2974177351593971,
        0.3141210529208183,
        0.29436409682035447,
        0.295367251932621,
        0.30521259337663653,
        0.28297478646039964,
        0.3045276525616646,
        0.2850222325325012,
        0.28685994923114777,
        0.29839819312095645,
        0.2946689522266388,
        0.2929921787977219,
        0.3098090434074402,
        0.2805467511713505,
        0.2843241408467293,
        0.3106890109181404,
        0.288985900580883,
        0.3134192478656769,
        1.0658100140094757,
        0.4516190239787102,
        0.4089603382349014,
        0.34996830493211745,
        0.35971720069646834,
        0.32696640387177467,
        0.3384525555372238,
        0.31566344320774076,
        0.3309200403094292,
        0.33731020033359527,
        0.3241765096783638,
        0.3038304017484188,
        0.3057911688089371,
        0.3163823640346527,
        0.31100283086299896,
        0.297122166454792,
        0.29459001004695895,
        0.2867331096529961,
        0.2980610904097557,
        0.2891713869571686,
        0.2951030632853508,
        0.2811731135845184,
        0.2852554601430893,
        0.28385182917118074,
        0.29351712733507157,
        0.301739376783371,
        0.290557724237442,
        0.29808061450719836,
        0.2987998104095459
    ],
    "train_accs": [
        0.8622999989489715,
        0.9087666662534079,
        0.9113999984661738,
        0.9138333348433176,
        0.914716667731603,
        0.9162833340962728,
        0.9171000021696091,
        0.9193166683117548,
        0.9190333354473114,
        0.9200833358367284,
        0.9210833354791006,
        0.9205500034491221,
        0.9217166686058045,
        0.9229833352565765,
        0.9221500017245611,
        0.921450002392133,
        0.9209666679302851,
        0.927416667342186,
        0.9267000019550323,
        0.9239666706323624,
        0.9190666673580805,
        0.8596499991168578,
        0.910600001613299,
        0.9184000013271968,
        0.9225000023841858,
        0.9243500020106633,
        0.9230000019073487,
        0.9249333345890045,
        0.9282833361625671,
        0.9264500025908152,
        0.9258166694641113,
        0.9278166675567627,
        0.92803333679835,
        0.9286666675408681,
        0.9277499993642171,
        0.928700001637141,
        0.9288833345969518,
        0.9299500014384587,
        0.9293500012159348,
        0.9303333342075348,
        0.9302833352486293,
        0.9309166667858759,
        0.9309333354234696,
        0.9299000012874603,
        0.9307833343744278,
        0.9303666690985362,
        0.9298499997456868,
        0.9288500028848649,
        0.9289000008503596,
        0.9267666699488958
    ],
    "test_accs": [
        0.9107999992370606,
        0.9146000003814697,
        0.9185000038146973,
        0.9172000014781951,
        0.9099000000953674,
        0.9171000027656555,
        0.916100001335144,
        0.9166000080108643,
        0.9230999982357025,
        0.9162000024318695,
        0.9217000031471252,
        0.920900000333786,
        0.9174000072479248,
        0.9217000007629395,
        0.9192000031471252,
        0.9194000029563903,
        0.9253999984264374,
        0.9214000046253205,
        0.918800002336502,
        0.9251999986171723,
        0.9217000019550323,
        0.8730999982357025,
        0.9030000019073486,
        0.9042999994754791,
        0.9158000028133393,
        0.9008000004291534,
        0.9249000036716462,
        0.9110999989509583,
        0.9201000046730041,
        0.9148000013828278,
        0.9151999974250793,
        0.9172999954223633,
        0.9204000043869018,
        0.9177000010013581,
        0.9182000017166138,
        0.9234000027179718,
        0.9194999957084655,
        0.9223000001907349,
        0.9245999991893769,
        0.9157000052928924,
        0.9246999990940094,
        0.9205999982357025,
        0.9248000025749207,
        0.921700005531311,
        0.9221000063419342,
        0.9203999996185303,
        0.9199000024795532,
        0.9206000006198883,
        0.9211000025272369,
        0.918400000333786
    ]
}