{
    "train_losses": [
        1.9213200473785401,
        1.764936730861664,
        1.738184015750885,
        1.7304715070724488,
        1.718041588783264,
        1.7088531122207642,
        1.6919158482551575,
        1.6741267137527467,
        1.6585086483955382,
        1.6551776471138,
        1.658902991771698,
        1.6535809674263,
        1.654177372932434,
        1.6309757051467895,
        1.6285963702201842,
        1.6244991750717164,
        1.6215682687759398,
        1.6126830639839171,
        1.6162933650016784,
        1.6099588198661805,
        1.6139790210723877,
        1.5964471578598023,
        1.5935983996391296,
        1.5957062644958495,
        1.6020826172828675,
        1.6094583940505982,
        1.5879974346160888,
        1.5949845633506774,
        1.580818084716797,
        1.591562114238739,
        1.5864743847846985,
        1.5850961861610413,
        1.5766987805366517,
        1.5868451738357543,
        1.5811388020515442,
        1.583736216545105,
        1.583643491744995,
        1.582370065689087,
        1.588489891052246,
        1.5750646500587464,
        1.5709017543792725,
        1.5750889544487,
        1.5766547994613647,
        1.5800385751724244,
        1.57426211643219,
        1.5665174951553344,
        1.579597044467926,
        1.581230694770813,
        1.5777317972183227,
        1.5501631383895873
    ],
    "test_losses": [
        1.7584574627876282,
        1.765072247982025,
        1.7866130447387696,
        1.79432630777359,
        1.851128032207489,
        1.7969789290428162,
        1.8131814813613891,
        1.8173749160766601,
        1.8562541174888612,
        1.874015610218048,
        1.9481289219856261,
        1.974165072441101,
        1.8861409068107604,
        1.9186037588119507,
        1.9049857783317565,
        1.942778661251068,
        1.9458713936805725,
        1.9895870542526246,
        2.000455365180969,
        2.046392617225647,
        1.9871857690811157,
        1.966765549182892,
        2.0335115075111387,
        1.9769712805747985,
        1.973253607749939,
        1.987276680469513,
        1.9721291327476502,
        1.9624379253387452,
        2.0266282629966734,
        1.967751486301422,
        2.024756844043732,
        1.993145728111267,
        2.002857744693756,
        1.9948236703872682,
        2.0172028398513793,
        2.03867716550827,
        2.0237136912345886,
        2.014268703460693,
        2.016159255504608,
        1.9962528491020202,
        2.039039475917816,
        2.020620379447937,
        2.0549772787094116,
        2.018836803436279,
        2.074761824607849,
        2.0420747804641723,
        2.0933784866333007,
        2.0722521471977235,
        2.054564929008484,
        2.023147530555725
    ],
    "train_accs": [
        0.3573000017106533,
        0.39619999945163725,
        0.402699999332428,
        0.407400000333786,
        0.41105999994277953,
        0.4155199997425079,
        0.42033999955654144,
        0.42562000000476835,
        0.4315399990081787,
        0.4310599995851517,
        0.43063999962806704,
        0.4322200003862381,
        0.43316000020504,
        0.4414599994421005,
        0.44362000000476837,
        0.4434600003957748,
        0.44527999889850617,
        0.4469399996995926,
        0.4459200003147125,
        0.4475400003194809,
        0.44732000029087066,
        0.4492799986600876,
        0.4534199992418289,
        0.45478000104427335,
        0.4539200001955032,
        0.44555999970436094,
        0.45705999875068665,
        0.4550399981737137,
        0.45805999863147734,
        0.4534000005722046,
        0.4572200002670288,
        0.45737999975681304,
        0.459539999961853,
        0.4576000000238419,
        0.4567400004863739,
        0.4572400006055832,
        0.4558599982261658,
        0.4589000016450882,
        0.4564399998188019,
        0.462039999961853,
        0.4602999995946884,
        0.4608399986028671,
        0.4568199999332428,
        0.4573199998140335,
        0.45999999964237215,
        0.4608400000333786,
        0.45625999903678893,
        0.4571799997091293,
        0.45887999987602235,
        0.46799999964237216
    ],
    "test_accs": [
        0.39649999856948853,
        0.3915999990701675,
        0.3766000002622604,
        0.37339999914169314,
        0.35670000314712524,
        0.37410000145435335,
        0.37269999742507937,
        0.3735000014305115,
        0.36679999947547914,
        0.3577000015974045,
        0.3310999995470047,
        0.3432000011205673,
        0.3706000006198883,
        0.3505999994277954,
        0.35650000035762786,
        0.3405000001192093,
        0.3510999995470047,
        0.345,
        0.35319999933242796,
        0.32100000023841857,
        0.33040000081062315,
        0.34460000216960907,
        0.3131000006198883,
        0.3419000029563904,
        0.3557000011205673,
        0.3585000020265579,
        0.3639999997615814,
        0.33589999794960024,
        0.336700000166893,
        0.35840000212192535,
        0.33689999878406524,
        0.348999999165535,
        0.34589999973773955,
        0.33550000190734863,
        0.33549999982118606,
        0.3327000021934509,
        0.3429999983310699,
        0.34509999930858615,
        0.34909999966621397,
        0.34310000121593476,
        0.32829999715089797,
        0.33819999992847444,
        0.34549999982118607,
        0.34540000081062316,
        0.31040000051259997,
        0.32589999854564666,
        0.326599999666214,
        0.3308000013232231,
        0.3356000006198883,
        0.32669999957084656
    ]
}