{
    "train_losses": [
        0.53146490752697,
        0.4362572573622068,
        0.4142562604943911,
        0.4065052342414856,
        0.3968484862645467,
        0.39206645339727403,
        0.38824552709857624,
        0.3826639473438263,
        0.38276482045650484,
        0.37947428693373997,
        0.3761997443934282,
        0.37697329531113305,
        0.37330757290124894,
        0.3722273384531339,
        0.37100576599438984,
        0.3688738919297854,
        0.3677527497212092,
        0.36733475238084795,
        0.3671461334824562,
        0.3644526574512323,
        0.3639280817906062,
        0.363661499718825,
        0.3619529061019421,
        0.3630047610898813,
        0.36023363545536996,
        0.35968434408307076,
        0.35934196824828785,
        0.3596059952676296,
        0.3580691254635652,
        0.3589932470520337,
        0.35663535485665004,
        0.3566642934580644,
        0.35582361136873564,
        0.35563530738155047,
        0.3550592325627804,
        0.35483325521151227,
        0.3542095839480559,
        0.35451186845699945,
        0.35271096994479495,
        0.35393820216258365,
        0.3526397549609343,
        0.35240821724136673,
        0.35183394481738406,
        0.35166831135749815,
        0.3510345539947351,
        0.35128383566935856,
        0.3510254155099392,
        0.3507485037545363,
        0.34999388312300045,
        0.3488512431581815
    ],
    "test_losses": [
        0.4801460111141205,
        0.4683805352449417,
        0.4536594617366791,
        0.4639042693376541,
        0.45668502390384674,
        0.4544446003437042,
        0.4604622495174408,
        0.45483589708805083,
        0.4546778893470764,
        0.4576090568304062,
        0.45886403530836106,
        0.46234472811222077,
        0.4712307471036911,
        0.4638283109664917,
        0.4591777127981186,
        0.46149311065673826,
        0.458534871339798,
        0.4642235380411148,
        0.4622046899795532,
        0.4602418851852417,
        0.47267043828964234,
        0.45804104566574094,
        0.4689921689033508,
        0.461762962937355,
        0.46500717878341674,
        0.46924720346927645,
        0.4751904970407486,
        0.47285923480987546,
        0.4731891590356827,
        0.46981011986732485,
        0.4732301652431488,
        0.4662988102436066,
        0.46983109176158905,
        0.4714505445957184,
        0.4712940365076065,
        0.4725636959075928,
        0.475497927069664,
        0.4693476718664169,
        0.4701691997051239,
        0.4671981829404831,
        0.46836950182914733,
        0.4707250332832336,
        0.47156424939632413,
        0.4747432535886765,
        0.47651823043823244,
        0.47598493218421933,
        0.47306689858436585,
        0.4748915112018585,
        0.4744501531124115,
        0.4771449452638626
    ],
    "train_accs": [
        0.8176666673769554,
        0.8501000024875005,
        0.8564500025908153,
        0.8581000024080276,
        0.8614166676998138,
        0.8623333362738291,
        0.8644500005245209,
        0.8654333360989889,
        0.8655333352088929,
        0.8671166698137919,
        0.8674500010410945,
        0.8668833357095719,
        0.8674000006914139,
        0.8695500010251999,
        0.8694166666269303,
        0.8703166649738947,
        0.8702166670560837,
        0.8692999994754791,
        0.8694333346684774,
        0.8719000003735224,
        0.8720999999841055,
        0.8710000012318293,
        0.8724833317597707,
        0.8711833329995473,
        0.8716333347558975,
        0.8729499989748001,
        0.8715333314736684,
        0.8724500006437301,
        0.8729333329200745,
        0.8735499999920527,
        0.873183334072431,
        0.8741666674613953,
        0.8749666651089986,
        0.8732166677713394,
        0.8740999998648962,
        0.8741833343108495,
        0.8743666658798853,
        0.8740000007549922,
        0.8741833339134852,
        0.8740333352486293,
        0.8738500003019969,
        0.874500000278155,
        0.8751833327611287,
        0.8751166653633118,
        0.8744666675726572,
        0.8748000001907349,
        0.8748166658480963,
        0.8755999994277954,
        0.874500000278155,
        0.8762666658560435
    ],
    "test_accs": [
        0.8331000006198883,
        0.8359999978542327,
        0.842700002193451,
        0.8381000018119812,
        0.836300003528595,
        0.8358000028133392,
        0.8385000002384185,
        0.8398000025749206,
        0.8399999988079071,
        0.8397000002861023,
        0.841800000667572,
        0.8414999973773957,
        0.8326999962329864,
        0.8375000071525573,
        0.8395000004768371,
        0.8371000051498413,
        0.8384999966621399,
        0.838800003528595,
        0.8403999948501587,
        0.8396999990940094,
        0.8349000024795532,
        0.8417000007629395,
        0.8358999967575074,
        0.838600001335144,
        0.8363000011444092,
        0.8348000001907349,
        0.8373000013828278,
        0.8363999998569489,
        0.8334999978542328,
        0.8391999971866607,
        0.8376999998092651,
        0.8396000003814698,
        0.8378000009059906,
        0.8408000016212464,
        0.8374999964237213,
        0.8367000043392181,
        0.8327999973297119,
        0.8378000009059906,
        0.8373000001907349,
        0.8382999980449677,
        0.8401999986171722,
        0.8373000013828278,
        0.8382000017166138,
        0.8393999981880188,
        0.8370999991893768,
        0.8343000018596649,
        0.8375999999046325,
        0.8395999944210053,
        0.8368000054359436,
        0.835
    ]
}