{
    "train_losses": [
        0.9968534609178702,
        0.32498839651544886,
        0.3109053129454454,
        0.303553288380305,
        0.29934702028830845,
        0.2975353204210599,
        0.2925517845650514,
        0.291818920224905,
        0.29069206029176714,
        0.28844477425018944,
        0.29075444395343464,
        0.2861635634303093,
        0.28650794525941214,
        0.283126115500927,
        0.2827146721382936,
        0.2854791433364153,
        0.28230781267086663,
        0.28301242490609485,
        0.2801403729617596,
        0.281843723654747,
        0.2749381712079048,
        0.2803710561494033,
        0.26673670823375384,
        0.26969517387449743,
        3.281175157328447,
        0.7059441569447518,
        0.2848130916804075,
        0.2685873423020045,
        0.26114756318430105,
        0.25593561192353564,
        0.25199960348506767,
        0.2535794119040171,
        0.24610261288781962,
        0.24874244545896848,
        0.244379456837972,
        0.24574062436819077,
        0.24538749436537424,
        0.2483837571491798,
        0.24583517434696356,
        0.24580817465980848,
        0.2472219910720984,
        0.2504776614159346,
        0.2497021566083034,
        0.25090224159260593,
        0.2556959258019924,
        0.2548889905711015,
        0.2597288026163975,
        0.2742607474823793,
        0.2588602211078008,
        0.2593573730935653
    ],
    "test_losses": [
        0.31601558208465574,
        0.30262212932109833,
        0.3009592005610466,
        0.30642741441726684,
        0.3033846309781075,
        0.29162673830986025,
        0.3007344540953636,
        0.2965515984594822,
        0.3093325302004814,
        0.3021070486307144,
        0.28723473340272904,
        0.302495491206646,
        0.2969483503699303,
        0.2979151597619057,
        0.3114204925298691,
        0.338840047121048,
        0.3022616195678711,
        0.3027125972509384,
        0.30085749089717867,
        0.3057430112361908,
        0.3009174394607544,
        0.2870449098944664,
        0.31742714017629625,
        0.2939553800225258,
        4.089603614807129,
        0.33191971451044083,
        0.3129297304153442,
        0.31193174839019777,
        0.31135814130306244,
        0.3227076154947281,
        0.31171377629041674,
        0.2941521981358528,
        0.3035025811195374,
        0.30399339735507963,
        0.29736162841320035,
        0.3030268216133118,
        0.2880080196261406,
        0.2845448239147663,
        0.2875221002101898,
        0.2891424152255058,
        0.28826930522918703,
        0.2925341807305813,
        0.2890460070967674,
        0.2894676968455315,
        0.30088293969631197,
        0.3229485321044922,
        0.3049674613773823,
        0.2898137134313583,
        0.2946616095304489,
        0.3166310945153236
    ],
    "train_accs": [
        0.8533166648695866,
        0.9081500013669331,
        0.9123166678349177,
        0.9141500008106231,
        0.9141833329200745,
        0.9158499989906946,
        0.9161666657527288,
        0.9182833363612493,
        0.91825000166893,
        0.9184500030676523,
        0.916666668454806,
        0.9193500020106633,
        0.9178499992688497,
        0.9189166694879531,
        0.9194333336750666,
        0.919300000667572,
        0.9204666688044866,
        0.920116666952769,
        0.9198833356300989,
        0.9211500010887782,
        0.9224666686852773,
        0.920466669400533,
        0.9248666693766912,
        0.9230833349625269,
        0.8902000008026759,
        0.9034833327929179,
        0.9229333360989889,
        0.9253833351532618,
        0.9280166701475779,
        0.9278500016530354,
        0.9291166677077611,
        0.9293500008185704,
        0.9304166672627131,
        0.9301333340009054,
        0.9323833362261454,
        0.9317333334684372,
        0.9313166666030884,
        0.9313166677951813,
        0.9307166683673859,
        0.9312333345413208,
        0.9308166680733363,
        0.9300833350419998,
        0.9297333337863286,
        0.9288000017404556,
        0.9276166689395905,
        0.9283333349227906,
        0.9268000006675721,
        0.9234833347797394,
        0.927333336075147,
        0.925933334628741
    ],
    "test_accs": [
        0.908199998140335,
        0.9161000049114227,
        0.9158999991416931,
        0.9168000006675721,
        0.9181000018119811,
        0.92200000166893,
        0.9185000002384186,
        0.9180000042915344,
        0.9117000031471253,
        0.9170000004768372,
        0.9191000020503998,
        0.9168000018596649,
        0.9205000019073486,
        0.9155000019073486,
        0.9123000025749206,
        0.9121000063419342,
        0.9181000053882599,
        0.9227000010013581,
        0.9171000039577484,
        0.9173000049591065,
        0.9193999969959259,
        0.9233000004291534,
        0.9066000032424927,
        0.9181000053882599,
        0.8990999984741211,
        0.9155999994277955,
        0.9152000033855439,
        0.9219000029563904,
        0.9197000086307525,
        0.9158000028133393,
        0.9230000007152558,
        0.9231000030040741,
        0.916399997472763,
        0.9194000005722046,
        0.9200000035762786,
        0.9227000033855438,
        0.9197000062465668,
        0.9257000041007996,
        0.9226000022888183,
        0.9264000058174133,
        0.920200001001358,
        0.9211000049114227,
        0.9230000007152558,
        0.9228000044822693,
        0.920200001001358,
        0.9183000004291535,
        0.9178000032901764,
        0.9244000017642975,
        0.9208000028133392,
        0.9152000045776367
    ]
}