{
    "train_losses": [
        2.0472802205085756,
        1.8027142090797423,
        1.7133584280014038,
        1.6688468718528748,
        1.6287671151161194,
        1.6107931289672852,
        1.5843808970451354,
        1.5644100532531737,
        1.5509896655082702,
        1.53291242313385,
        1.525394546508789,
        1.5134372053146363,
        1.498950469970703,
        1.497424425125122,
        1.486192458152771,
        1.4805658340454102,
        1.4642178325653077,
        1.4564372596740722,
        1.4468811655044556,
        1.44143026638031,
        1.4253714709281922,
        1.4150703287124633,
        1.4094220724105835,
        1.4047502188682557,
        1.4033951234817506,
        1.3900690407752991,
        1.384418303489685,
        1.3722195739746095,
        1.3672793974876405,
        1.368719093322754,
        1.3664089512825013,
        1.353178936481476,
        1.3503476128578187,
        1.351637761592865,
        1.3424069485664367,
        1.3375837321281434,
        1.3360137848854066,
        1.3276200776100158,
        1.3253996515274047,
        1.3290507640838622,
        1.3173856391906738,
        1.3189843544960023,
        1.3120338697433471,
        1.3071661076545715,
        1.3059328622817994,
        1.2978430676460266,
        1.2938449020385743,
        1.2907991814613342,
        1.2876599860191345,
        1.2855860323905945
    ],
    "test_losses": [
        1.857833788394928,
        1.6933498883247375,
        1.6587418127059936,
        1.6420309162139892,
        1.6551501083374023,
        1.6508928418159485,
        1.5892789006233214,
        1.618058476448059,
        1.571719057559967,
        1.5834592390060425,
        1.566373131275177,
        1.5565241837501527,
        1.5610435342788695,
        1.5594350647926332,
        1.542158501148224,
        1.5523155236244202,
        1.5500486731529235,
        1.5591517114639282,
        1.5325804710388184,
        1.4894522953033447,
        1.5313580465316772,
        1.5348414444923402,
        1.5436101794242858,
        1.534535415172577,
        1.470597469806671,
        1.4718886256217956,
        1.4974045729637147,
        1.5218615627288818,
        1.5343634724617004,
        1.4762206888198852,
        1.4978708243370056,
        1.4839047122001647,
        1.497656774520874,
        1.4708076238632202,
        1.4917915153503418,
        1.4831933093070984,
        1.4732983136177062,
        1.4674710273742675,
        1.491323347091675,
        1.4714082098007202,
        1.4614179825782776,
        1.4841243624687195,
        1.4361826801300048,
        1.4814077877998353,
        1.4684829759597777,
        1.4608962059020996,
        1.529540193080902,
        1.4537214303016663,
        1.519680106639862,
        1.5070480465888978
    ],
    "train_accs": [
        0.2691199997961521,
        0.3631199996471405,
        0.39614000022411344,
        0.4108999992609024,
        0.42867999970912934,
        0.43240000009536744,
        0.4412999994754791,
        0.45111999881267545,
        0.4541399998664856,
        0.4604799997806549,
        0.46365999984741213,
        0.46767999851703645,
        0.4701800001859665,
        0.47259999918937684,
        0.4791199979782105,
        0.47975999891757964,
        0.4850199981927872,
        0.48954000079631804,
        0.48969999921321866,
        0.4932399994134903,
        0.4974199985265732,
        0.5013599994182587,
        0.5069399980306626,
        0.5051799981594086,
        0.50801999771595,
        0.5106199986934662,
        0.5134799982309342,
        0.5188799976110459,
        0.5188599984645843,
        0.5207999991178512,
        0.5197999982833862,
        0.5252799985408783,
        0.5242399982213974,
        0.5245,
        0.529399999499321,
        0.529139999628067,
        0.5328599988222122,
        0.5334599970579147,
        0.5337399964332581,
        0.5357799983024597,
        0.5357599978446961,
        0.5370799977779388,
        0.5405799992084503,
        0.5390799992084503,
        0.5428199998140335,
        0.544979999423027,
        0.544899996995926,
        0.5469599999189377,
        0.5487599974870682,
        0.5496600004434585
    ],
    "test_accs": [
        0.3287999996542931,
        0.39990000128746034,
        0.41080000042915343,
        0.42089999735355377,
        0.43090000092983244,
        0.4249000012874603,
        0.4356999999284744,
        0.4276999980211258,
        0.43939999997615814,
        0.4450999993085861,
        0.45179999828338624,
        0.44680000066757203,
        0.45089999794960023,
        0.4532000023126602,
        0.4537999999523163,
        0.4507000011205673,
        0.4611999988555908,
        0.45049999952316283,
        0.46340000033378603,
        0.4784999972581863,
        0.4636000007390976,
        0.46280000030994417,
        0.4645999985933304,
        0.4546000015735626,
        0.47959999918937685,
        0.4845999997854233,
        0.477899996638298,
        0.46380000114440917,
        0.4685999989509583,
        0.48469999730587005,
        0.4751999992132187,
        0.48389999866485595,
        0.4759000015258789,
        0.48610000014305116,
        0.48999999940395356,
        0.48469999969005584,
        0.4891000002622604,
        0.49009999990463254,
        0.4843000012636185,
        0.48959999680519106,
        0.4900999993085861,
        0.49149999976158143,
        0.5024999982118606,
        0.48560000002384185,
        0.49289999961853026,
        0.4905999982357025,
        0.4784999966621399,
        0.49289999663829803,
        0.4720999985933304,
        0.49080000281333924
    ]
}