{
    "train_losses": [
        0.7385433370868365,
        0.45095448474089306,
        0.4411254286766052,
        0.43164734184741976,
        0.42767258634169897,
        0.4227369294563929,
        0.41418417235215504,
        0.4114558204511801,
        0.4109913378953934,
        0.40749247630437213,
        0.41116153995196025,
        0.40927800570925077,
        0.408936317662398,
        0.4062068969508012,
        0.40687997594475744,
        0.406770305087169,
        0.4055031822125117,
        0.40499472762147587,
        0.4012493520975113,
        0.40001067221164704,
        0.3918716416756312,
        1.101126205176115,
        1.5411724469562371,
        0.3827948981523514,
        0.3763321576019128,
        0.3707179545859496,
        0.3680204247434934,
        0.3677325930694739,
        0.36937539001305897,
        0.3686626687149207,
        0.3684941056370735,
        0.3679159848888715,
        0.37040392224987345,
        0.36948813224832217,
        0.3723847931623459,
        0.3722928376495838,
        0.3744768762588501,
        0.3732880683243275,
        0.37670174474517504,
        0.38695122321446734,
        0.38764242564638457,
        2.9801663970947265,
        0.44372202575206754,
        0.37702055141329766,
        0.37375799809892973,
        0.36537497128049534,
        0.36564416940013567,
        0.36445886120200155,
        0.3667328589161237,
        0.3636709091067314
    ],
    "test_losses": [
        0.4854564589262009,
        0.49769154369831087,
        0.5114057385921478,
        0.4974584025144577,
        0.4718195581436157,
        0.4790495747327805,
        0.4741765207052231,
        0.47020114958286285,
        0.46501733899116515,
        0.47011886835098265,
        0.49676971554756166,
        0.4847425675392151,
        0.4737503755092621,
        0.4744462764263153,
        0.4599570435285568,
        0.47494757175445557,
        0.47348704636096955,
        0.4752278387546539,
        0.46984207808971407,
        0.47248321771621704,
        0.4786596864461899,
        5.638749494552612,
        0.5591852110624314,
        0.47957084476947787,
        0.4771491694450378,
        0.47106304883956907,
        0.4769931310415268,
        0.470770063996315,
        0.4715255564451218,
        0.4724187618494034,
        0.4702622133493424,
        0.4671331185102463,
        0.4686836755275726,
        0.46926157772541044,
        0.4680264711380005,
        0.46900081157684326,
        0.4672187054157257,
        0.47496321737766267,
        0.465599337220192,
        0.5224802327156067,
        0.4814934706687927,
        0.8790146064758301,
        0.5249533194303513,
        0.4970788592100143,
        0.49007311046123503,
        0.49177426517009737,
        0.4914874446392059,
        0.48278352558612825,
        0.48908992767333986,
        0.48001436233520506
    ],
    "train_accs": [
        0.8015999991446734,
        0.8444166674216589,
        0.8468333351612091,
        0.8510000020265579,
        0.8507666679223379,
        0.8520333349704743,
        0.8548666663964589,
        0.8559166689713796,
        0.855966667731603,
        0.8566666686534882,
        0.8569666691621145,
        0.8565500020980835,
        0.8558333345254262,
        0.8562833340962728,
        0.8561500016848246,
        0.855883335073789,
        0.8577666685978571,
        0.8572999999920528,
        0.85851666867733,
        0.8574666684865951,
        0.8614166675011317,
        0.8399833353360494,
        0.8334333355228106,
        0.8674833325544993,
        0.8687666666507721,
        0.8693500012159348,
        0.8700333342949549,
        0.8696833346287409,
        0.8695500010251999,
        0.8704166674613952,
        0.8688333338499069,
        0.8695666674772898,
        0.868833335240682,
        0.8684000019232432,
        0.8684999996423721,
        0.8680666667222977,
        0.867550002336502,
        0.8685166658957799,
        0.8662666656573613,
        0.8638666671514511,
        0.8628333342075348,
        0.8242666676640511,
        0.8556166676680247,
        0.8676833337545395,
        0.8691833335161209,
        0.8710999995470047,
        0.8718666672706604,
        0.8715166670083999,
        0.8711166681845983,
        0.8712666668494542
    ],
    "test_accs": [
        0.8325,
        0.8275000011920929,
        0.8196999967098236,
        0.8307000005245209,
        0.8321000015735627,
        0.8285000002384186,
        0.832700002193451,
        0.8336999988555909,
        0.8376000022888184,
        0.8368000030517578,
        0.8392000007629394,
        0.8332000041007995,
        0.8335000002384185,
        0.8314999997615814,
        0.8369999980926514,
        0.8337000024318695,
        0.835400003194809,
        0.836199997663498,
        0.8380999982357025,
        0.8351000034809113,
        0.8352000057697296,
        0.7561999988555909,
        0.8328999960422516,
        0.8364999997615814,
        0.8370000040531158,
        0.836599999666214,
        0.840400002002716,
        0.8335000014305115,
        0.8375000059604645,
        0.8307999980449676,
        0.8388999974727631,
        0.8379000043869018,
        0.8370000028610229,
        0.835900001525879,
        0.8394999980926514,
        0.8373999965190887,
        0.8424000000953674,
        0.8356000018119812,
        0.836800001859665,
        0.8124000000953674,
        0.8312999987602234,
        0.8209999990463257,
        0.8251000010967254,
        0.8329999971389771,
        0.8397000014781952,
        0.8359000027179718,
        0.8334999978542328,
        0.8330000007152557,
        0.8332999992370606,
        0.8362999999523163
    ]
}