{
    "train_losses": [
        0.4781624636054039,
        0.1791212301204602,
        0.16012226464847723,
        0.14818719528615476,
        0.13648083397497734,
        0.13397248844305673,
        0.11957892624040445,
        0.12434048269564907,
        0.12302590439716975,
        0.11366353785619139,
        0.1165145740347604,
        0.11473952621221542,
        0.11975398090978463,
        0.10854425081362327,
        0.10059946673146139,
        0.10787290458877881,
        0.10239585613831878,
        0.10034437961876393,
        0.09677765730768442,
        0.10394837769369285,
        0.09291871332873901,
        0.09331484142380456,
        0.09455875905851523,
        0.09384039539843797,
        0.09721886100247502,
        0.10279521763014297,
        0.08533750283842285,
        0.0899907116778195,
        0.0845248164360722,
        0.08349887217705448,
        0.0884695184758554,
        0.09662169422954321,
        0.08315684343067309,
        0.08118322453151147,
        0.08841623058232169,
        0.08349259284635385,
        0.08260007492266595,
        0.07364041464868933,
        0.07521238731220364,
        0.08039771602489054,
        0.08845132543084522,
        0.08763929592755934,
        0.07444026695447974,
        0.07525105623528361,
        0.07712749593891204,
        0.07813194838352501,
        0.07482526311495652,
        0.07727073006642361,
        0.0754900739621371,
        0.06811374865161876
    ],
    "test_losses": [
        0.17606724575161933,
        0.13421343319118023,
        0.1590894366800785,
        0.13389882177114487,
        0.15547235883772373,
        0.13793743938207625,
        0.13035130225121974,
        0.1561904413998127,
        0.11473540004342794,
        0.1464879946410656,
        0.1805452100932598,
        0.13511280357837677,
        0.13348829474300147,
        0.11628621570765972,
        0.1246689334884286,
        0.11424499966204166,
        0.11918632000684738,
        0.14683956772089005,
        0.11292321108281612,
        0.11716690376400947,
        0.11209841605275869,
        0.12670913696289063,
        0.1066203111410141,
        0.11288859944790602,
        0.1345183938741684,
        0.09952161490917205,
        0.13701589591801167,
        0.10909913584589959,
        0.1250436168909073,
        0.12483889877796173,
        0.1300442349165678,
        0.12723583981394768,
        0.1657171370834112,
        0.10521904051303864,
        0.11693828705698252,
        0.11024980017915369,
        0.10241442859172821,
        0.09251155611127615,
        0.1042930082976818,
        0.09427873011678457,
        0.14891679473221303,
        0.12094180461019277,
        0.11318700935691595,
        0.11016719542443752,
        0.12604185443371535,
        0.12401227205991745,
        0.12484969057142735,
        0.13257050476968288,
        0.10033132441341877,
        0.138138267993927
    ],
    "train_accs": [
        0.8466333348800739,
        0.9464666626850764,
        0.9524333294232686,
        0.9569333295027415,
        0.9606333307425181,
        0.9609833335876465,
        0.9650833364327749,
        0.9638666677474975,
        0.9645333321889241,
        0.9666000020503998,
        0.9663833363850911,
        0.9665333342552185,
        0.9661333372195562,
        0.9691333391269048,
        0.9708500045537949,
        0.9686333362261454,
        0.97081667304039,
        0.9708833388487498,
        0.9723833392063777,
        0.9705000058809916,
        0.9731833428144455,
        0.9735166758298874,
        0.9721333414316178,
        0.9738500090440114,
        0.9721666731437048,
        0.9714000078042349,
        0.9754500089089075,
        0.9748500100771587,
        0.9752000093460083,
        0.9756333444515864,
        0.9744500082731247,
        0.9734000064929327,
        0.9762333426872889,
        0.9767000093062719,
        0.9750666757424672,
        0.9756333422660828,
        0.9763000118732452,
        0.9793000119924545,
        0.9788500112295151,
        0.9771666769186655,
        0.9750666753451029,
        0.9760500123103459,
        0.979100012977918,
        0.9791333460807801,
        0.9781000095605851,
        0.9780666776498159,
        0.9783333448568979,
        0.9784333449602127,
        0.9786333459615707,
        0.980033345023791
    ],
    "test_accs": [
        0.9482999992370605,
        0.9619999957084656,
        0.9550999975204468,
        0.9633999991416932,
        0.9547999966144561,
        0.9601999950408936,
        0.9618999981880187,
        0.9565999948978424,
        0.9670999991893768,
        0.9567999923229218,
        0.9528999960422516,
        0.9657000029087066,
        0.9636999976634979,
        0.9645999991893768,
        0.9706000030040741,
        0.9690000033378601,
        0.9647000014781952,
        0.9604999923706055,
        0.9682000041007995,
        0.9664000082015991,
        0.9712000060081482,
        0.9659999966621399,
        0.9684000039100646,
        0.969500002861023,
        0.9606999969482422,
        0.9720000016689301,
        0.9605999970436097,
        0.9676000046730041,
        0.9632000017166138,
        0.9702000093460083,
        0.9632999980449677,
        0.9647000002861023,
        0.9564999926090241,
        0.9683000063896179,
        0.9667000031471252,
        0.9699000048637391,
        0.9701000046730042,
        0.9748000073432922,
        0.9728000068664551,
        0.9739000046253204,
        0.9633999991416932,
        0.9681000053882599,
        0.969700003862381,
        0.9700000083446503,
        0.9669000041484833,
        0.9705000042915344,
        0.965699999332428,
        0.9634000015258789,
        0.9700999999046326,
        0.9703000032901764
    ]
}