{
    "train_losses": [
        1.9023222708702088,
        1.7619791145324708,
        1.7421340746879577,
        1.7342661848068237,
        1.7151474046707154,
        1.693462975025177,
        1.68308496427536,
        1.6756401124000548,
        1.6677387013435363,
        1.6508204131126403,
        1.6408436617851256,
        1.6502239227294921,
        1.626841287612915,
        1.6188283834457398,
        1.6239592909812928,
        1.615498109817505,
        1.6040189480781555,
        1.6251779217720033,
        1.6052656884193421,
        1.5878844985961913,
        1.5990781426429748,
        1.596833854675293,
        1.6098397393226624,
        1.599621335029602,
        1.5886889204978942,
        1.5933697476387023,
        1.6020365762710571,
        1.5767162628173828,
        1.5787320113182068,
        1.5786804180145264,
        1.5885355763435365,
        1.579208219051361,
        1.5818629779815674,
        1.5698938031196594,
        1.5991569800376892,
        1.5647628903388977,
        1.5720496487617492,
        1.5799686789512635,
        1.5774878911972046,
        1.5893970842361451,
        1.57566100025177,
        1.5552069883346558,
        1.5727784237861633,
        1.5804549751281738,
        1.5932809915542603,
        1.5580014343261719,
        1.5615184874534607,
        1.571630750656128,
        1.5657681107521058,
        1.575787305355072
    ],
    "test_losses": [
        1.772365515232086,
        1.7683903408050536,
        1.788561499118805,
        1.7847126865386962,
        1.8195242643356324,
        1.8607255053520202,
        1.877108347415924,
        1.8798628211021424,
        1.8543635177612305,
        1.850686376094818,
        2.1646031308174134,
        1.9013512206077576,
        1.8998198223114013,
        1.9161633944511414,
        1.9068576407432556,
        1.936103072166443,
        1.9280257940292358,
        2.012690966129303,
        1.913768720626831,
        1.9476246285438537,
        1.9725478601455688,
        2.0611216545104982,
        2.001357817649841,
        1.9770935821533202,
        2.0216840624809267,
        1.979685685634613,
        1.9846229505538941,
        1.967299611568451,
        2.0570067405700683,
        1.9989063000679017,
        2.011358292102814,
        2.01934335231781,
        2.0127119517326353,
        1.9947568345069886,
        2.031962502002716,
        2.015859558582306,
        2.0592931795120237,
        1.9889618229866028,
        2.0350501346588135,
        2.1189102959632873,
        2.0279070949554443,
        2.042363471984863,
        2.0422794938087465,
        2.0079472780227663,
        2.034745244979858,
        2.0596343421936036,
        2.114612948894501,
        2.0248372769355774,
        2.050899393558502,
        2.0686026406288147
    ],
    "train_accs": [
        0.35702000002563,
        0.39374000000953674,
        0.4027200003862381,
        0.4045399992465973,
        0.41321999895572664,
        0.42233999979496,
        0.42388000059127806,
        0.4269000004529953,
        0.4296199994087219,
        0.4336199997663498,
        0.4379199993610382,
        0.43167999923229217,
        0.443039999961853,
        0.44326000022888185,
        0.44185999965667727,
        0.4479399993419647,
        0.4491800007820129,
        0.4445000003576279,
        0.44717999911308287,
        0.4565400000810623,
        0.4514599993228912,
        0.45041999888420103,
        0.44778000032901766,
        0.4525000002384186,
        0.45625999879837037,
        0.4529999997615814,
        0.4510799994468689,
        0.45979999923706055,
        0.46115999948978426,
        0.4604999998807907,
        0.45323999965190886,
        0.45713999891281126,
        0.45746000003814696,
        0.4651599999666214,
        0.4513399999141693,
        0.46288000071048735,
        0.4619199993610382,
        0.4590800005197525,
        0.45988000094890596,
        0.45593999946117403,
        0.46197999942302703,
        0.4671799997091293,
        0.46137999939918517,
        0.45997999954223634,
        0.4572400004863739,
        0.467960000038147,
        0.4655799993276596,
        0.46102000010013583,
        0.463899999499321,
        0.4624200001955032
    ],
    "test_accs": [
        0.3867000007629395,
        0.3839000016450882,
        0.3815000009536743,
        0.3801000010967255,
        0.37140000104904175,
        0.36610000252723696,
        0.34740000128746035,
        0.3610000002384186,
        0.374300000667572,
        0.36899999976158143,
        0.25949999898672105,
        0.3535000002384186,
        0.34760000348091125,
        0.3662000018358231,
        0.363400000333786,
        0.356800000667572,
        0.3543000018596649,
        0.3453000009059906,
        0.35779999911785126,
        0.35620000183582307,
        0.3462000000476837,
        0.3288000023365021,
        0.3455000001192093,
        0.3419999998807907,
        0.3453000006079674,
        0.34210000157356263,
        0.3492999988794327,
        0.35139999926090243,
        0.33540000081062316,
        0.33689999759197237,
        0.3532000011205673,
        0.33639999985694885,
        0.3428000003099442,
        0.3331000000238419,
        0.34970000088214875,
        0.3617999982833862,
        0.3199000006914139,
        0.34380000054836274,
        0.3344999998807907,
        0.31900000214576724,
        0.3365000009536743,
        0.33579999923706055,
        0.3435000002384186,
        0.34700000047683716,
        0.34799999952316285,
        0.3329999986290932,
        0.325799999833107,
        0.33990000307559964,
        0.3392999991774559,
        0.3397000014781952
    ]
}