{
    "train_losses": [
        0.7073255841930707,
        0.48182091921567916,
        0.42663748731215795,
        0.41257523919145267,
        0.4042630490163962,
        0.3918580566843351,
        0.37903524562716484,
        0.37164974768956505,
        0.36511729210615157,
        0.36628822396198907,
        0.35728083496292434,
        0.351294340689977,
        0.35348595092693963,
        0.3465751944979032,
        0.34358402277032535,
        0.33596833000580467,
        0.33780132909615834,
        0.33983641654253005,
        0.3336564304927985,
        0.3298993528385957,
        0.3325264690319697,
        0.32273027881979943,
        0.31944364761312805,
        0.32402129073937735,
        0.31826367750763895,
        0.3143583645919959,
        0.3204202315211296,
        0.3115111301342646,
        0.31379930168390274,
        0.31041127353906633,
        0.30879658525188763,
        0.30452619229753813,
        0.30289982626835504,
        0.30226517856121066,
        0.2962867966790994,
        0.2952830771605174,
        0.29506851812203727,
        0.3015388277173042,
        0.2951649209856987,
        0.2915255033969879,
        0.28816004807750384,
        0.28612109027802946,
        0.29800501237312954,
        0.2903963867078225,
        0.28094357376297313,
        0.2850182401140531,
        0.279200836122036,
        0.2812626848121484,
        0.280701239357392,
        0.2815244631965955
    ],
    "test_losses": [
        0.6033599990606308,
        0.46911676406860353,
        0.4729467523097992,
        0.45606542348861695,
        0.4297278314828873,
        0.42779724776744843,
        0.4224067848920822,
        0.45809700310230256,
        0.4446048140525818,
        0.4204943138360977,
        0.44737460255622863,
        0.4876901966333389,
        0.41906502068042756,
        0.4647036582231522,
        0.42152065396308896,
        0.4404897975921631,
        0.4448616671562195,
        0.419887410402298,
        0.42876649379730225,
        0.39704911053180697,
        0.4020954161882401,
        0.3917038848996162,
        0.4021810430288315,
        0.3888353759050369,
        0.3920289134979248,
        0.3888375189900398,
        0.4043813121318817,
        0.4115885865688324,
        0.37353302657604215,
        0.399083816409111,
        0.4019355434179306,
        0.3705944913625717,
        0.4093498134613037,
        0.395896270275116,
        0.41931645810604096,
        0.4064181753993034,
        0.4236834490299225,
        0.3807733398675919,
        0.4002439895272255,
        0.4054096657037735,
        0.41174238741397856,
        0.38910805970430373,
        0.4197750639915466,
        0.37814734876155853,
        0.4498396372795105,
        0.40028868019580843,
        0.4041104727983475,
        0.40180019915103915,
        0.40012666702270505,
        0.41630729377269743
    ],
    "train_accs": [
        0.7443666677176952,
        0.8246333334843318,
        0.8464333345492681,
        0.8538333338499069,
        0.8561500026782354,
        0.8608333349227906,
        0.8650500005483628,
        0.8694000015656154,
        0.8690833346048991,
        0.8702833338578542,
        0.8738499987125397,
        0.8745333323876063,
        0.8771499989430109,
        0.8776333320140839,
        0.8772333327929179,
        0.8810499999920527,
        0.8801499988635381,
        0.8808833330869674,
        0.8818833327293396,
        0.8835999979575475,
        0.8830666665236155,
        0.8854833294947942,
        0.8864999969800313,
        0.8855499998728434,
        0.88748333076636,
        0.8896333316961924,
        0.8881999965508779,
        0.8907833317915599,
        0.8895833319425583,
        0.8900999971230825,
        0.8911166632175446,
        0.8926999966303507,
        0.8927999971310298,
        0.8928499962886175,
        0.8952333305279414,
        0.8944833330313364,
        0.8953499982754389,
        0.8938333308696746,
        0.8949166641632715,
        0.8978999982277552,
        0.8984166646003723,
        0.8994166646401087,
        0.8958833326896032,
        0.8978999986251195,
        0.899799996415774,
        0.8983666624625524,
        0.9002833310763041,
        0.9021833328406016,
        0.9011499975124995,
        0.900816666285197
    ],
    "test_accs": [
        0.7884999978542327,
        0.8244999980926514,
        0.8305000030994415,
        0.8375,
        0.8515000009536743,
        0.8522000062465668,
        0.84950000166893,
        0.8438000047206878,
        0.8479999995231629,
        0.8517999994754791,
        0.8485999977588654,
        0.8302999985218048,
        0.8564999973773957,
        0.8362000024318695,
        0.8517000007629395,
        0.849599996805191,
        0.8471999990940094,
        0.8623999953269958,
        0.852900003194809,
        0.8644000005722046,
        0.865,
        0.8707999992370605,
        0.8589000010490417,
        0.8678000032901764,
        0.8635000038146973,
        0.8667000007629394,
        0.8630000007152557,
        0.8602999997138977,
        0.8704999995231628,
        0.8661999988555908,
        0.8617999994754791,
        0.8719000005722046,
        0.8559999990463257,
        0.8703000020980834,
        0.8687000000476837,
        0.8663000023365021,
        0.8674000000953674,
        0.8711999976634979,
        0.863899998664856,
        0.8664000022411347,
        0.8709000015258789,
        0.873300005197525,
        0.8595999991893768,
        0.8676999962329864,
        0.8681999957561493,
        0.8631000006198883,
        0.8682000052928924,
        0.8693000006675721,
        0.8709999966621399,
        0.8568000018596649
    ]
}