{
    "train_losses": [
        1.903199831008911,
        1.7648711647987365,
        1.7487290167808534,
        1.7300724096298217,
        1.7100349802970887,
        1.7028054103851318,
        1.6867835493087768,
        1.6852010445594787,
        1.6686163630485535,
        1.6566742706298827,
        1.6543014011383057,
        1.655141046524048,
        1.627343668460846,
        1.6311425385475158,
        1.6267091631889343,
        1.6298289103507995,
        1.611247832775116,
        1.6037602205276489,
        1.6111119561195373,
        1.6152119550704955,
        1.6034141492843628,
        1.5964141139984132,
        1.5920890579223632,
        1.5944641237258912,
        1.59942955827713,
        1.596991322994232,
        1.5870119104385376,
        1.5924942908287048,
        1.5773602681159973,
        1.5815737538337709,
        1.5913076634407044,
        1.584647954940796,
        1.5799440722465514,
        1.5839891452789308,
        1.5925818853378295,
        1.580246741771698,
        1.5783498678207397,
        1.5714778418540956,
        1.5962994256019591,
        1.5772031116485596,
        1.5714981689453125,
        1.5650402607917786,
        1.565506326675415,
        1.587282009601593,
        1.5644602398872376,
        1.5710099511146545,
        1.5664684600830079,
        1.5687422680854797,
        1.5746731052398681,
        1.561393199443817
    ],
    "test_losses": [
        1.766338655948639,
        1.8106628489494323,
        1.8202105569839477,
        1.8227230715751648,
        1.840553617477417,
        1.8876207065582276,
        1.8367854452133179,
        1.8728963255882263,
        1.8857230591773986,
        1.9307761001586914,
        1.8914169597625732,
        1.939040768146515,
        1.9021052122116089,
        1.9112466597557067,
        1.922737855911255,
        1.9309358024597167,
        1.932799093723297,
        2.0114398217201233,
        1.9244291949272156,
        1.9600002932548524,
        1.9604757618904114,
        1.9698714923858642,
        2.0226653361320497,
        2.0284560108184815,
        2.0150225877761843,
        2.026127882003784,
        1.9602938771247864,
        2.0111531043052673,
        1.9780570220947267,
        1.9961552286148072,
        2.0026635551452636,
        2.0056638431549074,
        2.024556188583374,
        1.9912313270568847,
        1.9899912810325622,
        2.064511864185333,
        2.008050947189331,
        1.9901210284233093,
        2.020300500392914,
        2.049789571762085,
        2.0306992101669312,
        2.028704447746277,
        2.0326779556274412,
        2.0242381572723387,
        2.0039480710029602,
        2.019657218456268,
        2.02318532705307,
        1.9939945697784425,
        2.0506615233421326,
        2.029891939163208
    ],
    "train_accs": [
        0.3571599995493889,
        0.3920399988889694,
        0.400799999833107,
        0.4071599990129471,
        0.4115399992465973,
        0.4156599994897842,
        0.4233200002908707,
        0.42141999983787537,
        0.42635999965667726,
        0.43107999992370605,
        0.43613999903202055,
        0.4303199999332428,
        0.439599999666214,
        0.44052000057697294,
        0.4407400008440018,
        0.44092000055313113,
        0.44939999890327453,
        0.4511199996471405,
        0.44772000002861023,
        0.4486599997282028,
        0.4509599997997284,
        0.4529199993610382,
        0.4525599994659424,
        0.45360000026226044,
        0.4505000009536743,
        0.4553200011253357,
        0.45569999969005587,
        0.4553799991607666,
        0.4580199998617172,
        0.4596400001049042,
        0.45317999958992006,
        0.4557799999713898,
        0.4559999989271164,
        0.4543799995183945,
        0.45317999958992006,
        0.45630000007152555,
        0.4596200008392334,
        0.4618200008869171,
        0.45337999987602234,
        0.45962000012397763,
        0.4603999992609024,
        0.4644000002145767,
        0.46315999937057495,
        0.45723999917507174,
        0.46295999908447266,
        0.46139999890327454,
        0.4641199996471405,
        0.46242000043392184,
        0.4624599993228912,
        0.46448000037670134
    ],
    "test_accs": [
        0.3908000004291534,
        0.37660000085830686,
        0.38950000107288363,
        0.37039999723434447,
        0.37810000002384186,
        0.3574999988079071,
        0.3663000011444092,
        0.3714000001549721,
        0.3688999980688095,
        0.3686999988555908,
        0.35390000134706495,
        0.33310000121593475,
        0.35749999940395355,
        0.36299999952316286,
        0.3660999983549118,
        0.3469000005722046,
        0.34660000205039976,
        0.3382000017166138,
        0.3593000012636185,
        0.33610000073909757,
        0.3414000010490417,
        0.34240000128746034,
        0.336599999666214,
        0.31389999985694883,
        0.3478000009059906,
        0.33560000121593475,
        0.3611000007390976,
        0.3268999993801117,
        0.35850000083446504,
        0.34509999871253966,
        0.334799998998642,
        0.3375000017881393,
        0.3344999998807907,
        0.3507000005245209,
        0.34180000245571135,
        0.31339999914169314,
        0.34909999966621397,
        0.3518999999761581,
        0.33939999878406524,
        0.3344000005722046,
        0.3479000020027161,
        0.3507999995350838,
        0.3431999987363815,
        0.3460999989509583,
        0.34580000042915343,
        0.3443000012636185,
        0.3412999987602234,
        0.3485999983549118,
        0.3292000013589859,
        0.3445000010728836
    ]
}