{
    "train_losses": [
        2.1429882559776305,
        1.9208939909934997,
        1.8485481357574463,
        1.8294223275184631,
        1.7930488696098328,
        1.7624781794548035,
        1.742796992778778,
        1.7277282547950745,
        1.7130075273513794,
        1.7031379871368408,
        1.699393138408661,
        1.690429560661316,
        1.686973624229431,
        1.68164874792099,
        1.6761161155700683,
        1.6725424242019653,
        1.6682513389587403,
        1.667707067489624,
        1.6625431241989135,
        1.6623398303985595,
        1.6583096799850463,
        1.6570520000457765,
        1.654120900630951,
        1.6528263640403749,
        1.651740270614624,
        1.6509443340301513,
        1.6483136310577393,
        1.6485512127876283,
        1.6448759441375733,
        1.6433187947273253,
        1.6445754046440124,
        1.6416202387809753,
        1.639987100124359,
        1.6397981042861938,
        1.6401697154045105,
        1.637437743663788,
        1.6376509952545166,
        1.6355499362945556,
        1.633123483657837,
        1.6330387196540832,
        1.63155602312088,
        1.6304212040901185,
        1.6296041326522828,
        1.6290401220321655,
        1.6282050127983094,
        1.625288453578949,
        1.6247968964576722,
        1.6222473168373108,
        1.6199809288978577,
        1.6191475677490235
    ],
    "test_losses": [
        2.004916615486145,
        1.8597291898727417,
        1.8370208930969238,
        1.8184218788146973,
        1.7911324834823608,
        1.779303936958313,
        1.7613623142242432,
        1.7638296508789062,
        1.7694655537605286,
        1.7746480464935304,
        1.7574715089797974,
        1.759616379737854,
        1.7578542971611022,
        1.7582959938049316,
        1.76049284696579,
        1.7573398780822753,
        1.7699972248077394,
        1.7659696888923646,
        1.76108482837677,
        1.7556287598609925,
        1.763314697742462,
        1.760041537284851,
        1.760724766254425,
        1.7711085605621337,
        1.767151610851288,
        1.7607997226715089,
        1.7611973643302918,
        1.7726967358589172,
        1.7641780734062196,
        1.7686353063583373,
        1.770422978401184,
        1.7694158101081847,
        1.7665914845466615,
        1.7705637788772584,
        1.7648484349250793,
        1.767512972354889,
        1.7684525966644287,
        1.7688161730766296,
        1.7601592612266541,
        1.7707592463493347,
        1.773942539691925,
        1.772525544166565,
        1.776801552772522,
        1.7714067125320434,
        1.7659834408760071,
        1.7881968116760254,
        1.7662500262260437,
        1.7800784158706664,
        1.7883782052993775,
        1.7801707363128663
    ],
    "train_accs": [
        0.2536599984169006,
        0.3264399991631508,
        0.3588000010251999,
        0.368799999833107,
        0.3793399982452393,
        0.392220000743866,
        0.40083999872207643,
        0.4067799993753433,
        0.41244000029563904,
        0.4166399999856949,
        0.4166399989128113,
        0.4228599994182587,
        0.42295999979972837,
        0.42405999994277954,
        0.42874000024795533,
        0.4274400004148483,
        0.4304800004959106,
        0.428860000371933,
        0.43071999979019165,
        0.43225999987125396,
        0.43398000037670137,
        0.4354399996995926,
        0.4355999994277954,
        0.4353599992990494,
        0.4365800001621246,
        0.43563999998569486,
        0.4372399990558624,
        0.4378400002717972,
        0.4386799989938736,
        0.43950000023841856,
        0.43883999943733215,
        0.43833999991416933,
        0.4396199996471405,
        0.4376599993705749,
        0.4413400001525879,
        0.4402600005865097,
        0.4421999992132187,
        0.4421399997472763,
        0.44311999893188475,
        0.44398000073432925,
        0.4441599998474121,
        0.4436999992132187,
        0.4430000004768372,
        0.44563999938964843,
        0.44462000000476837,
        0.44659999978542325,
        0.4439599995613098,
        0.44608000028133393,
        0.44705999994277956,
        0.4490799995660782
    ],
    "test_accs": [
        0.30169999718666074,
        0.3561999994516373,
        0.36499999940395356,
        0.36689999818801877,
        0.3763999992609024,
        0.3806000006198883,
        0.3814999979734421,
        0.3859999990463257,
        0.38499999821186065,
        0.3844000005722046,
        0.39050000011920927,
        0.38539999902248384,
        0.3939000004529953,
        0.3886000001430511,
        0.3900999981164932,
        0.3912999999523163,
        0.38410000085830687,
        0.3875,
        0.38639999985694884,
        0.394099999666214,
        0.3890999984741211,
        0.39309999883174895,
        0.3890000003576279,
        0.3899000006914139,
        0.3863000005483627,
        0.39680000066757204,
        0.39020000100135804,
        0.38639999985694884,
        0.38570000052452086,
        0.39059999644756316,
        0.3886000007390976,
        0.3937000012397766,
        0.38789999902248384,
        0.38959999978542326,
        0.3947000002861023,
        0.38989999949932097,
        0.38879999935626985,
        0.3864000016450882,
        0.39300000011920927,
        0.38950000047683714,
        0.3894999998807907,
        0.38269999861717224,
        0.3847999995946884,
        0.3871999990940094,
        0.38560000002384187,
        0.3809999984502792,
        0.387299998998642,
        0.38700000047683714,
        0.38359999895095825,
        0.38750000178813937
    ]
}