{
    "train_losses": [
        0.4197356619934241,
        0.3036404756704966,
        0.29025883610049885,
        0.28147600024938585,
        0.27766689722736676,
        0.273642452309529,
        0.2670997907718023,
        0.26431890184680623,
        0.26122102389733,
        0.2576285466551781,
        0.2564039528866609,
        0.2544457880904277,
        0.25266466674705346,
        0.2513598967591921,
        0.2491950284689665,
        0.24764435172080992,
        0.24718922272324562,
        0.24595680626730124,
        0.2449789188305537,
        0.2443882805854082,
        0.2415198553353548,
        0.24234923695524532,
        0.2409636648495992,
        0.2403494870165984,
        0.23960028424859048,
        0.2397424877434969,
        0.23835701150198776,
        0.23829912923276425,
        0.2372733175009489,
        0.23670939048131306,
        0.23568178410331408,
        0.23582046079138916,
        0.23526075566808383,
        0.23631515942513942,
        0.23505575949947038,
        0.2349357972542445,
        0.2338079498956601,
        0.23388891763985156,
        0.23245054863393308,
        0.2327603095273177,
        0.2324614090969165,
        0.2325624715536833,
        0.23202782986064752,
        0.23161419302225114,
        0.2318892035384973,
        0.23065456621348857,
        0.23004788468281429,
        0.23037446136275927,
        0.23073251344263554,
        0.23016426391899586
    ],
    "test_losses": [
        0.2938262510299683,
        0.29358195900917056,
        0.2819218307733536,
        0.28697794169187546,
        0.2802099546790123,
        0.28660270392894743,
        0.27730003714561463,
        0.2787181869149208,
        0.27996848583221434,
        0.27625219643115995,
        0.27845173597335815,
        0.2850976058840752,
        0.28782192558050157,
        0.28425808146595954,
        0.29037837594747545,
        0.28379273921251297,
        0.28266480296850205,
        0.2851386272907257,
        0.28337895005941394,
        0.28491550117731096,
        0.2874149042367935,
        0.2857130515575409,
        0.2833839166164398,
        0.2893155089020729,
        0.28511863261461257,
        0.2841645622253418,
        0.29234579205513,
        0.28957655727863313,
        0.28805367201566695,
        0.29240760535001753,
        0.29422970712184904,
        0.2868837171792984,
        0.2876972445845604,
        0.2931569617986679,
        0.2918969160318375,
        0.28924325048923494,
        0.29177556812763217,
        0.2894894048571587,
        0.29154558092355726,
        0.2914189073443413,
        0.2858960020542145,
        0.29015560805797574,
        0.29533167839050295,
        0.29233296364545824,
        0.29354670345783235,
        0.29239127546548843,
        0.2969430285692215,
        0.2927465045452118,
        0.29919027239084245,
        0.29353854060173035
    ],
    "train_accs": [
        0.8793833324809869,
        0.9154833350578944,
        0.9192500036954879,
        0.9208000018199285,
        0.9221166680256526,
        0.9229666686058045,
        0.9257833337783814,
        0.925950003862381,
        0.9263000009457271,
        0.9291333335638047,
        0.9278833347558976,
        0.9289833352963129,
        0.9295166679223379,
        0.9284833361705144,
        0.9300000005960465,
        0.9300166670481363,
        0.9300833342472712,
        0.9308166682720185,
        0.9310166694720586,
        0.9310499986012777,
        0.9326333336035411,
        0.9323499995470047,
        0.9323333348830541,
        0.9316999999682108,
        0.9318833327293397,
        0.932883334159851,
        0.9326333336035411,
        0.9324166671435038,
        0.9329500017563502,
        0.9337833325068156,
        0.9340333334604899,
        0.9339833345015843,
        0.9336000007390975,
        0.9332666663328807,
        0.9332166679700216,
        0.9331333337227503,
        0.9330666661262512,
        0.9342500001192093,
        0.9341333329677581,
        0.9345166651407878,
        0.9342833344141642,
        0.9353166671593984,
        0.9348333344856898,
        0.9349833333492279,
        0.9348833328485489,
        0.9341500008106232,
        0.9354333327213923,
        0.9348833332459132,
        0.9350999993085861,
        0.9351166675488154
    ],
    "test_accs": [
        0.9176000022888183,
        0.9162999963760377,
        0.9199000000953674,
        0.9192000019550324,
        0.9241999995708465,
        0.918300006389618,
        0.9227000010013581,
        0.9229999995231628,
        0.9253000020980835,
        0.9234000015258789,
        0.9235000002384186,
        0.9247000002861023,
        0.9200000035762786,
        0.9224999976158142,
        0.9198999989032746,
        0.9226999986171722,
        0.922299998998642,
        0.9241000008583069,
        0.9237000012397766,
        0.9223000037670136,
        0.9225000023841858,
        0.9250000023841858,
        0.9243000018596649,
        0.9217000043392182,
        0.9243000030517579,
        0.9218000066280365,
        0.9241000008583069,
        0.922900002002716,
        0.9221000015735626,
        0.9223999989032745,
        0.9219000029563904,
        0.9237000012397766,
        0.9250000011920929,
        0.9229000055789948,
        0.9245000016689301,
        0.923600002527237,
        0.923199998140335,
        0.9233000040054321,
        0.9235000014305115,
        0.9248000025749207,
        0.9267000043392182,
        0.926300003528595,
        0.9218000006675721,
        0.9228000020980835,
        0.9239999997615814,
        0.9244000029563904,
        0.922900002002716,
        0.9229999995231628,
        0.9220000052452088,
        0.9233000040054321
    ]
}