{
    "train_losses": [
        1.9024699516296386,
        1.7527293167114257,
        1.745711362361908,
        1.7264904146194457,
        1.719800636291504,
        1.6927524585723877,
        1.6917986159324645,
        1.668635334968567,
        1.6608747630119323,
        1.6566709542274476,
        1.6596603746414185,
        1.6395020866394043,
        1.6254477624893189,
        1.6389827122688294,
        1.6288049659729005,
        1.6147983074188232,
        1.613480242729187,
        1.6159574866294861,
        1.603464973449707,
        1.6118385725021362,
        1.5881267504692078,
        1.6068917827606202,
        1.596565851211548,
        1.587215651512146,
        1.593671182155609,
        1.5803217267990113,
        1.5816328535079955,
        1.5915273685455322,
        1.5953535404205321,
        1.5987296104431152,
        1.5993888430595398,
        1.5673914651870728,
        1.5705678358078003,
        1.5784212260246278,
        1.5689868988990783,
        1.5711092438697816,
        1.5805986981391906,
        1.575299476146698,
        1.5814805808067323,
        1.5821413860321045,
        1.5853981442451477,
        1.5712376141548157,
        1.5637329888343812,
        1.5656436924934387,
        1.5741686129570007,
        1.5778690547943115,
        1.574605694293976,
        1.5634291553497315,
        1.5640313630104066,
        1.5722270283699036
    ],
    "test_losses": [
        1.7651829600334168,
        1.7828539419174194,
        1.794962432384491,
        1.865461242198944,
        1.8486190938949585,
        1.8428713059425355,
        1.8545187783241273,
        1.8881740546226502,
        1.895080018043518,
        1.8929617834091186,
        1.8943338871002198,
        1.8977540636062622,
        1.8931825947761536,
        1.9023798274993897,
        1.9885884642601013,
        1.9409143328666687,
        1.9374516606330872,
        1.9492631673812866,
        1.9614069938659668,
        1.9742816257476807,
        1.9694086599349976,
        1.994039568901062,
        1.9986343455314637,
        1.963481183052063,
        1.9813970255851745,
        1.9733112859725952,
        1.9586969542503356,
        2.0146494007110594,
        2.00125768661499,
        2.0164037108421327,
        2.031414580345154,
        1.9914269971847534,
        2.002930030822754,
        2.0120388770103457,
        2.0506054282188417,
        2.047075936794281,
        2.0631548810005187,
        1.9786557793617248,
        2.0212315630912783,
        2.0528144240379333,
        2.04356094121933,
        2.020151550769806,
        1.992890820503235,
        2.033296172618866,
        2.0447155237197876,
        1.997990107536316,
        2.031334443092346,
        2.0583403277397156,
        2.1005470252037046,
        2.0290730237960815
    ],
    "train_accs": [
        0.3613799994289875,
        0.39965999889373777,
        0.40011999976634977,
        0.4094999992847443,
        0.4107199990749359,
        0.4192999993562698,
        0.4201800001859665,
        0.4262799994945526,
        0.4302999995946884,
        0.4312800000905991,
        0.4305599982738495,
        0.4386799993515015,
        0.4421399997472763,
        0.4369999998807907,
        0.44169999969005586,
        0.44757999980449675,
        0.44811999988555906,
        0.4484999994039536,
        0.44986000037193297,
        0.4455599994659424,
        0.4548799992799759,
        0.4508200014829636,
        0.4540800005197525,
        0.4551599991321564,
        0.4522599993944168,
        0.4577399994134903,
        0.45949999940395353,
        0.4544399998188019,
        0.45421999967098237,
        0.4518600000143051,
        0.4523799996376038,
        0.46309999978542327,
        0.4631000006198883,
        0.4582999999523163,
        0.4607000000476837,
        0.4600400002002716,
        0.458039999961853,
        0.4617999994754791,
        0.45746000051498414,
        0.4572799999713898,
        0.45751999962329865,
        0.46239999973773954,
        0.46367999935150145,
        0.4635399984121323,
        0.4598199990987778,
        0.4588800010681152,
        0.46047999906539916,
        0.46365999937057495,
        0.4632200006246567,
        0.46227999866008757
    ],
    "test_accs": [
        0.38389999985694884,
        0.38089999854564666,
        0.3824999988079071,
        0.3573000001907349,
        0.3685999995470047,
        0.3709999996423721,
        0.36859999895095824,
        0.35489999771118164,
        0.3664000016450882,
        0.36789999961853026,
        0.3497000002861023,
        0.35070000022649767,
        0.36020000219345094,
        0.3559999978542328,
        0.35269999980926514,
        0.361100001335144,
        0.3464999997615814,
        0.3493000015616417,
        0.3479000014066696,
        0.3687000000476837,
        0.3485999995470047,
        0.3331000006198883,
        0.3389999997615814,
        0.33740000158548356,
        0.36259999990463254,
        0.344200000166893,
        0.3581999981403351,
        0.3324000000953674,
        0.33930000215768813,
        0.35070000171661375,
        0.35420000076293945,
        0.338899998664856,
        0.34139999985694885,
        0.33019999831914904,
        0.3274999994039536,
        0.34240000069141385,
        0.3331000006198883,
        0.34949999749660493,
        0.3383999985456467,
        0.33530000150203704,
        0.33690000236034395,
        0.34160000026226045,
        0.35139999866485594,
        0.3554000014066696,
        0.35399999856948855,
        0.3527000004053116,
        0.34010000109672545,
        0.34630000293254853,
        0.30629999935626984,
        0.34329999923706056
    ]
}