{
    "train_losses": [
        0.7110933828353881,
        0.4697959965467453,
        0.43150344635049503,
        0.4110992228984833,
        0.3961035442849,
        0.3869280419747035,
        0.37763988172014556,
        0.3783908516168594,
        0.3721035385628541,
        0.36372891306877136,
        0.3623152280350526,
        0.35156108816464743,
        0.34535783434907597,
        0.3462278004487356,
        0.3502150035897891,
        0.34360841756065685,
        0.3337179529170195,
        0.33470664332310357,
        0.3344406180580457,
        0.3295299471914768,
        0.3256686619420846,
        0.3208011329174042,
        0.31618862350781757,
        0.3228686715165774,
        0.3158629948397477,
        0.3160690671702226,
        0.3108579043050607,
        0.30964894011616706,
        0.3100868361691634,
        0.3040435314675172,
        0.30597737575570744,
        0.297166077842315,
        0.30131529599428175,
        0.30123667925596237,
        0.2967403338352839,
        0.2939424612124761,
        0.2926888252298037,
        0.28672039809326333,
        0.2891454940040906,
        0.28852245238920055,
        0.29835943470398585,
        0.28896194090445837,
        0.28515598878264425,
        0.2791992099831502,
        0.2870547420779864,
        0.2759553810954094,
        0.27573656469583513,
        0.2810510715842247,
        0.2771394687891007,
        0.28310690755645435
    ],
    "test_losses": [
        0.5081537890434266,
        0.4966135674715042,
        0.45688951313495635,
        0.45988941192626953,
        0.46144143998622894,
        0.446686492562294,
        0.46449872136116027,
        0.415611270070076,
        0.44343662142753604,
        0.41385215520858765,
        0.43688198149204255,
        0.40163368940353394,
        0.405423920750618,
        0.43033587098121645,
        0.43349347651004794,
        0.4008640670776367,
        0.4416744470596313,
        0.4249967509508133,
        0.4022136950492859,
        0.4014139199256897,
        0.41753285497426984,
        0.41751436203718184,
        0.40378922402858736,
        0.4028716278076172,
        0.4006060874462128,
        0.3964118301868439,
        0.40344929695129395,
        0.4269945025444031,
        0.3850959241390228,
        0.4153515377640724,
        0.4044739001989365,
        0.40876105964183806,
        0.41430934488773347,
        0.39843293994665147,
        0.4324654984474182,
        0.39176505923271177,
        0.3846068313717842,
        0.41274631828069686,
        0.4229255357384682,
        0.3989709198474884,
        0.38640267789363864,
        0.3953617238998413,
        0.40181775391101837,
        0.394855979681015,
        0.4204950797557831,
        0.4149844306707382,
        0.40091222524642944,
        0.42390837222337724,
        0.4143058806657791,
        0.3992913317680359
    ],
    "train_accs": [
        0.7481000013152759,
        0.8321166664361954,
        0.8454166688521703,
        0.8538166664044062,
        0.8591166683038076,
        0.8628166671593984,
        0.8663499995072683,
        0.8656833346684774,
        0.867166666785876,
        0.8702499995628993,
        0.8705333340167999,
        0.8730500000715256,
        0.8766499986251195,
        0.8780333308378855,
        0.8750999987125396,
        0.8783666640520096,
        0.8811999988555909,
        0.8804833310842514,
        0.8821166644493739,
        0.8831333303451538,
        0.8843666648864746,
        0.8862166659037272,
        0.8872999964157741,
        0.8855833327770233,
        0.8875166630744934,
        0.8878833305835724,
        0.8897666645050049,
        0.8898166636625926,
        0.8896999981005986,
        0.8918333317836126,
        0.8925833306709925,
        0.8939666638771693,
        0.8928999968369802,
        0.8912666654586792,
        0.8957833307981491,
        0.8956333303451538,
        0.896366664369901,
        0.8976833297808965,
        0.8982166659832,
        0.8966833325227102,
        0.8944499965508779,
        0.8971999967098236,
        0.8986999988555908,
        0.9003499976793925,
        0.8993666658798853,
        0.9017499979337057,
        0.9029333323240281,
        0.9008499977986018,
        0.9015166668097178,
        0.9003666653235753
    ],
    "test_accs": [
        0.8195999979972839,
        0.8347999966144561,
        0.8373000001907349,
        0.8375,
        0.8351000034809113,
        0.8405000042915344,
        0.8455000019073486,
        0.8593000042438507,
        0.8465000033378601,
        0.8517999970912933,
        0.8511000049114227,
        0.8616000032424926,
        0.8631999957561493,
        0.8439999985694885,
        0.8629000020027161,
        0.8655999994277954,
        0.8579000020027161,
        0.8583000040054322,
        0.8662999999523163,
        0.8567000043392181,
        0.8617000031471252,
        0.8590999984741211,
        0.8627000033855439,
        0.859099999666214,
        0.8646000015735626,
        0.8664000010490418,
        0.8637000024318695,
        0.8488999998569489,
        0.8683999967575073,
        0.8674999988079071,
        0.8620000052452087,
        0.8602000010013581,
        0.8625000035762787,
        0.8667000007629394,
        0.8496000051498414,
        0.8690999972820282,
        0.8699000012874604,
        0.8615000021457672,
        0.8643000018596649,
        0.8630000030994416,
        0.8696999990940094,
        0.8681000018119812,
        0.867000002861023,
        0.8697000014781952,
        0.8691000008583069,
        0.8696999979019165,
        0.8689999985694885,
        0.8668999981880188,
        0.8647000002861023,
        0.8683000004291535
    ]
}