{
    "train_losses": [
        2.0188106565475463,
        1.7787046871185304,
        1.6999133596420288,
        1.6565983572006227,
        1.6282505702972412,
        1.5978181920051575,
        1.5795817289352416,
        1.5477823429107667,
        1.5200974636077882,
        1.5078071413040162,
        1.4867119660377504,
        1.487524908065796,
        1.4687652282714845,
        1.4577662291526794,
        1.4454191489219665,
        1.4448376994132996,
        1.4318038029670714,
        1.4256093549728392,
        1.4324163031578063,
        1.4081576809883118,
        1.4084559307098388,
        1.396117892742157,
        1.4003737540245056,
        1.3914604530334473,
        1.3826431517601012,
        1.3778474340438842,
        1.372454626083374,
        1.3736495342254638,
        1.3626909499168396,
        1.3614328603744508,
        1.358797327041626,
        1.3574002537727357,
        1.3523955783843995,
        1.3471122632026673,
        1.3500998406410216,
        1.3373988490104676,
        1.337156596660614,
        1.326940529346466,
        1.3300772109031678,
        1.3303562865257264,
        1.321242938041687,
        1.3142062792778015,
        1.3162100558280945,
        1.3133625116348266,
        1.3062470560073853,
        1.3042446146011353,
        1.3004211406707764,
        1.298559594631195,
        1.2953707275390625,
        1.291201563835144
    ],
    "test_losses": [
        1.808040940761566,
        1.7132207989692687,
        1.7210082721710205,
        1.6299527549743653,
        1.6378859901428222,
        1.6054656982421875,
        1.5869612526893615,
        1.5609719824790955,
        1.532175154685974,
        1.5823446607589722,
        1.530652070045471,
        1.5023464345932007,
        1.5214568424224852,
        1.5071022295951844,
        1.4815170502662658,
        1.500477442741394,
        1.4801661825180055,
        1.543603811264038,
        1.4812697076797485,
        1.4813937330245972,
        1.491292862892151,
        1.488438401222229,
        1.458548595905304,
        1.491609652042389,
        1.4559829926490784,
        1.4353909015655517,
        1.4767676544189454,
        1.461573350429535,
        1.5327676916122437,
        1.4640689849853517,
        1.4448641061782836,
        1.4405779933929443,
        1.444860954284668,
        1.531553614139557,
        1.4314187693595886,
        1.473013894557953,
        1.426742296218872,
        1.443588273525238,
        1.4313047647476196,
        1.5014419388771056,
        1.4424790120124817,
        1.4477121710777283,
        1.4415793561935424,
        1.4438890266418456,
        1.4359966897964478,
        1.4407087111473083,
        1.4544037580490112,
        1.4513082909584045,
        1.4286196041107178,
        1.4796106219291687
    ],
    "train_accs": [
        0.2746599999666214,
        0.3669800008535385,
        0.397359999537468,
        0.4132000004053116,
        0.4236399997472763,
        0.43449999940395356,
        0.44487999868392947,
        0.4536799998283386,
        0.46685999870300293,
        0.46646000027656553,
        0.47331999862194063,
        0.47447999906539917,
        0.48045999884605406,
        0.48487999868392945,
        0.49223999869823454,
        0.4907999986410141,
        0.49463999712467194,
        0.49644000005722044,
        0.4959000002145767,
        0.502719997882843,
        0.5057999974489212,
        0.5073599996566772,
        0.5087399994134902,
        0.5124199986457825,
        0.5113999981880188,
        0.516019998908043,
        0.5167799971103668,
        0.5152599982023239,
        0.5193999989032745,
        0.5205599979162217,
        0.5230199979543686,
        0.5230799968242645,
        0.5246799988746643,
        0.5258399995565415,
        0.5240999993085861,
        0.526860001206398,
        0.5300600012540817,
        0.5344599986076355,
        0.5330600006580353,
        0.5326799978017807,
        0.5366000003814697,
        0.5384199998378754,
        0.5370399985313415,
        0.5372600011825561,
        0.5423799982070923,
        0.540979997754097,
        0.5421600003242493,
        0.5471399989128113,
        0.5419799975156784,
        0.5455200004577637
    ],
    "test_accs": [
        0.3559999996423721,
        0.38640000104904176,
        0.402399999499321,
        0.41819999933242796,
        0.4209999978542328,
        0.4355999982357025,
        0.43969999969005585,
        0.44789999902248384,
        0.4530999982357025,
        0.4443999987840652,
        0.4569999992847443,
        0.47310000002384184,
        0.45709999740123747,
        0.4676000028848648,
        0.47070000171661375,
        0.4736999982595444,
        0.47600000143051147,
        0.4514999997615814,
        0.47730000138282774,
        0.48110000014305115,
        0.4678000003099442,
        0.4827000004053116,
        0.4805000030994415,
        0.4769999986886978,
        0.4830999970436096,
        0.49179999947547914,
        0.47309999763965604,
        0.4856000012159348,
        0.45819999754428864,
        0.4779999977350235,
        0.49179999947547914,
        0.48769999980926515,
        0.4850999969244003,
        0.47239999890327455,
        0.49679999887943266,
        0.4855999982357025,
        0.49769999861717223,
        0.4904999971389771,
        0.49419999778270723,
        0.4766999989748001,
        0.49509999752044676,
        0.4929999965429306,
        0.4888999968767166,
        0.4864999997615814,
        0.4962999963760376,
        0.5040999978780747,
        0.4892999958992004,
        0.4945999991893768,
        0.5011999994516373,
        0.48990000009536744
    ]
}