{
    "train_losses": [
        2.029028001308441,
        1.8121931047439575,
        1.7137705693244933,
        1.6565481343269348,
        1.6316611976623536,
        1.5961272177696229,
        1.5618404531478882,
        1.541337028980255,
        1.5232583904266357,
        1.500206771850586,
        1.4890522298812867,
        1.4794212098121644,
        1.4637089071273803,
        1.4682934145927429,
        1.4532303371429443,
        1.4348642106056213,
        1.436261923789978,
        1.419592124938965,
        1.4230808506011963,
        1.4168414454460143,
        1.3994479656219483,
        1.399365433216095,
        1.3941063642501832,
        1.390246226787567,
        1.3840445652008058,
        1.3806165628433227,
        1.3792116179466247,
        1.3679902005195617,
        1.3663636016845704,
        1.3598684797286986,
        1.3517232651710511,
        1.3556171851158143,
        1.3496369943618773,
        1.3464250760078431,
        1.3436773681640626,
        1.332697998046875,
        1.3377313585281372,
        1.3316956849098205,
        1.3315069732666016,
        1.3242052435874938,
        1.3200785675048827,
        1.3186426401138305,
        1.3135585775375367,
        1.3162565383911133,
        1.3087907524108886,
        1.3092472686767578,
        1.30345832157135,
        1.3071853590011597,
        1.299200141429901,
        1.2987086715698242
    ],
    "test_losses": [
        1.9119377470016479,
        1.7571644830703734,
        1.683682508468628,
        1.6980726861953734,
        1.6383150696754456,
        1.6261357021331788,
        1.5664986610412597,
        1.5534220552444458,
        1.5607790517807008,
        1.5540858006477356,
        1.508928608894348,
        1.5135134029388428,
        1.571357069015503,
        1.5179493761062621,
        1.4853762817382812,
        1.4800241446495057,
        1.5078712034225463,
        1.4867063498497008,
        1.488305606842041,
        1.5065804743766784,
        1.4940337896347047,
        1.4899101901054381,
        1.4686919283866882,
        1.4813770866394043,
        1.485221929550171,
        1.495269238948822,
        1.4542821717262269,
        1.495523166656494,
        1.509306719303131,
        1.4957100892066955,
        1.5075683879852295,
        1.4531469631195069,
        1.470375018119812,
        1.4624195551872254,
        1.5092894291877748,
        1.4571817922592163,
        1.479260642528534,
        1.4755826091766358,
        1.5265808033943176,
        1.4610117864608765,
        1.4745998764038086,
        1.4425833630561828,
        1.4882738637924193,
        1.461342182159424,
        1.4846588850021363,
        1.4759045672416686,
        1.460898311138153,
        1.4676648879051208,
        1.4881874823570251,
        1.4716567778587342
    ],
    "train_accs": [
        0.277519999653101,
        0.35954000103473666,
        0.392539999961853,
        0.4122199993133545,
        0.4222199990749359,
        0.4385200001001358,
        0.45132000029087066,
        0.4565599993467331,
        0.46276000010967255,
        0.4704599992036819,
        0.47621999895572664,
        0.477820001244545,
        0.48465999913215635,
        0.48229999899864195,
        0.4868399993181229,
        0.49534000062942507,
        0.4935200004577637,
        0.5011799983978271,
        0.4969999986886978,
        0.5003199986219407,
        0.5059799978733063,
        0.5077600003480911,
        0.5084999988079071,
        0.5115199985504151,
        0.5122399991750717,
        0.514879998087883,
        0.5149799984693527,
        0.517420000076294,
        0.5188599981069565,
        0.5209399985074997,
        0.5239800003767013,
        0.5226199969053268,
        0.525599999666214,
        0.5272999984025956,
        0.5261799987554551,
        0.5320400002002716,
        0.5293199993371963,
        0.5309199991226197,
        0.5349399991035462,
        0.5327599983215332,
        0.536420000076294,
        0.5363199986219406,
        0.5369999979734421,
        0.5378199980258942,
        0.5402799991369247,
        0.5412999985218048,
        0.5438599990606308,
        0.5436199983358383,
        0.5439999983310699,
        0.545099998474121
    ],
    "test_accs": [
        0.3179000008106232,
        0.3893000000715256,
        0.38780000030994416,
        0.39580000162124634,
        0.42240000069141387,
        0.43779999792575836,
        0.45099999964237214,
        0.45750000059604645,
        0.451700000166893,
        0.4474000012874603,
        0.4737999993562698,
        0.4675999999046326,
        0.4383000016212463,
        0.47109999775886535,
        0.4709000027179718,
        0.4775999969244003,
        0.4737999987602234,
        0.47030000150203705,
        0.4736999982595444,
        0.4765999984741211,
        0.4683999961614609,
        0.47739999830722807,
        0.47669999837875365,
        0.47989999771118164,
        0.48129999816417696,
        0.46980000019073487,
        0.4858000010251999,
        0.4745999979972839,
        0.47930000007152557,
        0.47079999804496764,
        0.4614000016450882,
        0.4881000006198883,
        0.48199999690055845,
        0.49199999749660495,
        0.46990000128746034,
        0.4838000017404556,
        0.4754000014066696,
        0.483999999165535,
        0.4614999997615814,
        0.4829000008106232,
        0.48669999599456787,
        0.4979000014066696,
        0.48540000021457674,
        0.49069999873638154,
        0.4812999993562698,
        0.48139999866485594,
        0.48699999749660494,
        0.4815999972820282,
        0.48609999716281893,
        0.4885999983549118
    ]
}