{
    "train_losses": [
        0.7089030872782072,
        0.4529421557982763,
        0.4421769006550312,
        0.4340864852070808,
        0.4237856498857339,
        0.4184379624823729,
        0.4137549521525701,
        0.41027877390384676,
        0.41302182883024213,
        0.4105243041117986,
        0.40392652347683905,
        0.4046419725815455,
        0.4072618545095126,
        0.40390191718935964,
        0.40149558847149214,
        0.4062150916457176,
        0.4011328737437725,
        0.3983420107762019,
        0.40336035504937173,
        0.41623596181472144,
        0.3977763532102108,
        0.38531155198812483,
        0.3901303253571192,
        0.39646537909905116,
        2.303377606868744,
        0.38376154894630116,
        0.37591587255398434,
        0.37213523909449575,
        0.36871151889363923,
        0.3674310819307963,
        0.366576734383901,
        0.3670454295972983,
        0.36632787331938743,
        0.3664926444987456,
        0.3668194112678369,
        0.37069587970773377,
        0.36685696224371594,
        0.36837875415881477,
        0.3688216594358285,
        0.3711776594320933,
        0.37254360447327295,
        0.3752799009780089,
        0.38133591920137405,
        0.3906624851624171,
        0.38938310399651527,
        0.38362756788730623,
        4.441130464027325,
        2.3418040850758555,
        0.40905161495010056,
        0.38199731046954793
    ],
    "test_losses": [
        0.48142222344875335,
        0.47224928200244903,
        0.4823756814002991,
        0.4705546396970749,
        0.4732941806316376,
        0.47904960870742797,
        0.4676457238197327,
        0.46234835088253023,
        0.528004668354988,
        0.4669828516244888,
        0.4758051598072052,
        0.47657757699489595,
        0.48860213935375213,
        0.48580681681633,
        0.47005473971366885,
        0.4834424215555191,
        0.48958864569664,
        0.4733278888463974,
        0.5179361170530319,
        0.5033209204673768,
        0.47048071086406706,
        0.4626598280668259,
        0.5242928558588028,
        0.4771515554189682,
        0.5497247242927551,
        0.510866716504097,
        0.4929548317193985,
        0.48463130474090577,
        0.4859078449010849,
        0.48765195488929747,
        0.47594243824481963,
        0.46937354683876037,
        0.5002006262540817,
        0.4686498260498047,
        0.47823277235031125,
        0.47630146086215974,
        0.4670818394422531,
        0.4765582817792893,
        0.46970785975456236,
        0.4876418310403824,
        0.4633291852474213,
        0.4900212687253952,
        0.4708777517080307,
        0.49003426313400267,
        0.4802992498874664,
        0.5008414590358734,
        20.70023609161377,
        0.7320189511775971,
        0.5317441463470459,
        0.5045996898412705
    ],
    "train_accs": [
        0.8035833333681027,
        0.8435166678826014,
        0.8466833331187567,
        0.8489666696389516,
        0.8515500020980835,
        0.853716668287913,
        0.8567500005165736,
        0.856800002058347,
        0.8558166680733362,
        0.8562666684389114,
        0.8586666685342789,
        0.8572166679302852,
        0.8572500012318294,
        0.8587833354870479,
        0.8569000019629797,
        0.8561000019311905,
        0.8598666658004125,
        0.8600166680415472,
        0.8573833364248276,
        0.8543166693051656,
        0.8602500009536743,
        0.8633500025669734,
        0.8626666673024496,
        0.8603666685024898,
        0.8206500019629797,
        0.8656999995311101,
        0.8681000008185704,
        0.8689833335081736,
        0.87003333290418,
        0.8710999997456869,
        0.8712333331505457,
        0.869399999777476,
        0.8702666674057643,
        0.8702666682004928,
        0.8709000001351038,
        0.8693833347161611,
        0.870300000111262,
        0.869350001613299,
        0.8690166682004928,
        0.8683166668812434,
        0.8682000025113423,
        0.8677500011523565,
        0.8651500018437703,
        0.8609833345810572,
        0.8616666672627131,
        0.8641166657209396,
        0.8392333354552587,
        0.8320000000794728,
        0.862416667342186,
        0.8664333357413609
    ],
    "test_accs": [
        0.8385000026226044,
        0.8350000011920929,
        0.8320000028610229,
        0.8353000020980835,
        0.8376000034809112,
        0.8331999981403351,
        0.8338000011444092,
        0.8412000024318695,
        0.8187000000476837,
        0.8362000024318695,
        0.8320000028610229,
        0.8374000000953674,
        0.8337000024318695,
        0.833800003528595,
        0.8367000031471252,
        0.8306000006198883,
        0.8250999963283538,
        0.8332000005245209,
        0.8329999995231628,
        0.8234000027179718,
        0.8360000026226043,
        0.8392000007629394,
        0.8154000020027161,
        0.8360000038146973,
        0.8267000007629395,
        0.8336999988555909,
        0.82799999833107,
        0.832200003862381,
        0.8307000005245209,
        0.8299999964237214,
        0.8405999994277954,
        0.8367000007629395,
        0.8385000002384185,
        0.840400003194809,
        0.8341999959945678,
        0.834700003862381,
        0.8389000058174133,
        0.8335999989509583,
        0.8389000022411346,
        0.8362999975681304,
        0.8399000024795532,
        0.8325999987125396,
        0.839799998998642,
        0.8317999970912934,
        0.8310999989509582,
        0.8331000006198883,
        0.7723000001907349,
        0.7935999953746795,
        0.8237999999523162,
        0.8339999997615815
    ]
}