{
    "train_losses": [
        0.693742562532425,
        0.47333099871873857,
        0.43615694095691043,
        0.4191365716358026,
        0.41295419534047445,
        0.4049999612569809,
        0.39570562690496447,
        0.3935577882329623,
        0.38923496385415396,
        0.386180073817571,
        0.38559999600052836,
        0.382210184186697,
        0.37859289278586705,
        0.3781127848724524,
        0.3759925936659177,
        0.3733992351591587,
        0.3738460663954417,
        0.3732184085746606,
        0.3708101496597131,
        0.3698187791307767,
        0.3701026662190755,
        0.36649010638395946,
        0.36692866280674935,
        0.36551201035579045,
        0.3658067259689172,
        0.3662209598223368,
        0.36422790865103405,
        0.36239890346924464,
        0.36113366837302846,
        0.36339617093404136,
        0.36078379034996033,
        0.3587478007376194,
        0.3607207078238328,
        0.35919083630045257,
        0.3598505792021751,
        0.35884408578276633,
        0.35798941989739735,
        0.35719746083021164,
        0.35684532289703685,
        0.35496544718742373,
        0.35643361871441204,
        0.35651510854562124,
        0.3548523842295011,
        0.3538396445910136,
        0.3542437110344569,
        0.3539702676733335,
        0.3542115168770154,
        0.3533613200485706,
        0.3518931558231513,
        0.35314968223373094
    ],
    "test_losses": [
        0.5317455649375915,
        0.5148377025127411,
        0.4622360646724701,
        0.45385994136333463,
        0.45128829061985015,
        0.45670946896076203,
        0.45921275436878206,
        0.48300614655017854,
        0.45242699325084684,
        0.45922780156135556,
        0.4558307385444641,
        0.4584236162900925,
        0.45350605368614194,
        0.4594717580080032,
        0.4542916035652161,
        0.45430931329727176,
        0.4608326852321625,
        0.4652080684900284,
        0.4712548625469208,
        0.46027815341949463,
        0.4634439206123352,
        0.4619538974761963,
        0.4642330652475357,
        0.4612164533138275,
        0.4703907907009125,
        0.4585665684938431,
        0.45875933110713957,
        0.46166829764842987,
        0.4608567267656326,
        0.46526131689548494,
        0.4627606683969498,
        0.4629817897081375,
        0.4678328400850296,
        0.46681216537952425,
        0.47643539488315584,
        0.46735594630241395,
        0.46699139833450315,
        0.46218465447425844,
        0.472043793797493,
        0.4650112497806549,
        0.47582395136356354,
        0.4707795238494873,
        0.4661366266012192,
        0.47296059906482696,
        0.46839395761489866,
        0.4812303787469864,
        0.47051906406879423,
        0.46690885186195374,
        0.4664899426698685,
        0.47790550291538236
    ],
    "train_accs": [
        0.7607500001788139,
        0.8326999992132187,
        0.8477833344539006,
        0.8539666676521301,
        0.8554000014066696,
        0.8588166673978169,
        0.8626666690905889,
        0.8621666663885117,
        0.8637166676918665,
        0.8643000030517578,
        0.8642666671673457,
        0.8657333330313365,
        0.8671333358685176,
        0.8674833333492279,
        0.8676333338022232,
        0.8686000021298727,
        0.8672833345333735,
        0.868699999054273,
        0.869033332268397,
        0.8696333322922388,
        0.8692333346605301,
        0.8714999985694886,
        0.869316664536794,
        0.8707999996344249,
        0.8708499995867411,
        0.8698166680335998,
        0.8718499996264776,
        0.871566665371259,
        0.8728500000635783,
        0.8705833343664805,
        0.8727833344539007,
        0.8714833360910416,
        0.8719666665792465,
        0.8729833338658015,
        0.8722833327452342,
        0.8729333327213923,
        0.8730499986807505,
        0.8728166657686234,
        0.8728999994198481,
        0.8734166689713796,
        0.8734499990940094,
        0.8734666671355565,
        0.8735833340883254,
        0.8744833344221115,
        0.8736166669925054,
        0.8738833345969518,
        0.8745166665315628,
        0.8744666661818822,
        0.8747666672865549,
        0.8748833324511845
    ],
    "test_accs": [
        0.8070000004768372,
        0.8181999981403351,
        0.8381000006198883,
        0.8406999969482422,
        0.8414000022411346,
        0.8400999999046326,
        0.8375999975204468,
        0.8319000029563903,
        0.8421000003814697,
        0.8376000010967255,
        0.8368999981880187,
        0.838600001335144,
        0.840499997138977,
        0.8380000019073486,
        0.8401000046730042,
        0.8370000016689301,
        0.8404999983310699,
        0.8385000002384185,
        0.8334000027179718,
        0.8373000049591064,
        0.8384000015258789,
        0.8389999997615815,
        0.8379000008106232,
        0.8381000018119812,
        0.8345000004768371,
        0.8389000046253204,
        0.8394000005722045,
        0.8399000048637391,
        0.8391000032424927,
        0.8371000015735626,
        0.8378999996185302,
        0.8385999989509583,
        0.8365999972820282,
        0.836800000667572,
        0.8347000026702881,
        0.8382999992370606,
        0.8356000018119812,
        0.8399000024795532,
        0.8405999970436097,
        0.8402000021934509,
        0.836199997663498,
        0.8356999981403351,
        0.8400999999046326,
        0.8374000024795533,
        0.8375000011920929,
        0.8305999970436097,
        0.8372999989986419,
        0.838400000333786,
        0.8384000051021576,
        0.8329000008106232
    ]
}