{
    "train_losses": [
        1.7897211389541625,
        1.7217504920959472,
        1.6998301906585693,
        1.6818295130729675,
        1.6679997835159301,
        1.6580484523773193,
        1.6460521111488342,
        1.6399731392860413,
        1.630613715648651,
        1.6252552728652954,
        1.6183807544708253,
        1.615485424041748,
        1.6104764018058777,
        1.6042206850051879,
        1.5998406763076782,
        1.5953579745292663,
        1.5910205097198487,
        1.5875866737365723,
        1.5833572955131532,
        1.5797805614471436,
        1.5775544562339783,
        1.5724640846252442,
        1.5697933955192567,
        1.5670475444793701,
        1.5631877026557923,
        1.5589696621894837,
        1.5580126495361328,
        1.5533567309379577,
        1.5504816327095032,
        1.5475784602165221,
        1.5448427791595458,
        1.541589692592621,
        1.5393553252220153,
        1.5373432230949402,
        1.5332793865203858,
        1.529779776096344,
        1.5274662580490113,
        1.5259659614562988,
        1.523114245891571,
        1.5208292984962464,
        1.5173987188339233,
        1.516178644657135,
        1.5131223673820495,
        1.5108860611915589,
        1.5085062370300293,
        1.5060852870941162,
        1.503599609375,
        1.5026069841384888,
        1.499367480278015,
        1.4981935782432556
    ],
    "test_losses": [
        1.738186433315277,
        1.7243449449539185,
        1.7219445276260377,
        1.729897449016571,
        1.740378201007843,
        1.7413606762886047,
        1.7492212510108949,
        1.7552695393562316,
        1.7504550457000732,
        1.75697523355484,
        1.7607687544822692,
        1.760881049633026,
        1.7792542743682862,
        1.7713838338851928,
        1.7798288297653198,
        1.7781977295875548,
        1.7854811692237853,
        1.787066059112549,
        1.7917554831504823,
        1.8010980939865113,
        1.7927756595611573,
        1.7985524106025697,
        1.7979233932495118,
        1.806428954601288,
        1.806335105895996,
        1.8162970399856568,
        1.8153671145439148,
        1.819443244934082,
        1.815601954460144,
        1.8236008071899414,
        1.8294166278839112,
        1.8392791962623596,
        1.8370268797874452,
        1.836392843723297,
        1.8439028644561768,
        1.8494871497154235,
        1.8550602078437806,
        1.85380126953125,
        1.85832524061203,
        1.8608323335647583,
        1.8628528928756714,
        1.8634714770317078,
        1.8687018132209778,
        1.8777953886985779,
        1.874030294418335,
        1.8852852654457093,
        1.8847070240974426,
        1.88609472990036,
        1.891733922958374,
        1.893263921737671
    ],
    "train_accs": [
        0.3819200005531311,
        0.41259999918937684,
        0.42009999907016754,
        0.428599999666214,
        0.4328200001716614,
        0.4364399998188019,
        0.4408000005483627,
        0.44240000009536745,
        0.44430000042915346,
        0.44901999926567077,
        0.44891999900341034,
        0.4495599989891052,
        0.4538600004911423,
        0.4536199997663498,
        0.45695999956130984,
        0.457259999871254,
        0.45779999876022337,
        0.4603799992799759,
        0.4614399996995926,
        0.4625800004005432,
        0.46303999865055084,
        0.4655199993848801,
        0.46585999929904937,
        0.46737999975681305,
        0.466579999089241,
        0.4698400003910065,
        0.47023999953269957,
        0.4719600006341934,
        0.47105999910831453,
        0.47395999836921693,
        0.475079998254776,
        0.47511999905109403,
        0.47719999945163727,
        0.4726199989318848,
        0.4772399995326996,
        0.47716000032424927,
        0.48005999863147736,
        0.4806799986362457,
        0.48073999893665315,
        0.480939999461174,
        0.4832399986982346,
        0.48255999994277954,
        0.4857800002098083,
        0.4845599983930588,
        0.4869199985265732,
        0.48699999988079073,
        0.48721999883651734,
        0.4894400004148483,
        0.4895999995470047,
        0.4913199976682663
    ],
    "test_accs": [
        0.4026999992132187,
        0.4053999996185303,
        0.4087999993562698,
        0.40360000014305114,
        0.40089999794960024,
        0.3998999977111816,
        0.39509999871253965,
        0.39559999883174896,
        0.3954000002145767,
        0.395100000500679,
        0.39260000109672544,
        0.3934999990463257,
        0.3880999994277954,
        0.3920999991893768,
        0.3894000005722046,
        0.39060000121593474,
        0.38950000047683714,
        0.38809999883174895,
        0.38539999842643735,
        0.38679999828338624,
        0.3868999981880188,
        0.3835999995470047,
        0.38649999976158145,
        0.38610000133514405,
        0.3805999982357025,
        0.3813000011444092,
        0.38160000026226043,
        0.37949999928474426,
        0.38709999978542325,
        0.3786000007390976,
        0.3779999977350235,
        0.3736000007390976,
        0.37989999949932096,
        0.3769999998807907,
        0.37280000030994415,
        0.3734999996423721,
        0.37320000171661377,
        0.3756000006198883,
        0.37420000016689303,
        0.3711999994516373,
        0.36680000185966494,
        0.37439999997615814,
        0.3674000006914139,
        0.3695000010728836,
        0.37490000009536745,
        0.36900000035762787,
        0.37050000071525574,
        0.36760000109672547,
        0.36680000126361845,
        0.37340000212192537
    ]
}