{
    "train_losses": [
        0.5344338110586008,
        0.321748700539271,
        0.29982092907031377,
        0.2872540826102098,
        0.28088014299670855,
        0.2743762475500504,
        0.27048886579771836,
        0.2688010265429815,
        0.2652654677132765,
        0.26186731283863385,
        0.2608525752772888,
        0.25829958920677504,
        0.2552204511562983,
        0.2532471131781737,
        0.2512067903578281,
        0.24940646447241308,
        0.24758075701693694,
        0.24649239835639794,
        0.24583015456795693,
        0.24264505868156752,
        0.24177570171654225,
        0.24019551433622838,
        0.24133766976495583,
        0.23923848889768123,
        0.23776265412569045,
        0.23715466693043707,
        0.23613860515256724,
        0.23605792415638766,
        0.2345149481544892,
        0.23371656556924184,
        0.23340902889768284,
        0.2332990661263466,
        0.23348340334991613,
        0.23105508180956047,
        0.2313498661170403,
        0.2305848955363035,
        0.2305719622472922,
        0.22934777036309242,
        0.22881742802759011,
        0.22840028976400692,
        0.22902825824916362,
        0.22860324596365292,
        0.2274431365231673,
        0.22784164893130462,
        0.2263707180072864,
        0.2264511090517044,
        0.22657963509360948,
        0.22604889576633772,
        0.22635592778523764,
        0.2263693019002676
    ],
    "test_losses": [
        0.33536349892616274,
        0.2910593217611313,
        0.2763202503323555,
        0.27204736053943634,
        0.2866837173700333,
        0.2733082661032677,
        0.27237139999866483,
        0.26879641234874724,
        0.27329454213380816,
        0.2761411651968956,
        0.27477911561727525,
        0.2727004882693291,
        0.2794279637932777,
        0.27611195266246796,
        0.28120798885822296,
        0.276490364074707,
        0.2830502638220787,
        0.27674008294939995,
        0.27648461908102034,
        0.2853279814124107,
        0.2893312212824821,
        0.28771555989980696,
        0.2851003134250641,
        0.28685213297605516,
        0.2853265103697777,
        0.2847666281461716,
        0.2838203662633896,
        0.28521994799375533,
        0.28742298632860186,
        0.2877731385827065,
        0.29136170536279676,
        0.2908991348743439,
        0.28837433099746707,
        0.2865351495146751,
        0.2905894070863724,
        0.2938811007142067,
        0.2947947159409523,
        0.29224167853593824,
        0.29153334349393845,
        0.29187615096569064,
        0.2934245018661022,
        0.2954147785902023,
        0.29062545955181124,
        0.29183227628469466,
        0.290987154841423,
        0.29571125626564027,
        0.29152653366327286,
        0.2952392515540123,
        0.2981347948312759,
        0.2995350193977356
    ],
    "train_accs": [
        0.8409499995658795,
        0.9073499983549118,
        0.9144000017642975,
        0.9198000015815099,
        0.9213833365837732,
        0.9229833354552587,
        0.9249000016848247,
        0.9254333349068959,
        0.9263000027338664,
        0.9276000018914541,
        0.926966667175293,
        0.927916667064031,
        0.9296000023682912,
        0.9289333357413609,
        0.9299333347876867,
        0.9296000027656555,
        0.9306666672229766,
        0.9303666675090789,
        0.9303500008583069,
        0.9323666683832804,
        0.9320333353678385,
        0.9323500021298726,
        0.9316166681051254,
        0.9329000018040339,
        0.93375,
        0.9336000013351441,
        0.933866666952769,
        0.9342999988794327,
        0.934099999666214,
        0.9338499995072683,
        0.9346833330392837,
        0.9345500002304713,
        0.9336500010887782,
        0.9345333337783813,
        0.9345666656891505,
        0.9351499998569488,
        0.935233333905538,
        0.9354333343108495,
        0.9352166664600372,
        0.9358166670799255,
        0.9351666675011316,
        0.9352833330631256,
        0.9356999983390172,
        0.935833332935969,
        0.9363166658083598,
        0.9361333328485489,
        0.9369166662295659,
        0.9353166669607162,
        0.9351166665554047,
        0.9357833329836528
    ],
    "test_accs": [
        0.9022000014781952,
        0.9155000007152557,
        0.9255000042915345,
        0.9253000009059906,
        0.9161000025272369,
        0.9237000024318696,
        0.9234000015258789,
        0.9242000007629394,
        0.9253999996185303,
        0.921300003528595,
        0.9239000010490418,
        0.9251000010967254,
        0.9264000010490417,
        0.9235000050067902,
        0.9234000027179718,
        0.925200001001358,
        0.9226000034809112,
        0.9258000063896179,
        0.9249000000953674,
        0.9240000069141387,
        0.9199000012874603,
        0.9221000027656555,
        0.920200001001358,
        0.9226000034809112,
        0.9251000022888184,
        0.9248000025749207,
        0.9241000080108642,
        0.9237000036239624,
        0.9237000000476837,
        0.9243999993801117,
        0.9251000010967254,
        0.9208000004291534,
        0.9234000039100647,
        0.9229000008106232,
        0.9222000014781951,
        0.9233000016212464,
        0.9232000005245209,
        0.9225999975204467,
        0.9218000054359436,
        0.9246000039577484,
        0.9228000044822693,
        0.9233000016212464,
        0.925400003194809,
        0.9224000000953674,
        0.9251000010967254,
        0.9247000026702881,
        0.924300000667572,
        0.9219000017642975,
        0.9212000012397766,
        0.9232000017166138
    ]
}