{
    "train_losses": [
        1.7915397310256957,
        1.7245485506057738,
        1.7017191023826599,
        1.6852031693458558,
        1.672963767528534,
        1.6630345420837402,
        1.6544401717185975,
        1.6453767395019532,
        1.6389499502182008,
        1.6313553729057313,
        1.6255667433738707,
        1.6196398673057557,
        1.6142019357681274,
        1.6090741171836853,
        1.6038024606704713,
        1.5996196327209473,
        1.5944211988449097,
        1.5897145309448242,
        1.5861561861038207,
        1.5826469464302062,
        1.5765293021202087,
        1.5731630940437318,
        1.5707069840431214,
        1.568390233039856,
        1.563480498313904,
        1.5605849318504335,
        1.5570761375427247,
        1.554492347240448,
        1.5504449720382691,
        1.5466819248199464,
        1.5450937170982362,
        1.5412054619789124,
        1.540156042098999,
        1.536564923286438,
        1.5357908687591553,
        1.5309831199645996,
        1.5294006905555726,
        1.5262409853935242,
        1.5251426968574524,
        1.5221801018714904,
        1.5208042883872985,
        1.5175713143348695,
        1.5163321013450624,
        1.5122627739906311,
        1.5112563242912294,
        1.5082375311851501,
        1.507300043106079,
        1.5058694376945496,
        1.5041887035369874,
        1.5015679788589478
    ],
    "test_losses": [
        1.7294479298591614,
        1.7245078468322754,
        1.7306037068367004,
        1.7254347443580627,
        1.7336251759529113,
        1.740619993209839,
        1.7371085643768311,
        1.7557887768745422,
        1.748374195098877,
        1.7559193205833434,
        1.758528790473938,
        1.764596004486084,
        1.7632805705070496,
        1.7674995279312133,
        1.773073709011078,
        1.7780221819877624,
        1.7839824748039246,
        1.7922303700447082,
        1.7884644508361816,
        1.785824499130249,
        1.7979753065109252,
        1.789359130859375,
        1.7961154365539551,
        1.7997563219070434,
        1.8203233623504638,
        1.8121091890335084,
        1.8196620559692382,
        1.8250305914878846,
        1.8169866681098938,
        1.8285228824615478,
        1.832324104309082,
        1.8292931699752808,
        1.8385415887832641,
        1.840059938430786,
        1.84113135099411,
        1.8462658357620239,
        1.8506014847755432,
        1.8579809594154357,
        1.8637787532806396,
        1.8557773685455323,
        1.8574296259880065,
        1.8714877891540527,
        1.8710605168342591,
        1.8737802386283875,
        1.8765723323822021,
        1.8756504559516907,
        1.8839062762260437,
        1.8921511936187745,
        1.885820655822754,
        1.8887272310256957
    ],
    "train_accs": [
        0.3827799991071224,
        0.4119199993610382,
        0.42066000020503996,
        0.42769999980926515,
        0.4327000000476837,
        0.434300000667572,
        0.4381799999475479,
        0.4398999997377396,
        0.4416599998474121,
        0.44572000098228454,
        0.44437999868392947,
        0.44722000086307523,
        0.4535199999809265,
        0.4544399996995926,
        0.454039999961853,
        0.4563200011253357,
        0.456899999499321,
        0.4592799997329712,
        0.46115999889373777,
        0.4607599993944168,
        0.46235999929904936,
        0.4641000000238419,
        0.4640599999427795,
        0.46641999936103823,
        0.46693999934196473,
        0.46987999927997587,
        0.46883999836444856,
        0.4693400002717972,
        0.4721199989318848,
        0.4721599988937378,
        0.47119999980926514,
        0.4740399987697601,
        0.4738999996185303,
        0.47530000007152556,
        0.4773599994182587,
        0.4790199989080429,
        0.4784199985265732,
        0.47818000030517577,
        0.4810599982738495,
        0.4808200001716614,
        0.4805399997234345,
        0.4834199995994568,
        0.48423999762535097,
        0.4852199991941452,
        0.485399999499321,
        0.4862999982833862,
        0.4862199990749359,
        0.4883399983644485,
        0.4897199985980988,
        0.48863999903202054
    ],
    "test_accs": [
        0.40709999978542327,
        0.40520000040531157,
        0.4037000000476837,
        0.4081999987363815,
        0.4037999993562698,
        0.3999000000953674,
        0.4016000008583069,
        0.3906000000238419,
        0.3957000017166138,
        0.39609999895095827,
        0.3950000011920929,
        0.39419999957084656,
        0.3911999988555908,
        0.39620000004768374,
        0.38989999890327454,
        0.3846000015735626,
        0.38480000019073485,
        0.38289999902248384,
        0.39180000126361847,
        0.3874000012874603,
        0.3824000012874603,
        0.3910000002384186,
        0.3874999976158142,
        0.3837999981641769,
        0.3802999985218048,
        0.3825999993085861,
        0.3830000019073486,
        0.3777999967336655,
        0.3836000001430511,
        0.3774000006914139,
        0.3761999994516373,
        0.38020000100135803,
        0.3774999988079071,
        0.3779999995231628,
        0.3808999997377396,
        0.3777000004053116,
        0.37939999759197235,
        0.3721999979019165,
        0.36449999988079074,
        0.37630000233650207,
        0.37449999928474426,
        0.36719999969005584,
        0.37170000016689303,
        0.37740000009536745,
        0.3701000010967255,
        0.3678000020980835,
        0.3664000016450882,
        0.36520000159740446,
        0.3673999983072281,
        0.3710999995470047
    ]
}