{
    "train_losses": [
        2.0185181636810303,
        1.797409601688385,
        1.7057339029312133,
        1.6542971568107605,
        1.6119648237228394,
        1.5845468683242798,
        1.5637211990356445,
        1.5444832820892334,
        1.5320529747009277,
        1.5102745447158814,
        1.4925621900558472,
        1.4770097393989563,
        1.4603795137405395,
        1.449956844806671,
        1.448168924331665,
        1.4301929082870484,
        1.4227942509651184,
        1.4152184543609618,
        1.4097508797645568,
        1.3950405068397522,
        1.3893017086982726,
        1.390658363342285,
        1.384268105506897,
        1.3725084710121154,
        1.3635271906852722,
        1.3633215022087097,
        1.3536665592193604,
        1.3523935961723328,
        1.3427279291152954,
        1.3473209428787232,
        1.3397213091850282,
        1.34011905002594,
        1.3249834814071655,
        1.3185836315155028,
        1.3196691818237305,
        1.3133069858551025,
        1.309053955078125,
        1.3110339975357055,
        1.302979706287384,
        1.2992600083351136,
        1.2952740683555604,
        1.2915673027038574,
        1.2937933297157287,
        1.2790798592567443,
        1.2838047041893006,
        1.2767637028694152,
        1.2783067936897279,
        1.2745515818595887,
        1.2654008712768554,
        1.2727090015411378
    ],
    "test_losses": [
        1.8421603560447692,
        1.8037414097785949,
        1.7311335587501526,
        1.6474312877655028,
        1.6301320886611939,
        1.5730960655212403,
        1.581121368408203,
        1.6147043681144715,
        1.5925470304489135,
        1.576840558052063,
        1.5192282819747924,
        1.539269745349884,
        1.5200740957260133,
        1.5373545217514037,
        1.5171754217147828,
        1.5247501063346862,
        1.4834308481216432,
        1.5078025579452514,
        1.4913262104988099,
        1.5202282023429872,
        1.509523959159851,
        1.5132038164138795,
        1.490915834903717,
        1.4706035876274108,
        1.4684222221374512,
        1.4861317157745362,
        1.496588261127472,
        1.4968419528007508,
        1.48006445646286,
        1.46677729845047,
        1.4797906875610352,
        1.4849418687820435,
        1.4881612253189087,
        1.4597167301177978,
        1.4813025164604188,
        1.4668700528144836,
        1.4949347639083863,
        1.4614184141159057,
        1.4526840138435364,
        1.5238013792037963,
        1.4719368934631347,
        1.446230823993683,
        1.4782378816604613,
        1.4993314957618713,
        1.476742479801178,
        1.4889725542068482,
        1.4636514139175416,
        1.4494054675102235,
        1.4812272691726684,
        1.4903931832313537
    ],
    "train_accs": [
        0.27575999906659127,
        0.3645400002002716,
        0.3951199996471405,
        0.4142000011205673,
        0.428400000333786,
        0.44289999961853027,
        0.4499399992227554,
        0.45737999975681304,
        0.45981999921798705,
        0.4682799996137619,
        0.47597999894618986,
        0.4831399990320206,
        0.48827999889850615,
        0.4883999984264374,
        0.4931599990129471,
        0.4969199992418289,
        0.5001199983358383,
        0.5036599974632263,
        0.5046199991703033,
        0.5116999988555908,
        0.5126799976825714,
        0.5139799973964692,
        0.5129600001573562,
        0.5180599980354309,
        0.525039999961853,
        0.5204999992847442,
        0.5242399979829788,
        0.5249999990463257,
        0.5288799998760223,
        0.5283799976110458,
        0.533479998588562,
        0.5344799993038177,
        0.5337200001478195,
        0.5373199989795685,
        0.5389599995613098,
        0.5390799988508225,
        0.5426999982595444,
        0.5408999986648559,
        0.5442199985980988,
        0.5467000004053116,
        0.5466799981594086,
        0.5492600010633468,
        0.544979999423027,
        0.5518600007295609,
        0.551179998755455,
        0.5536599987745285,
        0.5524399993419647,
        0.5564800016880035,
        0.5573999987840652,
        0.5537599999904632
    ],
    "test_accs": [
        0.34280000150203704,
        0.3561000007390976,
        0.38090000092983245,
        0.4042000013589859,
        0.42699999928474425,
        0.44669999957084655,
        0.4447999995946884,
        0.43530000030994415,
        0.43839999914169314,
        0.44849999964237214,
        0.4648000007867813,
        0.45779999971389773,
        0.45760000109672544,
        0.4753999996185303,
        0.4655999976396561,
        0.46230000257492065,
        0.4718999969959259,
        0.4730999994277954,
        0.47730000138282774,
        0.466499999165535,
        0.4747999978065491,
        0.4780999994277954,
        0.48600000083446504,
        0.4787999993562698,
        0.47980000138282775,
        0.4698000019788742,
        0.4845999997854233,
        0.4832999986410141,
        0.49,
        0.4762000000476837,
        0.47409999787807466,
        0.47739999890327456,
        0.4747999984025955,
        0.4851999992132187,
        0.4792000013589859,
        0.4856999981403351,
        0.48999999821186063,
        0.48740000307559966,
        0.47969999969005583,
        0.49039999961853026,
        0.49350000023841856,
        0.48799999713897707,
        0.489699998497963,
        0.47780000030994413,
        0.48929999947547914,
        0.4856999981403351,
        0.4877999973297119,
        0.4865000021457672,
        0.49209999918937686,
        0.489099999666214
    ]
}