{
    "train_losses": [
        0.8147969511648019,
        0.31615639408429463,
        0.3084571010867755,
        0.3012656166156133,
        0.301614373922348,
        0.2989225291709105,
        0.29049425934751827,
        0.2891053955753644,
        0.2833498808244864,
        0.28072786231835684,
        0.2849461284776529,
        0.27940896809101107,
        0.2743560857574145,
        0.2766274545590083,
        0.27997835526863735,
        0.27890757699807484,
        0.2719190628329913,
        0.2749499247968197,
        0.2718130404502153,
        4.829137196888526,
        2.163788079271714,
        0.2981166043132544,
        0.27988308258354666,
        0.2635277327150106,
        0.26295421791573365,
        0.2531141862024864,
        0.2589612141996622,
        0.25503625872234503,
        0.2526207675536474,
        0.25052201877037683,
        0.24985068723559378,
        0.25153997105856735,
        0.2534100477894147,
        0.25250707181791465,
        0.24834572310249012,
        0.2515339456498623,
        0.24945723911126455,
        0.25054260445137816,
        0.24917108997702597,
        0.24858484064539274,
        0.2509979741523663,
        0.25123969768484433,
        0.251113352800409,
        0.25244148035844166,
        0.25172283155222736,
        0.2558190078039964,
        3.4330456915001073,
        0.4558265596131484,
        0.2788727938880523,
        0.26386056636770566
    ],
    "test_losses": [
        0.3014578667283058,
        0.3114406430721283,
        0.30126686275005343,
        0.3215396565198898,
        0.29592390805482865,
        0.29172701478004454,
        0.29745828911662103,
        0.3055873143672943,
        0.3062870952486992,
        0.29376494348049165,
        0.32690716683864596,
        0.2919263541698456,
        0.2880476689338684,
        0.2967164447903633,
        0.2864006206393242,
        0.30512543946504594,
        0.3242736020684242,
        0.29494579285383227,
        0.2975173994898796,
        14.67875675201416,
        0.43467576265335084,
        0.33131862759590147,
        0.313153104186058,
        0.3456569227576256,
        0.3129032549262047,
        0.3107914212346077,
        0.3460775458812714,
        0.3169986900687218,
        0.30324853301048277,
        0.3029148256778717,
        0.30173966348171233,
        0.3043888482451439,
        0.2970480510592461,
        0.2899224591255188,
        0.2922090458869934,
        0.2968818235397339,
        0.29009526371955874,
        0.2983878666162491,
        0.29627451866865157,
        0.2879230381548405,
        0.2912432336807251,
        0.2808250349760055,
        0.2933385193347931,
        0.29337319910526277,
        0.29194008409976957,
        0.2971586859226227,
        1.8042024075984955,
        0.35685097068548205,
        0.3433990049362183,
        0.3575339189171791
    ],
    "train_accs": [
        0.863733332430323,
        0.909500000278155,
        0.9124333337942759,
        0.9152166654666265,
        0.9147833357254664,
        0.9155333328247071,
        0.9184333354234695,
        0.9182000005245209,
        0.9202833366394043,
        0.920950001279513,
        0.9198166688283285,
        0.9215333358446757,
        0.923316669066747,
        0.9214500019947688,
        0.9207500028610229,
        0.9218166687091192,
        0.922316669623057,
        0.9215833336114884,
        0.9231500019629796,
        0.8877333347002665,
        0.895849999388059,
        0.9218500008185705,
        0.9241666688521704,
        0.9272666684786479,
        0.9272166681289673,
        0.9295000018676122,
        0.9263833345969518,
        0.9294666675726573,
        0.9293500030040741,
        0.9296666687726974,
        0.9291833337148031,
        0.928566669623057,
        0.9289833348989487,
        0.9296333354711532,
        0.9306166684627533,
        0.9294166684150695,
        0.9299833343426387,
        0.930100001692772,
        0.9294500011205673,
        0.9301333353916804,
        0.9281000010172527,
        0.9288500008980433,
        0.9299333328008652,
        0.9284000007311503,
        0.9291333355506262,
        0.9274000002940496,
        0.8901833331584931,
        0.912416667342186,
        0.9242500005165736,
        0.9263500016927719
    ],
    "test_accs": [
        0.9174000024795532,
        0.9094999980926514,
        0.9129000031948089,
        0.9125999999046326,
        0.9158000004291534,
        0.9206000018119812,
        0.9175999999046326,
        0.9132000052928925,
        0.9147000014781952,
        0.9162000012397766,
        0.9105999994277955,
        0.9215000009536743,
        0.921500004529953,
        0.9182999992370605,
        0.920200001001358,
        0.9196000003814697,
        0.91049999833107,
        0.9160000050067901,
        0.9151999986171723,
        0.8226000010967255,
        0.908699997663498,
        0.9169000017642975,
        0.9158000028133393,
        0.9106000006198883,
        0.922900002002716,
        0.9198999977111817,
        0.9194000041484833,
        0.9129000008106232,
        0.921900007724762,
        0.9205000007152557,
        0.9212000024318695,
        0.9148999953269958,
        0.9197000038623809,
        0.9225000023841858,
        0.9211000037193299,
        0.9162000060081482,
        0.9260000014305114,
        0.9165000021457672,
        0.9193000018596649,
        0.9231000030040741,
        0.9202999997138978,
        0.9239000046253204,
        0.9206000030040741,
        0.9230000030994415,
        0.92,
        0.9191000044345856,
        0.8399000024795532,
        0.9173000037670136,
        0.9135000002384186,
        0.9040999972820282
    ]
}