{
    "train_losses": [
        0.9052309036254883,
        0.45787209461132683,
        0.4389834213256836,
        0.43416377822558083,
        0.4287394227584203,
        0.4245516004661719,
        0.4187335366010666,
        0.4187714557846387,
        0.41085218464334805,
        0.41154363950093586,
        0.4083282839258512,
        0.4062695852915446,
        0.40580963224172595,
        0.4118085649609566,
        0.40614467491706213,
        0.4110063342253367,
        0.4043403632938862,
        0.4042781180143356,
        2.3966422300537427,
        0.41898960813879965,
        0.3859581113855044,
        0.3809596335391204,
        0.3784672275185585,
        0.3775851276020209,
        0.37629230668147406,
        0.37495611533522605,
        0.37660810609658557,
        0.3752445129553477,
        0.37582614103953044,
        0.3771646989385287,
        0.37731159617503485,
        0.37747486799955365,
        0.3779575690130393,
        0.37986588741342225,
        0.38132148201266924,
        0.38199296270807587,
        0.38416846469044685,
        0.38439830745259923,
        0.4050314024090767,
        0.39073763564229014,
        0.38882664461930594,
        2.4127805924912296,
        0.3965847808122635,
        0.37408717105786005,
        0.3679293600221475,
        0.364829221367836,
        0.36504465257128077,
        0.3635253124932448,
        0.3649506268898646,
        0.36300514280796053
    ],
    "test_losses": [
        0.5050473701953888,
        0.4829391360282898,
        0.47490410387516024,
        0.5035097181797028,
        0.4833501040935516,
        0.4666931515932083,
        0.4788158321380615,
        0.47383215188980105,
        0.4879711985588074,
        0.46497672736644746,
        0.49080148339271545,
        0.4619642972946167,
        0.47600683867931365,
        0.4912639456987381,
        0.5014396542310715,
        0.490627298951149,
        0.48319500088691714,
        0.4721128004789352,
        0.6241244399547576,
        0.49363697350025176,
        0.498962796330452,
        0.48252072393894196,
        0.486551376581192,
        0.4778570932149887,
        0.47303138971328734,
        0.474560381770134,
        0.4784933257102966,
        0.46810067892074586,
        0.46376763105392455,
        0.46621234953403473,
        0.4756438237428665,
        0.4768540322780609,
        0.4611776357889175,
        0.4636774027347565,
        0.4720830398797989,
        0.4734841823577881,
        0.4856781417131424,
        0.47076932072639466,
        0.46983486115932466,
        0.48247698962688446,
        0.4627667808532715,
        0.6128134500980377,
        0.5010553359985351,
        0.49366508305072787,
        0.47811808943748474,
        0.4815803235769272,
        0.48289530813694,
        0.4848802709579468,
        0.48911977410316465,
        0.47400120973587034
    ],
    "train_accs": [
        0.7930500003695488,
        0.8410666658480962,
        0.8487666680415471,
        0.8498166674375534,
        0.849483335018158,
        0.8526500020424524,
        0.854583334128062,
        0.854483335018158,
        0.8555833359559377,
        0.8549166689316432,
        0.85773333410422,
        0.8574666686852773,
        0.8581333357095718,
        0.8552666691939036,
        0.858500002026558,
        0.8555166663726171,
        0.8588166673978169,
        0.8588166681925455,
        0.8182666672269503,
        0.8574333343903223,
        0.8646500015258789,
        0.8672166671355566,
        0.8677000013987223,
        0.866383333603541,
        0.868933334350586,
        0.8685166670878728,
        0.866550000111262,
        0.8671333340803782,
        0.8678666663169861,
        0.8671666661898295,
        0.8660000004371007,
        0.8672499990463257,
        0.8666833337148031,
        0.8657500008742015,
        0.8655666685104371,
        0.8655000015099843,
        0.8643500020106634,
        0.8643000012636185,
        0.8570666684707006,
        0.8612166684865952,
        0.8622000002861023,
        0.8211833331982294,
        0.8634000015258789,
        0.8675666666030883,
        0.870300001502037,
        0.8728333320220312,
        0.8707000009218852,
        0.8718999989827474,
        0.8710000016291937,
        0.8710666662454605
    ],
    "test_accs": [
        0.8265999984741211,
        0.8261000001430512,
        0.8360000002384186,
        0.823600001335144,
        0.8357999956607819,
        0.8321000003814697,
        0.8322000002861023,
        0.8366000008583069,
        0.8269999969005585,
        0.8364000046253204,
        0.8295999991893769,
        0.8383999979496002,
        0.8315000009536743,
        0.8329999995231628,
        0.8230999970436096,
        0.8280999994277954,
        0.8335999989509583,
        0.8339000058174133,
        0.8231000018119812,
        0.8300000011920929,
        0.8287999999523162,
        0.8337999987602234,
        0.8375999999046325,
        0.8355000042915344,
        0.834599996805191,
        0.8380000019073486,
        0.8389999997615815,
        0.8356000053882598,
        0.8363999986648559,
        0.8383000028133393,
        0.8369000005722046,
        0.8335000026226044,
        0.8362000000476837,
        0.8335000014305115,
        0.8363000011444092,
        0.8364999973773957,
        0.8334000015258789,
        0.8383999991416932,
        0.8356000006198883,
        0.8317999982833862,
        0.8383000028133393,
        0.8247000002861022,
        0.8310999977588653,
        0.8375000011920929,
        0.836300003528595,
        0.8385000002384185,
        0.8370000004768372,
        0.8371000015735626,
        0.8334999978542328,
        0.8365999984741211
    ]
}