{
    "train_losses": [
        2.1623846774101256,
        1.9074233341217042,
        1.8433719749450683,
        1.7970656609535218,
        1.7663552341461182,
        1.7509537568092346,
        1.7405356979370117,
        1.7301506967544555,
        1.721758451461792,
        1.71772003364563,
        1.7102792472839357,
        1.7039143419265748,
        1.6970998597145082,
        1.6926995239257812,
        1.6863594622612,
        1.6812116775512695,
        1.676560725212097,
        1.6714740147590637,
        1.6697177062034607,
        1.6641325879096984,
        1.662110312461853,
        1.6591808428764343,
        1.6573432331085205,
        1.6546478667259217,
        1.6544404354095459,
        1.6506934967041016,
        1.6485391912460328,
        1.645908697128296,
        1.6448905930519104,
        1.6438203506469726,
        1.6443050246238708,
        1.642123905658722,
        1.6399219002723693,
        1.6381642966270447,
        1.6378287563323974,
        1.6370958790779113,
        1.635668408870697,
        1.6324037985801696,
        1.6313073773384095,
        1.631961389541626,
        1.6290831208229064,
        1.6272806372642517,
        1.6262219119071961,
        1.6255848064422607,
        1.6234634661674499,
        1.6210184922218323,
        1.6204403324127197,
        1.6201448192596435,
        1.6184484105110168,
        1.615364613056183
    ],
    "test_losses": [
        1.9503156328201294,
        1.8761276698112488,
        1.8319411492347717,
        1.779363181591034,
        1.7597218012809754,
        1.7532840609550475,
        1.7401033186912536,
        1.740269320011139,
        1.7471515703201295,
        1.7443938851356506,
        1.7573945021629334,
        1.7551215672492981,
        1.747779257297516,
        1.7523344922065736,
        1.7516168856620788,
        1.7525216960906982,
        1.7504719018936157,
        1.7533322644233704,
        1.7530085372924804,
        1.7549805855751037,
        1.758372392654419,
        1.7583771133422852,
        1.7544607520103455,
        1.767301049232483,
        1.7557161498069762,
        1.7678789496421814,
        1.7663867592811584,
        1.7653331661224365,
        1.7693460392951965,
        1.7650427842140197,
        1.768345730304718,
        1.7698551630973816,
        1.7679779076576232,
        1.7769591879844666,
        1.767195806503296,
        1.772169864177704,
        1.769092926979065,
        1.7698710298538207,
        1.7691587138175964,
        1.7659132122993468,
        1.7736205196380614,
        1.7695613741874694,
        1.7701295804977417,
        1.7739716362953186,
        1.7715096116065978,
        1.7617326736450196,
        1.7699826502799987,
        1.7772535872459412,
        1.7797049760818482,
        1.779112479686737
    ],
    "train_accs": [
        0.2600599994659424,
        0.3299000008702278,
        0.3604399995803833,
        0.3771999992132187,
        0.39101999974250795,
        0.39667999947071075,
        0.40111999976634977,
        0.40667999947071076,
        0.40915999972820283,
        0.4128800004720688,
        0.4147200006246567,
        0.4170799992084503,
        0.42065999960899353,
        0.4223799998760223,
        0.4234799997806549,
        0.42740000104904174,
        0.4276800000667572,
        0.4302200005054474,
        0.42869999921321866,
        0.4311000007390976,
        0.43151999986171724,
        0.4306199992895126,
        0.43479999899864197,
        0.43466000008583067,
        0.4331999999284744,
        0.4361800001859665,
        0.4343599998950958,
        0.43800000023841856,
        0.4382399994134903,
        0.4404400006532669,
        0.4385000001192093,
        0.4406999990940094,
        0.440439999461174,
        0.4415200003385544,
        0.4415199991464615,
        0.4424599994421005,
        0.4415399996042252,
        0.4413600002527237,
        0.4432799998521805,
        0.44198000061511994,
        0.4433399996757507,
        0.44496000051498413,
        0.44377999937534335,
        0.44489999985694884,
        0.44578000032901766,
        0.44645999920368196,
        0.44809999978542325,
        0.4476799989938736,
        0.4478199996948242,
        0.44875999915599823
    ],
    "test_accs": [
        0.3185000014305115,
        0.3393000018596649,
        0.36199999928474424,
        0.38229999840259554,
        0.39120000004768374,
        0.39369999945163725,
        0.3943999993801117,
        0.39799999833106997,
        0.39459999978542326,
        0.3961000019311905,
        0.39370000183582304,
        0.3908000004291534,
        0.3996999979019165,
        0.3944999992847443,
        0.3920999991893768,
        0.3935999995470047,
        0.3922999972105026,
        0.391399998664856,
        0.3949000000953674,
        0.3931000000238419,
        0.38799999952316283,
        0.3902000004053116,
        0.3889000004529953,
        0.38480000019073485,
        0.3948999971151352,
        0.3882999986410141,
        0.3878000009059906,
        0.3907999974489212,
        0.388500000834465,
        0.38909999787807464,
        0.3868999993801117,
        0.3838999992609024,
        0.3870000022649765,
        0.3847999995946884,
        0.3918999993801117,
        0.3873999983072281,
        0.3901999992132187,
        0.3849999988079071,
        0.3883999997377396,
        0.38949999928474427,
        0.3825000023841858,
        0.38800000011920927,
        0.390699999332428,
        0.3861999988555908,
        0.388299999833107,
        0.38780000030994416,
        0.3894999998807907,
        0.38680000126361846,
        0.3878000009059906,
        0.3842999994754791
    ]
}