{
    "train_losses": [
        0.5219107547402382,
        0.43272359112898506,
        0.41554297188917794,
        0.4043574554224809,
        0.3975959406296412,
        0.39114084785183273,
        0.38817597995201747,
        0.38471071889003117,
        0.3801835082968076,
        0.3802186134457588,
        0.37651298532883326,
        0.3752559860050678,
        0.3720283375183741,
        0.37175046453873317,
        0.37033442651232085,
        0.3691622722148895,
        0.3668141222993533,
        0.366451988418897,
        0.3643066436549028,
        0.36481620579957963,
        0.36418091475963593,
        0.36429006144404413,
        0.36282843932509423,
        0.3612461447219054,
        0.3611414970954259,
        0.35987574900190034,
        0.35957689334948856,
        0.35906002749999366,
        0.3573535599807898,
        0.3574306176106135,
        0.35732379724582036,
        0.35625447139143945,
        0.3563574939966202,
        0.3555416113138199,
        0.3546661558250586,
        0.35468466103076934,
        0.3543353436390559,
        0.35357771287361783,
        0.3530796785155932,
        0.35276645109057425,
        0.35242763325572013,
        0.3515872652331988,
        0.35142471944292386,
        0.3515975207587083,
        0.3516242700815201,
        0.3515562632183234,
        0.35080443700154623,
        0.3498912216722965,
        0.3502593388656775,
        0.35040016954143843
    ],
    "test_losses": [
        0.4673375314474106,
        0.46098569691181185,
        0.4562510049343109,
        0.46230083763599394,
        0.4548209595680237,
        0.4545117580890656,
        0.46863349437713625,
        0.4551496207714081,
        0.45229672133922577,
        0.463334818482399,
        0.45836101591587064,
        0.46140846133232116,
        0.46425848960876465,
        0.461933154463768,
        0.4654455280303955,
        0.4664539301395416,
        0.4629745817184448,
        0.46380503237247467,
        0.468689860701561,
        0.46349340558052066,
        0.4609887784719467,
        0.46691859304904937,
        0.4698063671588898,
        0.4659117031097412,
        0.48039314806461336,
        0.4632453793287277,
        0.4668299663066864,
        0.46417846739292146,
        0.4671924376487732,
        0.4689925742149353,
        0.4667795956134796,
        0.478024794459343,
        0.4700587159395218,
        0.46773178219795225,
        0.4716096520423889,
        0.4748742544651032,
        0.4661909067630768,
        0.4718191492557526,
        0.46918937683105466,
        0.47144580245018003,
        0.4696842783689499,
        0.46996193408966064,
        0.47134554862976075,
        0.4819190323352814,
        0.47321446299552916,
        0.47455719590187073,
        0.4724540263414383,
        0.4804783052206039,
        0.47544455766677857,
        0.47355532467365263
    ],
    "train_accs": [
        0.8203000020484129,
        0.8510833342870077,
        0.8554000010093054,
        0.8589166684945424,
        0.8606166658798854,
        0.863083334962527,
        0.863849999109904,
        0.8657000009218851,
        0.8666500014066696,
        0.8662666682402292,
        0.8672499998410543,
        0.8672500002384186,
        0.868149999777476,
        0.8681999997297922,
        0.8696333346764247,
        0.8705666681130727,
        0.8708499989906947,
        0.8691999995708466,
        0.870933333436648,
        0.8714000006516774,
        0.8708833332856496,
        0.8699333335955938,
        0.8715333316723506,
        0.8726666661103567,
        0.8721166660388311,
        0.8727500001589458,
        0.8721166674296061,
        0.872233334382375,
        0.8739499988158544,
        0.8747333317995072,
        0.8728666673103969,
        0.874299999276797,
        0.8721999988953273,
        0.873399998943011,
        0.8740666655699412,
        0.8742499995231628,
        0.8741499988238016,
        0.8742833334207535,
        0.8745333317915599,
        0.8742166660229365,
        0.8740333320697149,
        0.8746666644016902,
        0.8753499992688497,
        0.8752166664600373,
        0.8744666669766108,
        0.8749833331505458,
        0.8755833317836126,
        0.8765499991178513,
        0.87601666589578,
        0.8750999997059504
    ],
    "test_accs": [
        0.8374000000953674,
        0.8402000021934509,
        0.8362999999523163,
        0.839300000667572,
        0.8401999986171722,
        0.836300002336502,
        0.8362999975681304,
        0.8419000029563903,
        0.8371999979019165,
        0.8368999981880187,
        0.8389999985694885,
        0.8398000037670136,
        0.8391000068187714,
        0.8423999965190887,
        0.8425000035762786,
        0.8365000009536743,
        0.841800001859665,
        0.8424000000953674,
        0.8388000011444092,
        0.8383999991416932,
        0.8390000021457672,
        0.834300000667572,
        0.8385000026226044,
        0.8361999988555908,
        0.8320999991893768,
        0.8408000040054321,
        0.8375000023841858,
        0.8376999998092651,
        0.8375999975204468,
        0.8373000001907349,
        0.8392000031471253,
        0.8316000008583069,
        0.8391999983787537,
        0.8369999992847442,
        0.8382000005245209,
        0.8365000009536743,
        0.8365000021457673,
        0.836300003528595,
        0.838800003528595,
        0.8374999976158142,
        0.8389999997615815,
        0.8408999979496002,
        0.8352999997138977,
        0.835699999332428,
        0.8374000012874603,
        0.8362999999523163,
        0.8371999979019165,
        0.8386999988555908,
        0.8371000015735626,
        0.8387000036239624
    ]
}