{
    "train_losses": [
        0.4326403586566448,
        0.18326746667424837,
        0.1508913014580806,
        0.14143170066177846,
        0.13481718183805544,
        0.1317416290504237,
        0.12666896833727756,
        0.12243418632696072,
        0.11890139709537229,
        0.11864381972079475,
        0.11514222254355748,
        0.11241996927807728,
        0.1096733207690219,
        0.10590705408714712,
        0.10389071034888427,
        0.10948965187494954,
        0.09823373167154689,
        0.1013993627546976,
        0.09479686679318547,
        0.10097342694178224,
        0.09590866737067699,
        0.09508086362853646,
        0.09785565435265502,
        0.09159837862476707,
        0.09226858739430706,
        0.0954703259592255,
        0.09563131065728764,
        0.08801030949379007,
        0.08641103643458337,
        0.08739447440952063,
        0.08578090380877257,
        0.08181095298379659,
        0.08927623440201084,
        0.08129548866301775,
        0.09631952131787935,
        0.09179470227410395,
        0.07780829683877527,
        0.0729236914947008,
        0.07716810358377794,
        0.08198909276475509,
        0.07933438394063463,
        0.08659284069513282,
        0.0750445178252024,
        0.0760821498860605,
        0.07450118416144202,
        0.08105113947143157,
        0.0740253086698552,
        0.07107044626337787,
        0.08366996327104669,
        0.07097287806992729
    ],
    "test_losses": [
        0.155151584148407,
        0.15654226206243038,
        0.12886839613318443,
        0.1474020989239216,
        0.137426777780056,
        0.12280642814934253,
        0.14098445229232312,
        0.17106686621904374,
        0.12373446732759476,
        0.1542561165243387,
        0.1250940517708659,
        0.12166405610740184,
        0.11521582648158074,
        0.14933252304792405,
        0.12305797576904297,
        0.11468397848308086,
        0.12178161151707173,
        0.10417627938091754,
        0.1517375572025776,
        0.1170517447590828,
        0.12823114849627018,
        0.10667918376624584,
        0.1358535097539425,
        0.11577533051371575,
        0.12907568126916885,
        0.1062008885294199,
        0.11900790903717279,
        0.10806442350149155,
        0.10785875551402568,
        0.10139096647500992,
        0.13154786497354506,
        0.09992372550070286,
        0.14414699107408524,
        0.09698036607354879,
        0.14237594097852707,
        0.11801027156412601,
        0.11143434837460518,
        0.10056153424084187,
        0.12202049113810062,
        0.0959556682407856,
        0.13040323954075575,
        0.10880705658346415,
        0.14118321403861045,
        0.1018429908901453,
        0.12166404262185097,
        0.09574255477637053,
        0.09828546725213527,
        0.11471332862973213,
        0.12030854538083076,
        0.11877154972404241
    ],
    "train_accs": [
        0.8628500008458893,
        0.9456333291530609,
        0.9546499941746394,
        0.9586333306630452,
        0.9603833301862081,
        0.96121666431427,
        0.9627833318710327,
        0.9641666658719381,
        0.964266666173935,
        0.9661833367745082,
        0.9658500023682912,
        0.967466671069463,
        0.9679333364963532,
        0.9693666724363963,
        0.9697000056505203,
        0.9677833360433579,
        0.9709500062465668,
        0.9707000056902567,
        0.9730166751146316,
        0.9703833385308583,
        0.9718166740735372,
        0.9727666735649109,
        0.9714833418528239,
        0.973250005642573,
        0.9736166735490163,
        0.9727833416064581,
        0.9731500091155371,
        0.9748333434263865,
        0.9741333415110905,
        0.9757833429177603,
        0.9752833435932795,
        0.9762666767835617,
        0.9745333433151245,
        0.9764500107367834,
        0.9730000070730845,
        0.9739666765928269,
        0.9773166771729788,
        0.978200011452039,
        0.9769166771570842,
        0.976633344690005,
        0.9772166772683462,
        0.9751166782776515,
        0.9787000115712484,
        0.9780000108480453,
        0.9782166777054468,
        0.9764000103871028,
        0.9779666769504547,
        0.9800500122706095,
        0.9758333438634872,
        0.9796500114599863
    ],
    "test_accs": [
        0.9491999936103821,
        0.9530999982357025,
        0.9612000000476837,
        0.9567999994754791,
        0.9582999968528747,
        0.9638999974727631,
        0.9556999969482421,
        0.9490999937057495,
        0.9630000007152557,
        0.9535999953746795,
        0.9660000002384186,
        0.9641999971866607,
        0.9675999999046325,
        0.957399994134903,
        0.9638999974727631,
        0.966599999666214,
        0.9662000012397766,
        0.9702000010013581,
        0.9621999990940094,
        0.9681000006198883,
        0.96299999833107,
        0.9694000065326691,
        0.9636999976634979,
        0.9677000069618225,
        0.9675999999046325,
        0.9685000038146973,
        0.9688000011444092,
        0.9698000073432922,
        0.9680999994277955,
        0.9711000072956085,
        0.9645999979972839,
        0.9710000026226043,
        0.962900003194809,
        0.9708000063896179,
        0.9619000005722046,
        0.9707000124454498,
        0.9695000040531159,
        0.9707000052928925,
        0.967700001001358,
        0.9725000047683716,
        0.9662000060081481,
        0.9710000109672546,
        0.9667000007629395,
        0.971800011396408,
        0.968600001335144,
        0.9748000073432922,
        0.973400012254715,
        0.9704000067710876,
        0.9739000141620636,
        0.9691000020503998
    ]
}