{
    "train_losses": [
        0.4933427914977074,
        0.19608626590420802,
        0.15203208630283674,
        0.1384700121358037,
        0.13311414142449696,
        0.1315649616594116,
        0.12005296788488826,
        0.11913551778222124,
        0.11497050087898969,
        0.11306155489757658,
        0.11461549129337073,
        0.11091355883826812,
        0.10826367873698473,
        0.11473171095053356,
        0.10044920711778105,
        0.10261686395232876,
        0.10278045718247691,
        0.10191120939950148,
        0.10232654425005118,
        0.09825432333784799,
        0.10098715350652734,
        0.0935320736685147,
        0.0978116573765874,
        0.09614955926934877,
        0.08689612456597388,
        0.09102992333006114,
        0.09705082989918688,
        0.0899111575136582,
        0.09278406655105452,
        0.08457338767126203,
        0.07905304440297187,
        0.09455516012695929,
        0.08039075469908614,
        0.10143231960323949,
        0.08201334364091356,
        0.07782400756763916,
        0.0779214268984894,
        0.08617871118088563,
        0.08446739785373211,
        0.08027151534023384,
        0.07090145225015779,
        0.07693707692126434,
        0.0846440251947691,
        0.07784391892918696,
        0.07759327308274805,
        0.0823057770760109,
        0.06934146853008617,
        0.07535807950422167,
        0.07703021440034111,
        0.08194577910937369
    ],
    "test_losses": [
        0.2037255072593689,
        0.15478950008749962,
        0.14936607360839843,
        0.16083962701261043,
        0.1333658454567194,
        0.1381320770084858,
        0.15183375239372254,
        0.14412468649446963,
        0.11988213397562504,
        0.13676642782986165,
        0.14051687233150006,
        0.11730453841388226,
        0.1512019307911396,
        0.11503640994429588,
        0.11897890388965607,
        0.14440302103757857,
        0.12171635396778584,
        0.12632797855883837,
        0.12198101967573166,
        0.11666322581470012,
        0.12096416682004929,
        0.12754097774624826,
        0.1585913112014532,
        0.11164995722472668,
        0.11923375425394625,
        0.13325444534420966,
        0.12394842602312565,
        0.11986934103071689,
        0.1531934855133295,
        0.1199999463930726,
        0.17195420801639558,
        0.10843622088432311,
        0.1435609359294176,
        0.14373132437467576,
        0.12491240680217743,
        0.11904652118682861,
        0.11560128837823867,
        0.13994870729744435,
        0.09983552539721131,
        0.13119208797812462,
        0.1116271398961544,
        0.1241140566021204,
        0.12022808343172073,
        0.11824752144515514,
        0.10947615530341864,
        0.12080138809978962,
        0.10983400329947472,
        0.11942582741379738,
        0.1619131927192211,
        0.1256492143124342
    ],
    "train_accs": [
        0.8401666670913498,
        0.9416333317756653,
        0.9534499967098236,
        0.9585999975601832,
        0.9605499976873397,
        0.9614333323637645,
        0.9649833327531815,
        0.9646666661898295,
        0.9665833348035813,
        0.9667166682084402,
        0.9675500023365021,
        0.9683666710058848,
        0.9687166698773702,
        0.9668333355585734,
        0.9711333382129669,
        0.9707500070333481,
        0.9697666704654694,
        0.9712666753927867,
        0.9707666730880737,
        0.9713666719198227,
        0.9710833380619684,
        0.973300009171168,
        0.971883339881897,
        0.9718333379427592,
        0.9753000092506409,
        0.9740666757027309,
        0.9727333418528239,
        0.9743000115950903,
        0.9744333426157633,
        0.9760000103712082,
        0.9774166762828826,
        0.9730000102519989,
        0.977816677292188,
        0.972233339548111,
        0.9769333430131276,
        0.9776666790246964,
        0.9774000116189321,
        0.9757166777054469,
        0.9760000091791153,
        0.9764333444833756,
        0.9790666782855988,
        0.9777666785319646,
        0.9757333433628083,
        0.978133345246315,
        0.9779500112930933,
        0.9769500110546748,
        0.9793833464384079,
        0.9781666787465414,
        0.9786166791121165,
        0.9770166766643524
    ],
    "test_accs": [
        0.9385999989509582,
        0.9503999948501587,
        0.956699993610382,
        0.9521999967098236,
        0.9626000010967255,
        0.9621999931335449,
        0.9557999992370605,
        0.9583999967575073,
        0.9668000042438507,
        0.9613999998569489,
        0.9611999940872192,
        0.9695000064373016,
        0.9617999982833862,
        0.9676999998092651,
        0.966000006198883,
        0.9607999992370605,
        0.9659000027179718,
        0.9684000074863434,
        0.963600001335144,
        0.9683000004291534,
        0.9644999980926514,
        0.9671000003814697,
        0.9636999940872193,
        0.9687000072002411,
        0.9715000069141388,
        0.9640999972820282,
        0.9644999969005584,
        0.9662000012397766,
        0.9627999973297119,
        0.9691000032424927,
        0.9527999973297119,
        0.9716000056266785,
        0.9664999997615814,
        0.9601999962329865,
        0.9677000045776367,
        0.9694000029563904,
        0.9648000001907349,
        0.9660000038146973,
        0.9741000092029571,
        0.9700000059604644,
        0.9727000105381012,
        0.9707000076770782,
        0.9676000010967255,
        0.9712000048160553,
        0.9696000015735626,
        0.966900006532669,
        0.9712000072002411,
        0.9663999974727631,
        0.9553999948501587,
        0.966800000667572
    ]
}