{
    "train_losses": [
        0.8113236118356387,
        0.45281969209512074,
        0.4394679399331411,
        0.42917954350511234,
        0.42761154582103095,
        0.42040256400903064,
        0.4135687693953514,
        0.41281619295477867,
        0.40984445571899414,
        0.4056756839156151,
        0.4046741426984469,
        0.40471239815155663,
        0.41022828936576844,
        0.3996462294459343,
        0.40108222847183544,
        0.3962576407690843,
        0.40671860734621684,
        0.39186563074588776,
        0.4039150541027387,
        0.39744698027769726,
        0.3893680108586947,
        0.39354550088445345,
        0.39514603664477665,
        0.4044064876437187,
        0.3929435088733832,
        0.38328930497169494,
        0.3843260279794534,
        0.39950564374526343,
        0.3881237137814363,
        0.3843106264869372,
        0.4037487321595351,
        0.38129876092076304,
        0.37470820476611455,
        0.38519461537400884,
        7.5480424951513605,
        0.5310554723938307,
        0.41408972466985383,
        0.41948214173316956,
        0.4099211490650972,
        0.4360181087255478,
        0.3805130770802498,
        0.38248310526212054,
        0.3815846718847752,
        0.4602970802783966,
        0.36907818431655565,
        0.36826658934354783,
        0.37047621140877407,
        0.3679574650526047,
        0.3684524459640185,
        0.36771451592445376
    ],
    "test_losses": [
        0.49029525816440583,
        0.49883651435375215,
        0.4898449558019638,
        0.48284371972084045,
        0.48045475482940675,
        0.4704818934202194,
        0.47508648872375486,
        0.4631183552742004,
        0.4743312484025955,
        0.4744627022743225,
        0.47839717507362367,
        0.4860049802064896,
        0.4800607222318649,
        0.4732112044095993,
        0.4846119749546051,
        0.49747376441955565,
        0.47517369866371156,
        0.4765556764602661,
        0.5234759557247162,
        0.4834305638074875,
        0.48045435845851897,
        0.48373650670051577,
        0.507838830947876,
        0.4735294669866562,
        0.49054689407348634,
        0.48615542411804197,
        0.4942573404312134,
        0.5244846022129059,
        0.47238586723804477,
        0.5194579917192459,
        0.49293360352516175,
        0.5608093392848968,
        0.47137072920799256,
        0.5014613753557206,
        1.146718785762787,
        0.6093451333045959,
        0.5647271060943604,
        1.514254789352417,
        0.5169952625036239,
        0.5440558850765228,
        0.5291004556417466,
        0.5147607028484344,
        0.5082700669765472,
        0.5466815680265427,
        0.5010354965925217,
        0.5031995564699173,
        0.5143700557947158,
        0.48860462725162507,
        0.4910847067832947,
        0.4964422529935837
    ],
    "train_accs": [
        0.8010333328694105,
        0.8439333347479502,
        0.8471166680256526,
        0.8494666673739751,
        0.8497333351771037,
        0.8548500015338262,
        0.8563333332538605,
        0.855216668844223,
        0.8553666694959005,
        0.8590500028928121,
        0.8574500018358231,
        0.8574666672945023,
        0.8552000021934509,
        0.859283335407575,
        0.8588166689872742,
        0.8606833338737487,
        0.8556166686614355,
        0.8606000026067098,
        0.8572166681289672,
        0.8600333335002264,
        0.8619000015656153,
        0.8610833354791005,
        0.8602833324670791,
        0.8577166664600372,
        0.8598833334445953,
        0.8642833358049393,
        0.8646166676282883,
        0.8592166676123937,
        0.8631833348671595,
        0.8637833321094512,
        0.8584666665395101,
        0.8654000012079874,
        0.8669166672229767,
        0.862150001724561,
        0.7943499996264776,
        0.8456166676680247,
        0.8604500013589859,
        0.862316666841507,
        0.8635666674375534,
        0.8615000009536743,
        0.8677666670084,
        0.8676666663090388,
        0.8672166671355566,
        0.8598666689793268,
        0.8700166668494542,
        0.8694000021616618,
        0.8700333333015442,
        0.8697333331902822,
        0.8710666666428248,
        0.8696000017722447
    ],
    "test_accs": [
        0.8266999995708466,
        0.8259000051021576,
        0.8281000006198883,
        0.8340000021457672,
        0.8319000005722046,
        0.8397000014781952,
        0.8323999989032745,
        0.8355000019073486,
        0.8352000021934509,
        0.835200001001358,
        0.8353000044822693,
        0.8319000053405762,
        0.8390000033378601,
        0.8355999982357025,
        0.8334000027179718,
        0.8250000011920929,
        0.8312999987602234,
        0.8359999978542327,
        0.8195999991893769,
        0.8313999986648559,
        0.8325999999046325,
        0.8349999988079071,
        0.8278000032901764,
        0.836300002336502,
        0.8325000023841858,
        0.8319999980926513,
        0.8345999991893769,
        0.8236999988555909,
        0.8349999964237214,
        0.822799996137619,
        0.8357000005245209,
        0.8109999978542328,
        0.8359000039100647,
        0.8364000010490418,
        0.8024000000953674,
        0.8158000016212463,
        0.8285000014305115,
        0.8094999992847443,
        0.8376000046730041,
        0.8199999988079071,
        0.8191000008583069,
        0.8368999969959259,
        0.8301999998092652,
        0.8248000013828277,
        0.8287000012397766,
        0.8360999941825866,
        0.8381000018119812,
        0.8368000042438507,
        0.8341000044345855,
        0.8369999980926514
    ]
}