{"train_losses": [0.8901805386761411, 0.5344414781971834, 0.494585759206567, 0.473536693544573, 0.46025129112557095, 0.4527790859950089, 0.44610984476217586, 0.44128974698437956, 0.4362481644049861, 0.4315827136051479, 0.4313887310339418, 0.42629323104199796, 0.4223349802325179, 0.4199268673812478, 0.4192895126745476, 0.41612323453117206, 0.41345128327589087, 0.41223388369038094, 0.41051942064879066, 0.40823653611486965, 0.40793890524184734, 0.40588325704599487, 0.40473356306795183, 0.4043173051113492, 0.40190188833831586, 0.3998365360108162, 0.399875905776912, 0.3995251985019547, 0.39726092482529735, 0.3965005425514891, 0.39572141856310045, 0.394141242042139, 0.3943504353861173, 0.3927819591554307, 0.39253714029585013, 0.3910203565152536, 0.38989229703236733, 0.38972200105455734, 0.38863002907263544, 0.3882821692137973, 0.3876731271148307, 0.38731743904564414, 0.3868119289821684, 0.38536423686095705, 0.3852615828816122, 0.3842840525353923, 0.3841607195756369, 0.3838449196722224, 0.3823989582194583, 0.38177084968950975, 0.38199230682181623, 0.38130211572063244, 0.38136828339270307, 0.3799356065803812, 0.3807389944035436, 0.3794069057109665, 0.37816919778668406, 0.37847608728461285, 0.3771098482622702, 0.376952235762896, 0.37735271443126245, 0.37702249341542093, 0.3761888553714344, 0.37574837896811336, 0.37537488253049434, 0.37434479122996833, 0.374446207927062, 0.3741419418119918, 0.3741457205735778, 0.37282221361502704, 0.3736943768536596, 0.3727217784080598, 0.3720020096285747, 0.3722804763764617, 0.37177235028539984, 0.37082382363430044, 0.37083089199887903, 0.3708915929242876, 0.37092147554755894, 0.37114479900573866, 0.3697720550205518, 0.3702262485933227, 0.36977877575355955, 0.36869529938260004, 0.3690167235439731, 0.36840157552041386, 0.36796803227931024, 0.36823606022442124, 0.36761768632798086, 0.3677134551884453, 0.3677124052829755, 0.36744647604305036, 0.3668319592725905, 0.3667440013948221, 0.36659049219479245, 0.36600148390286835, 0.36595333685111825, 0.36552810717775147, 0.36564207630445256, 0.36569347232465266], "test_losses": [0.5864420027815741, 0.5341943344665332, 0.514898437628743, 0.4926042837319763, 0.48490278882559223, 0.49099687713243206, 0.47958929238164577, 0.4767296497645897, 0.4628239776938638, 0.4665559238306778, 0.464610137638879, 0.45605072070956054, 0.4584866634577889, 0.459028046610211, 0.4499892347308528, 0.448226624474177, 0.4524616321954664, 0.45060427605729797, 0.4574759189001481, 0.4487902625580527, 0.4423519456120049, 0.44683891568523426, 0.44687032553717804, 0.450803969951839, 0.445898473782249, 0.4411877191610516, 0.44453016972578224, 0.4497292308058431, 0.4411881594515153, 0.44695130115388354, 0.44412274076501773, 0.44179546099456135, 0.4387919868770584, 0.4419762778314435, 0.44099652870351636, 0.43958251315621694, 0.4402480772366973, 0.4399712999387168, 0.43742334153864204, 0.43779748922942324, 0.4371491923552318, 0.445810318515436, 0.43834985734782683, 0.4410891446672231, 0.43677322604144103, 0.43569380661742024, 0.4399159892364009, 0.4374648711126498, 0.44219161722123773, 0.440029842007078, 0.4406767911215519, 0.4445032877057072, 0.4360258992607926, 0.43915286694574485, 0.43904336273765415, 0.442126588285002, 0.4373617193916218, 0.43846443214313907, 0.4366676115119188, 0.4388034877945179, 0.4420439771829367, 0.4396994761736239, 0.43797011398648145, 0.43706570060844313, 0.43837616346131036, 0.43833668765865064, 0.43789218687411285, 0.4370749434883308, 0.44123165957895893, 0.4408839504210882, 0.4393678868477799, 0.4390271269618469, 0.43906051401752594, 0.4470223752530779, 0.4386289214072648, 0.4416300117417347, 0.4386078605751909, 0.44043354729344364, 0.43927280737063923, 0.44356141605151267, 0.442672274051543, 0.43933439253721956, 0.43983236279842053, 0.4400897717542114, 0.4405700253215108, 0.4418875923612275, 0.44416940407069666, 0.44410307590699466, 0.4411567569356262, 0.4444018202836312, 0.4405501823528038, 0.44089228109271256, 0.44069770031224187, 0.44089302683950926, 0.43993903288882996, 0.44227542421602206, 0.44154241453160303, 0.4406693224048258, 0.441969342221355, 0.4435763383830323], "train_accs": [0.706799997240305, 0.8118166679143906, 0.8265000001589458, 0.8343499994277954, 0.8410833354791005, 0.8431666664282481, 0.844633336464564, 0.8469500011205673, 0.8484500022729238, 0.8500000017881394, 0.8500166656573613, 0.8513666677474976, 0.8547166681289673, 0.8550333335002264, 0.8552500011523565, 0.8559666679302851, 0.8572666680812836, 0.8579333337148031, 0.8578333348035813, 0.858616667787234, 0.8594833346207936, 0.8595333349704742, 0.8592000027497609, 0.8603000022967656, 0.8609500030676523, 0.8623833350340525, 0.861799999276797, 0.8625833350419998, 0.8626000008980433, 0.862633334795634, 0.8627333350976308, 0.8639166675011317, 0.8629666684071223, 0.8645333337783814, 0.8641666692495346, 0.863866668343544, 0.8653333348035812, 0.864600000778834, 0.8650166674455007, 0.8654666670163472, 0.8651333318154018, 0.8651666682958603, 0.8654166688521703, 0.8667500017086665, 0.8659166673819224, 0.8670000022649765, 0.8660000004371007, 0.8659000013271968, 0.8669499981403351, 0.8678333338101705, 0.8670500010251999, 0.8675666677951813, 0.8684333342313767, 0.868183334072431, 0.8675166686375936, 0.8679500003655751, 0.8687000018358231, 0.8678833341598511, 0.8683666670322419, 0.8682000001271566, 0.8682000005245208, 0.8683666672309239, 0.8688833345969518, 0.8687833336989085, 0.8690833340088526, 0.8691000020503998, 0.8691333339611689, 0.8695333329836528, 0.8691833319266637, 0.8698666663964589, 0.8697000010808309, 0.8686333354314169, 0.8697333341836929, 0.8696833324432373, 0.8700166682402293, 0.8703333330154419, 0.8699333345890046, 0.870450000166893, 0.8699833349386851, 0.8698499997456869, 0.8701333336035411, 0.8702000004053115, 0.8707666659355163, 0.8707666661341985, 0.8707333344221115, 0.8717666659752528, 0.8709833325942358, 0.870916666984558, 0.8711166667938233, 0.871399998664856, 0.871316667397817, 0.8717166660229365, 0.8710333327452342, 0.8715166668097178, 0.8717833334207534, 0.8711833329995473, 0.8715333340565363, 0.8716833345095316, 0.8717499983310699, 0.8720500006278356],