{"train_losses": [0.7241927799136987, 0.49692725900398776, 0.46781972211485234, 0.4504732604781617, 0.438984516942279, 0.4327017824841274, 0.42687215068410805, 0.4228418993531209, 0.4180452636112983, 0.41488398308193497, 0.41353249836053935, 0.4088233507591385, 0.40584988674752465, 0.4033505810142347, 0.4020389145885073, 0.39930673672730693, 0.3981798736447315, 0.3953990972129021, 0.39489482967001077, 0.3929343544997562, 0.39202740234704114, 0.3909713845312867, 0.38971470383321666, 0.38867765984135844, 0.3868514841211871, 0.386140101886074, 0.3862648052921272, 0.3848183766074416, 0.3834550898684994, 0.38206512736210807, 0.38160090938986563, 0.38076344475618923, 0.3810019425682988, 0.378944651344464, 0.3791005369108216, 0.3778101001685021, 0.3768275849588019, 0.37695693279788517, 0.3760339600236209, 0.37563905556897614, 0.3743346896795126, 0.37500611709849696, 0.3743157312207771, 0.37318390155305736, 0.37286180652315065, 0.3722577047651607, 0.3720130643562256, 0.37196440453727025, 0.37113999641702433, 0.3702063590262085, 0.3706414732305488, 0.3698875488010253, 0.3698156540749429, 0.36856873851933103, 0.3692027265070494, 0.36844183212547504, 0.3675972017742772, 0.36750784227029837, 0.36694221496587287, 0.36620530233261034, 0.36674700440713937, 0.3657762624026784, 0.36548416218459795, 0.36560676325569363, 0.364763840645611, 0.36370048572451624, 0.3646975131269089, 0.3636125404646156, 0.36312624155507733, 0.36293659115780896, 0.3632048186695782, 0.3627129646235563, 0.3623701610116893, 0.3622125433461815, 0.36201472663092715, 0.36123952000950055, 0.3614797657886581, 0.36131739552717657, 0.3617254718440013, 0.36019280823374544, 0.3599218268905857, 0.3598761029452354, 0.36044983534097413, 0.35947222321623085, 0.3595587197505558, 0.3592685418591143, 0.35877775542117896, 0.35911754573968846, 0.35837290449861314, 0.35911593912841994, 0.35882107835837485, 0.3577764956556779, 0.35745229997311656, 0.3573544797435161, 0.35745329242142293, 0.3569399476995738, 0.3564704577132007, 0.3567380806623697, 0.3569151278173665, 0.3563778870679723], "test_losses": [0.552099417133723, 0.5064217838536715, 0.48556077941750453, 0.4715339074227788, 0.4662736931406332, 0.46753177408702895, 0.45957655937722336, 0.47277055483167, 0.44983546665118446, 0.45123776578624586, 0.44585788796957615, 0.44709694612122874, 0.45087096249492165, 0.4463709409901185, 0.44616095016774054, 0.4427615080082741, 0.4408723513357787, 0.4485337268648546, 0.4439812703938793, 0.4446033300533724, 0.4382791899872641, 0.44244549322227045, 0.44415084990656484, 0.4486006883545853, 0.4446956141143987, 0.44302855552838133, 0.44065409169371855, 0.44217450055998264, 0.4391943531927337, 0.4458890277168032, 0.44265690210940895, 0.44243547639436337, 0.43980076299260984, 0.44077238884776576, 0.44192386297030006, 0.442416402493248, 0.44713814255681633, 0.44063130031348186, 0.44453846517515244, 0.4413372682010046, 0.4434459131657505, 0.4408636946266748, 0.44055571328655213, 0.4416746081631968, 0.44076472481171175, 0.4431547412096776, 0.4419356023222133, 0.4425722902504565, 0.44499338978624053, 0.44307134853297186, 0.44601802531980106, 0.45011608375792983, 0.4461151586586039, 0.4430431083210141, 0.4481766839417139, 0.4471587999956025, 0.4460429072850199, 0.44631579973806096, 0.4458979387438196, 0.4442043239995258, 0.44714379587375364, 0.44664857389386997, 0.44433916521675615, 0.4477410317046986, 0.4477704099477397, 0.4466981701844875, 0.4477221237890805, 0.44630593698580007, 0.45058819499615543, 0.4567997851229367, 0.4490810826567905, 0.44794136760320635, 0.44847369509307305, 0.46139682425909995, 0.44893532201345415, 0.45081401828685375, 0.44950052381254607, 0.44961136867285156, 0.452324695144462, 0.448960812640516, 0.4503938489706764, 0.45609418764797455, 0.4513148754722978, 0.44904243154676565, 0.45360892587293367, 0.4530980207620145, 0.4588927263376976, 0.4552346369213209, 0.45133526194077705, 0.45272722605786947, 0.451101275185917, 0.45453043503271623, 0.45340170089226106, 0.4508640189964209, 0.45214238314779487, 0.452128708554975, 0.45080756458376653, 0.45632367144975744, 0.45320449728247886, 0.45400162282466927], "train_accs": [0.7505166640629372, 0.8246166641513507, 0.8363000000516574, 0.8435833312074343, 0.8485499987999598, 0.8490333315730095, 0.8525833331545194, 0.8538999994595845, 0.8549333331982295, 0.8559500005841255, 0.8566833313306172, 0.8583833326896032, 0.8594999985893568, 0.8614666668574015, 0.8613166657090187, 0.8619499995311102, 0.8622166670362155, 0.8636666651566823, 0.8632666664322217, 0.8640833325187365, 0.8638999985655149, 0.8638500000039736, 0.8640666660666466, 0.8644166669249534, 0.8657999992370605, 0.8666333319743474, 0.8664000006516774, 0.8662333339452744, 0.866099999845028, 0.8669666661818822, 0.8671666660904884, 0.8676333334048589, 0.866433334449927, 0.8679999991257985, 0.8672666655977567, 0.868116666773955, 0.868983334004879, 0.8689499991138776, 0.8686166658004125, 0.8697000004847845, 0.86948333243529, 0.8685666671395302, 0.8685166669885317, 0.8689999980727832, 0.8688833328088125, 0.8694499992330869, 0.8692333334684372, 0.8688666661580403, 0.8701833320657412, 0.8707666679223378, 0.8692999982833862, 0.8699499999483427, 0.870066666205724, 0.8705333336194356, 0.8709499987959862, 0.8704333338141441, 0.8705666669209798, 0.8709333344300588, 0.8711666655540466, 0.8708999994397163, 0.8713833344976107, 0.8713500003019968, 0.8718166677157084, 0.8716666678587596, 0.8721833351254463, 0.8722333329916, 0.8720666664838791, 0.8727333337068558, 0.872466665605704, 0.8725666667024294, 0.873083332280318, 0.8713000005483628, 0.8717333335677783, 0.8724333330988884, 0.8720666665832202, 0.873466666440169, 0.8734666658441226, 0.8724166669448217, 0.8733166660865148, 0.873149999777476, 0.87323333243529, 0.872833333214124, 0.8735666670401891, 0.8736833327015241, 0.874049998819828, 0.8741999992728233, 0.8735666665434837, 0.8738833332061767, 0.8740666663646698, 0.8742166660229365, 0.8746166665355365, 0.874733332892259, 0.8743333329757055, 0.8743166668216388, 0.8749166665474574, 0.8742999988794327, 0.8740499981244405, 0.8750000002980233, 0.8737666682402293, 0.8747333329916],