{"train_losses": [0.764598686248064, 0.5784350056449572, 0.5453186816970508, 0.5272795108457407, 0.508265282958746, 0.5001073582470417, 0.49528150300184887, 0.4879501762986183, 0.48341333483656246, 0.4754742250839869, 0.47249131185313065, 0.47389601051807406, 0.46878914105395475, 0.4662287653982639, 0.46439996575315795, 0.4609855676690737, 0.4617140822360913, 0.4567331436028083, 0.4554745694249868, 0.45384931708375614, 0.4490342014282942, 0.4486587506781022, 0.4491105587035418, 0.44988846031328045, 0.4473826499531666, 0.4451936722298463, 0.4429330095897118, 0.43912770253916583, 0.44342311975856624, 0.4376265976577997, 0.43776731145878633, 0.4363722864041726, 0.436791727344195, 0.4349016021688779, 0.43478305655221144, 0.43624265380203725, 0.43390074945986273, 0.4306685869395733, 0.4334530645608902, 0.433488116239508, 0.43029877682526907, 0.4281548057993253, 0.43051576539874076, 0.4288333298265934, 0.4247341588387887, 0.42462757356464864, 0.4252054889748494, 0.42447901556889217, 0.4230356240272522, 0.4234515568117301, 0.4218338900059462, 0.42378160516421, 0.42141741221149764, 0.4194472496459882, 0.4198978802065055, 0.4223589408149322, 0.4175121996303399, 0.41742238618433475, 0.4172552980730931, 0.41818866930902004, 0.41484043943385285, 0.41715171925723554, 0.41514034022887547, 0.4137588087717692, 0.41366427058974903, 0.4127993231763442, 0.41236506193876266, 0.4117485935489337, 0.41105815544724467, 0.41267337039113045, 0.4108141760528088, 0.4114833326389392, 0.4105360484868288, 0.41055410693089167, 0.4104496337473392, 0.4093212833752235, 0.4067164907852809, 0.40534105504552526, 0.40850780146817367, 0.4069939703742663, 0.4047831722597281, 0.40453574910759926, 0.40486581208805245, 0.40550997997323673, 0.40192064409454664, 0.40216087793310484, 0.40551022338370485, 0.4031130577127139, 0.4038478137801091, 0.40347081169486043, 0.40135321420927844, 0.4011041677991549, 0.400379533196489, 0.40030312264959017, 0.3984538797785838, 0.40005150710542997, 0.39830091687540214, 0.3978819907953342, 0.39837473509212334, 0.3982000322888295], "test_losses": [0.6363971829414368, 0.634054321050644, 0.5951967200636864, 0.5386574950814247, 0.5419282969832421, 0.5477593141794205, 0.4986539569497108, 0.5101201692223549, 0.49373015254735947, 0.5512288343906403, 0.5193875503540039, 0.47949127554893495, 0.4999197354912758, 0.5067566525936127, 0.5031320914626122, 0.4897383800148964, 0.4911623142659664, 0.5266998848319053, 0.48436667650938037, 0.5046708369255066, 0.4853870651125908, 0.47772032260894776, 0.5562531456351281, 0.4779954707622528, 0.46263786673545837, 0.467105772793293, 0.484149377644062, 0.49261617958545684, 0.4731666254997253, 0.48335735231637955, 0.46058255940675735, 0.488566555082798, 0.4662397062778473, 0.4644082233309746, 0.48284188866615296, 0.4675870920717716, 0.45893566340208053, 0.4903254386782646, 0.46400021731853486, 0.48353770494461057, 0.46263609200716016, 0.4600663931667805, 0.4785565859079361, 0.49576325207948685, 0.4739836919307709, 0.46522341966629027, 0.4581734947860241, 0.46407617419958114, 0.4627136406302452, 0.46379565328359607, 0.4680379718542099, 0.4796094611287117, 0.46706772699952126, 0.4694538661837578, 0.4863953399658203, 0.4477321594953537, 0.48097401529550554, 0.4655445069074631, 0.45710100799798964, 0.4591410656273365, 0.4703906387090683, 0.4532590043544769, 0.4647670415043831, 0.4502100417017937, 0.46732057094573975, 0.4535843297839165, 0.4649445174634457, 0.45870948433876035, 0.4529582780599594, 0.4525375905632973, 0.4546611312031746, 0.4551356315612793, 0.44620468497276305, 0.46468299329280854, 0.4479941691458225, 0.4553976121544838, 0.4476360176503658, 0.4620223268866539, 0.45556107103824617, 0.45023645788431166, 0.46195772469043733, 0.4629940861463547, 0.4561864909529686, 0.4574761036038399, 0.4473357906937599, 0.4464960990846157, 0.4612126064300537, 0.45741962775588035, 0.44921051293611525, 0.4518518334627151, 0.4483211971819401, 0.4425097543001175, 0.45512345105409624, 0.44865405052900315, 0.4439170196652412, 0.4522365614771843, 0.4459877546131611, 0.45160328537225725, 0.4457643856108189, 0.44812895357608795], "train_accs": [0.7235833340883255, 0.7925999960303307, 0.8037833310166995, 0.8111833307147026, 0.8192499990264575, 0.821699997484684, 0.8241333312789599, 0.827483332157135, 0.8296333308021228, 0.8317999982833862, 0.8323499976595243, 0.8329999993244807, 0.8355166663726171, 0.8343833317359288, 0.8353499990701675, 0.8377333325147629, 0.8365999985734621, 0.8401499995589257, 0.8384833318988482, 0.8406499988834063, 0.8432333317399024, 0.8429333332180977, 0.8425999995072683, 0.8422333320975304, 0.843166664938132, 0.843499998251597, 0.8444333323836326, 0.846066665649414, 0.8432833329836528, 0.8463166654109955, 0.8467166646321614, 0.8473333326975504, 0.8470499994357427, 0.8468166659275691, 0.8479499991734822, 0.8477166652679443, 0.846633332769076, 0.84849999944369, 0.8468999988834063, 0.8469333307941754, 0.8493499987324079, 0.8499333326021831, 0.8488999993602435, 0.8496833310524623, 0.8514833305279413, 0.8510333318511645, 0.8506166663765907, 0.8517333330710729, 0.8516999994715054, 0.8524833324551583, 0.852666666607062, 0.8521499984463056, 0.8522999983032544, 0.8531999991337458, 0.8526666646202405, 0.8517666666706403, 0.8537333330512047, 0.8543333341677983, 0.8530499986807505, 0.852649998764197, 0.8555666661262512, 0.8538333336512248, 0.8549833315610885, 0.8549166651566823, 0.8549666675925255, 0.8560166664918264, 0.8551166650652885, 0.8566500008106231, 0.8562666659553846, 0.8553833320736886, 0.8563666661580404, 0.8562166655063629, 0.8566833317279816, 0.8569166645407676, 0.8565499997138977, 0.855616665482521, 0.8581666661302249, 0.8586166656017303, 0.8579166660706202, 0.8571499998370806, 0.8591333323717117, 0.8586499993006388, 0.8581499991814295, 0.8585833344856898, 0.8591500008106232, 0.860433332324028, 0.8576333310206731, 0.8586000000437101, 0.8591999997695287, 0.8591666660706202, 0.8600833328564962, 0.8597833326458931, 0.861250000099341, 0.8609166653951009, 0.8610333328445753, 0.8599333331982295, 0.8608499987920125, 0.8612499996026357, 0.8616166651248932, 0.8609833334883054],