{"train_losses": [0.8684914541847062, 0.3657947444998611, 0.33764283683422697, 0.32776634047299735, 0.31486121778519255, 0.3080189238825262, 0.30309909809357555, 0.2986690493838097, 0.2962669030907253, 0.29387238323643156, 0.29074101955976306, 0.28857027244802824, 0.2864068100453186, 0.2870734660105425, 0.28256257245728095, 0.28125066692406725, 0.28016442605504177, 0.27776220761283726, 0.2771744280139374, 0.27734991831297706, 0.2759029135964831, 0.2746159505014342, 0.27280613787770003, 0.2725615355210031, 0.27245155326629894, 0.27036071337103457, 0.27176339629420276, 0.26966387032991324, 0.2692842518907204, 0.2682299193091881, 0.26764663188209603, 0.26664458781622397, 0.2665567452891754, 0.26544434802734307, 0.2653348629783883, 0.26423410410027953, 0.2644475507592593, 0.26374673955055145, 0.2628329702318947, 0.2625407093138568, 0.262023175319312, 0.2620836282775871, 0.26103058783344696, 0.260702368482994, 0.260696460767343, 0.2602508795069623, 0.2603211121877299, 0.25948501092441306, 0.25916143772854755, 0.2588843097958248, 0.2579442047363659, 0.2579748174920848, 0.25760978748687113, 0.2575701800277057, 0.25706096783816257, 0.2567538324906182, 0.25606709136240563, 0.25618032833225834, 0.25581741684363607, 0.2555618075676948, 0.2553171675044507, 0.255044672194866, 0.2544696386158181, 0.2543729392788762, 0.2542900239865219, 0.2536603313565949, 0.2537462701067776, 0.253197755124981, 0.25296206407400107, 0.2529786661526185, 0.25258765944529254, 0.25262055128268773, 0.2518128499113858, 0.2519912673215339, 0.25216160192115866, 0.25175457812704105, 0.2515963519718146, 0.25091606022017826, 0.25094243305415714, 0.25104140672934705, 0.25031178186421926, 0.25046801609119046, 0.24976284106467853, 0.25011371311461555, 0.25001590742277985, 0.24952757980274973, 0.24927849528413365, 0.24885027598489595, 0.2488873655473247, 0.24916619444235635, 0.24870579490830888, 0.24826551881727443, 0.24818491364573872, 0.2481220435542751, 0.24776186964927172, 0.24762176162462954, 0.2474712882734842, 0.24756567255651143, 0.24726515114023026, 0.24714631118155267], "test_losses": [0.36657093196813634, 0.3370933973037414, 0.3073401660141182, 0.3048501403934893, 0.2917589685311894, 0.29476834594342527, 0.2968180024399743, 0.28533637349586194, 0.295845649648711, 0.28139702773125824, 0.2824010516916686, 0.2809171877296598, 0.2779118567167876, 0.2787626412790818, 0.27461968806651504, 0.2778709725321661, 0.2724002598698887, 0.27792032819622287, 0.2692452610192606, 0.27385311494790254, 0.268067837003524, 0.26913656289308113, 0.27328897179427225, 0.2746995899536574, 0.27116491275279697, 0.27608686843563424, 0.27003140542025295, 0.267570279638933, 0.26793641535219204, 0.2749532537372213, 0.2706485497746641, 0.2671358546517983, 0.26927400128221957, 0.2656418357170756, 0.2733072815136115, 0.26852098764781895, 0.2656300590573425, 0.2673050148369011, 0.26905390720227784, 0.2687644421482374, 0.2655212988237526, 0.2641385917943394, 0.2642439277760189, 0.27044598863475033, 0.2692734691361532, 0.26834536749358606, 0.26751399066305553, 0.2659663112855802, 0.2669750623933273, 0.266723345519393, 0.26504348636427405, 0.2656444181868264, 0.2727015714497479, 0.26581591279022737, 0.2688781366876663, 0.2653264427953571, 0.26562773325663075, 0.26428515318376733, 0.2651088764736216, 0.2675561222986708, 0.2632697682468248, 0.2653349102040929, 0.26339812665251683, 0.2643141578116761, 0.26379666996734336, 0.26391817969939846, 0.2649388996777209, 0.26341742640018045, 0.264788509355472, 0.26496845591495727, 0.2639087310605143, 0.2646562982303964, 0.26393340716933616, 0.2649262651960617, 0.2669190508560507, 0.2642074728593914, 0.26585181291041093, 0.26337217032862037, 0.2645069756989593, 0.2660366546656534, 0.26572809806348485, 0.2641206470835946, 0.2650499734016382, 0.2654390678082813, 0.26492499131692254, 0.2651004733858274, 0.2635977000837362, 0.2628090001303915, 0.26358975872823714, 0.26250061302167804, 0.2635711745864928, 0.2629322299418399, 0.26457878229680004, 0.2632528346310992, 0.26577454628419894, 0.26376939222983753, 0.26474742219167735, 0.26483421788679473, 0.2647905862894659, 0.26465374737473213], "train_accs": [0.7701500002046426, 0.8925666636228562, 0.9005333304405212, 0.9036666669448217, 0.9086666659514109, 0.9114333343505859, 0.9125000001986822, 0.9150333340962727, 0.9155666669209798, 0.9158833332856496, 0.9177000025908152, 0.9177666670083999, 0.918700003027916, 0.9182000021139781, 0.9191833341121673, 0.9212166680892309, 0.9204500021537145, 0.9218000030517578, 0.9220000022649765, 0.9216000018517176, 0.9222666692733764, 0.9233666678269704, 0.923816668788592, 0.9237833362817764, 0.9236000019311905, 0.9248500025272369, 0.9241666668653488, 0.9245333347717921, 0.924183334906896, 0.924783333738645, 0.9254000016053517, 0.9254666682084401, 0.9259666689236958, 0.9262166666984558, 0.9264000022411346, 0.9268333351612091, 0.9264000024398168, 0.9259333352247874, 0.9273166684309642, 0.9270666684707006, 0.9272166685263316, 0.9264833343029022, 0.9275333356857299, 0.9277666687965394, 0.9276333347956339, 0.9273166674375534, 0.9273500023285548, 0.927750001947085, 0.9272333359718323, 0.9280166695515315, 0.9288166683912277, 0.9282666687170664, 0.9280500008662542, 0.9287833333015442, 0.9288000023365021, 0.9282666661341985, 0.9290833342075348, 0.9283333345254262, 0.9294333352645239, 0.9295000008742015, 0.929683334827423, 0.9290000019470851, 0.9295166689157486, 0.9294000035524368, 0.9295166677236557, 0.9298666673898697, 0.9292500025033951, 0.9301833347479502, 0.9304833338658015, 0.9298500027259191, 0.9307000005245208, 0.9301500016450882, 0.9306000030040741, 0.9307500024636587, 0.9300333344936371, 0.9304000018040339, 0.9302000027894973, 0.9308166672786077, 0.9311000023285548, 0.9302500007549922, 0.9306333339214325, 0.9310333341360092, 0.9313666673501333, 0.9311500000953674, 0.9312166678905487, 0.9315833330154419, 0.9313000017404556, 0.9312500013907751, 0.9312333353360494, 0.9314500012000402, 0.9313000001509985, 0.9314500017960866, 0.931083336075147, 0.9318000016609828, 0.9318000008662541, 0.9318833349148432, 0.9315999994675318, 0.9322166681289673, 0.9314333333571752, 0.9323000015815099],