{"train_losses": [2.5492526284853616, 0.7414793339371681, 0.34626099015275635, 0.2857857917745908, 0.24641475550830363, 0.22186608696977297, 0.20008125628034273, 0.1804075198372205, 0.17220996563633284, 0.15819930605590343, 0.14815355802575747, 0.1415729829793175, 0.1335452144717177, 0.1267562053973476, 0.1220159654940168, 0.11544457340613007, 0.11024573463946581, 0.10679733715330561, 0.10269585471600294, 0.09887810116633773, 0.09389244050408403, 0.0920340688712895, 0.08862410519272089, 0.08556849020843704, 0.08763366834570964, 0.08290062608197331, 0.08021754244963328, 0.07867304858441154, 0.07586300576105715, 0.07237513623200358, 0.07116474566360315, 0.06811543559965988, 0.06920122971137364, 0.06532058997390171, 0.06260822881789257, 0.06347945230081678, 0.06092489382252097, 0.06090085062819223, 0.057924752387528616, 0.05554218132824947, 0.05577064415129523, 0.05371105669376751, 0.05134502121247351, 0.053639072158063454, 0.05048119990931203, 0.049952761985672015, 0.048508006039385994, 0.04683069579924146, 0.047572416610394914, 0.04647124992528309, 0.044862717548385264, 0.04283558370700727, 0.04274481062001238, 0.04222655996369819, 0.04075788286398165, 0.04261737642344087, 0.03810976088202248, 0.03962018519407138, 0.03710686067895343, 0.03793619397406777, 0.03630381292508294, 0.03679217264599477, 0.035200212787215905, 0.03576473058744644, 0.033741914705994226, 0.03343835181634252, 0.03250424024493744, 0.03222495273919776, 0.03068277610776325, 0.029988793983745078, 0.029988146948162465, 0.029884866756231834, 0.028418385942156118, 0.029143331629456953, 0.028686699400035043, 0.02890240269480273, 0.026336309924178448, 0.027895243344440435, 0.027022170471803594, 0.025715225026166688, 0.025811525316676125, 0.024764220400247724, 0.023579681238819223, 0.02430579581608375, 0.02323442662678038, 0.02450398937391583, 0.02521685017738491, 0.02276819368513922, 0.02403405189203719, 0.0216949423373444, 0.02407063201768324, 0.022870780194255834, 0.019084961448873703, 0.02070497801876627, 0.021790543359238655, 0.01926681599773777, 0.019333862329173522, 0.019870923778701883, 0.017559415880047405, 0.01958089542943829], "test_losses": [2.06086642742157, 0.3618190085887909, 0.2850732463598251, 0.23534125298261643, 0.20655474707484245, 0.1884727005660534, 0.195435122102499, 0.17035206273198128, 0.1620102322101593, 0.15548401638865472, 0.13828004285693168, 0.12760586909949778, 0.1306190375983715, 0.12416076466441155, 0.14106071278452872, 0.12150770872831344, 0.11161871038377286, 0.10857868395745754, 0.11148929215967655, 0.10756517745554448, 0.09827900409698487, 0.100390207991004, 0.0988839902728796, 0.10058357656002044, 0.09875640448182821, 0.09616243008524179, 0.09673744790256024, 0.08786565531045198, 0.08523845966905355, 0.09423061542212963, 0.09925032813102007, 0.08843913957476617, 0.08725658409297467, 0.08907259423285722, 0.08645881626754999, 0.09272587433457374, 0.09045427853241562, 0.08724132806062698, 0.08671195454895496, 0.08875229075551033, 0.08317836306989193, 0.08788834773004055, 0.08657433526590466, 0.08558194264769554, 0.09362917587161064, 0.09276331804692745, 0.0928046334721148, 0.09083348862826825, 0.0944121154025197, 0.08721257165074349, 0.08740614388138056, 0.0916150515154004, 0.0931179877370596, 0.09148193091154098, 0.09706120751798153, 0.09983454436063767, 0.10357915449887514, 0.09689698033034802, 0.0970692015066743, 0.10225170519202947, 0.10492711279541254, 0.09170316889882088, 0.09484899584203958, 0.08921900052577257, 0.10415920343250036, 0.09747500989586115, 0.10409714095294476, 0.10537989240139722, 0.098205160908401, 0.10017938524484635, 0.09848350412212312, 0.10227354653179646, 0.10313522931188344, 0.0974259240180254, 0.10937235446646809, 0.10638039711862803, 0.11504919558763504, 0.12533676378428937, 0.11753819422796369, 0.11263600008562208, 0.11663069568574429, 0.12191590242087841, 0.11329601518809795, 0.12487951844930649, 0.11439318865537644, 0.1330459686741233, 0.11430599194020033, 0.12465302646160126, 0.11834881483577192, 0.11885764045640826, 0.12121100593358278, 0.1154986884444952, 0.11907934608869254, 0.13130344804376365, 0.12807490207254887, 0.12170176678337156, 0.13418505873531103, 0.12906572457402946, 0.13665606554597617, 0.1252339239604771], "train_accs": [0.11693333347638447, 0.7736999989549319, 0.894066665371259, 0.9146833348274231, 0.9264666680494944, 0.9342000003655752, 0.9386999978621801, 0.9453166627883911, 0.9482833282152812, 0.9528166613976161, 0.9544833296537399, 0.956416662534078, 0.959766664703687, 0.9619166644414266, 0.9625833334525427, 0.9653500000635783, 0.966350000500679, 0.9674333357810974, 0.9685500023762385, 0.9687833368778229, 0.9717666727304458, 0.9711333398024241, 0.9721166737874349, 0.974183341662089, 0.973083340326945, 0.9745666750272115, 0.9743500103553137, 0.9758833432197571, 0.9759166753292083, 0.9769500106573105, 0.9772833446661632, 0.9777333456277847, 0.9783500121037165, 0.9795500121514003, 0.9797666794061661, 0.9793666785955429, 0.9802166791756948, 0.9802833453814188, 0.9813000138600667, 0.9822500133514405, 0.9818166806300481, 0.9831166803836823, 0.9834666794538498, 0.9829333464304606, 0.9833000129461289, 0.9838500130176544, 0.9840500140190125, 0.9846500124533971, 0.9844500132401784, 0.9848000113169352, 0.9858333458503087, 0.985716679294904, 0.9859166787068049, 0.9868000115950902, 0.9870500119527181, 0.9857166783014933, 0.9879000105460485, 0.9868666785955429, 0.9878666774431865, 0.9874833446741104, 0.9877666781346003, 0.9877333438396454, 0.988550010919571, 0.9880333439509074, 0.9888500102361043, 0.9890666768948237, 0.9892833431561788, 0.989000009894371, 0.99013334274292, 0.9904166754086813, 0.9899500091870626, 0.9899500087896983, 0.9908666751782099, 0.9904000089565913, 0.9900333426396052, 0.9899000092347463, 0.9908833418289821, 0.9908333412806193, 0.9904333420594533, 0.9911000082890192, 0.9909333415826161, 0.9915166747570038, 0.9920500075817108, 0.9920333409309388, 0.9923666737476985, 0.9916500079631806, 0.9913500082492829, 0.9923000073432923, 0.9916666746139526, 0.9926666736602783, 0.9917666743199031, 0.9924666738510132, 0.9938000059127807, 0.9929500065247218, 0.9925000069538752, 0.9936833393573761, 0.9938000059127807, 0.9934833393494288, 0.9941666722297668, 0.9932833397388459],