{"train_losses": [2.0430430123438263, 1.8784898831220302, 1.8218037527124964, 1.786326702832288, 1.7658325722102632, 1.7514868770950267, 1.7405232063838159, 1.7320093345107248, 1.7239183180074216, 1.7182990318269469, 1.7134653683373609, 1.7097729716190153, 1.7066597307296205, 1.7033918290892165, 1.7001534182547091, 1.6977629299307633, 1.696193342242732, 1.6935418840389636, 1.6917984671149138, 1.6898185091034315, 1.6882968289198916, 1.6863622777345089, 1.6851292155435795, 1.6828958292153673, 1.6815944342003195, 1.6802037846197149, 1.6789711425985478, 1.6774202929374347, 1.6763443806422178, 1.6751322826517479, 1.6732855568400011, 1.6726120539145795, 1.6711099645073157, 1.6699434086280316, 1.6694892813573696, 1.668511303912657, 1.6671129317184046, 1.6663124746984965, 1.6657611196148214, 1.6644422756635122, 1.663615190899744, 1.6624039173240286, 1.6616310417529976, 1.6609107920856194, 1.6600541750952702, 1.6589663332066384, 1.6585777233730268, 1.6578373463927174, 1.656493139561166, 1.6562935203467355, 1.6552726724711304, 1.6546652761223863, 1.6538452101769519, 1.6533120412966413, 1.6526714252306665, 1.6515151672942157, 1.6514454790999507, 1.651034969450454, 1.6501665457759946, 1.6491391364505128, 1.6486896104924638, 1.6480851688529827, 1.647571798591775, 1.6467819517515763, 1.646360369404837, 1.6456158807279389, 1.645353721342827, 1.6443886481607186, 1.6437948269764882, 1.6431777134612457, 1.6420127669724651, 1.6427527312380825, 1.6415848381127702, 1.6411745100182265, 1.6407166901155654, 1.6400475071996417, 1.6392697598571444, 1.6387141789946555, 1.6381780186157548, 1.6384620020562033, 1.637671588972134, 1.6370039156880563, 1.6364923654939108, 1.6353944168328827, 1.6354712113102727, 1.6345510441630653, 1.634193496913497, 1.6337373353895486, 1.633533154439399, 1.632822230327754, 1.6324231068850406, 1.631789046387506, 1.6317222560679607, 1.6311439881679257, 1.631008149441996, 1.6297728107300191, 1.630061425643595, 1.6291938147887304, 1.6285748543569598, 1.627943718950497], "test_losses": [1.9130090108731381, 1.8464401855761303, 1.7978096980152456, 1.7710012510900257, 1.7572511586158661, 1.7438728525348304, 1.737243248493152, 1.729557533317121, 1.7252446418007363, 1.7236087709799393, 1.7195791666884572, 1.71727233912138, 1.7148948078482462, 1.7119502571836094, 1.7109438081969648, 1.7121916046867725, 1.711117469723422, 1.7077011701516351, 1.7062202981632149, 1.7069474435980263, 1.7074395647899818, 1.7069389017406393, 1.7078370857746716, 1.7076848916102205, 1.7057676942921645, 1.705165683862908, 1.705594299359407, 1.706204144931326, 1.7041889445876648, 1.7058219320741892, 1.706857356209569, 1.703063720579342, 1.7030801518420338, 1.7026471240863659, 1.704028547907779, 1.7053921607456124, 1.7067692502040073, 1.7085178254055118, 1.7056149615117508, 1.705051980803429, 1.7065251297581556, 1.70497185972429, 1.7057461422147724, 1.7069723930336866, 1.7045379796869786, 1.7046192527423238, 1.7071289658914903, 1.7059108689881055, 1.7086397440642016, 1.7114091938292415, 1.7086868483260218, 1.7073705911986174, 1.7081061434829925, 1.7096062527337177, 1.7088147917573888, 1.7085113566574506, 1.7096657016358827, 1.7098536036285756, 1.7109736592760667, 1.7134850858654098, 1.7119259393446595, 1.7098053120340355, 1.7110305614493386, 1.7124501712055669, 1.7116277464229646, 1.7127748305953128, 1.710241052929548, 1.7138481121681566, 1.714395306644634, 1.7144255296704842, 1.7152588623590592, 1.7154656046459933, 1.7176539900179888, 1.7149230332657228, 1.7155591940327102, 1.7165406954268685, 1.7150626022420863, 1.7171413154061486, 1.7144761379487299, 1.7169949646456484, 1.7157225966918048, 1.7197807691070184, 1.7197234630444007, 1.7187980342864821, 1.718066642786339, 1.7199970553926562, 1.7194212779719553, 1.7219345532154018, 1.721375269928663, 1.7219618239085661, 1.7234822204663476, 1.720798430317189, 1.7208745638869687, 1.7217049252657786, 1.7227277218467887, 1.7233078966532027, 1.724608107710428, 1.7249068397658436, 1.7233899707606202, 1.7242943940569617], "train_accs": [0.28317999961972234, 0.3524000002741814, 0.3735800002813339, 0.3861600006818771, 0.3940999994277954, 0.3984199992418289, 0.4041400001049042, 0.4077799987792969, 0.41199999952316285, 0.41456000006198884, 0.4157200006246567, 0.41907999992370604, 0.42056000006198885, 0.4210600004196167, 0.4226399993896484, 0.42293999886512756, 0.4233399999141693, 0.4264999989271164, 0.4263799998760223, 0.42621999967098234, 0.42806000077724454, 0.4300600006580353, 0.4304800001382828, 0.4299799995422363, 0.43142000007629394, 0.43240000009536744, 0.4324199994802475, 0.4314400005340576, 0.43291999995708463, 0.43342000007629394, 0.4334200004339218, 0.43317999970912935, 0.4346199997663498, 0.4360799992084503, 0.4355599991083145, 0.4353200000524521, 0.43694000101089475, 0.4378399996757507, 0.4361000006198883, 0.4368800007104874, 0.4370600006580353, 0.43830000030994415, 0.4374399988651276, 0.43751999938488007, 0.4385200002193451, 0.43913999950885774, 0.43827999985218047, 0.4390999997854233, 0.44012000000476836, 0.44021999919414523, 0.43991999864578246, 0.4391799988746643, 0.44056000089645386, 0.4405599995851517, 0.4404800003767014, 0.4413199998140335, 0.44032000029087065, 0.44051999962329863, 0.44135999965667727, 0.4417999995946884, 0.4437199993133545, 0.4426799999475479, 0.4440799995660782, 0.44347999966144563, 0.44438000047206877, 0.44460000133514405, 0.4432199999094009, 0.44407999980449675, 0.443900000333786, 0.4445199990272522, 0.44516000020504, 0.44459999942779543, 0.44533999991416934, 0.4448399990797043, 0.44548000156879425, 0.446799999833107, 0.446039999961853, 0.44587999951839447, 0.44605999970436094, 0.4460999991893768, 0.44633999991416934, 0.4461800000667572, 0.44735999953746797, 0.4472600009441376, 0.4471200009584427, 0.4472999999523163, 0.4477999997138977, 0.4491199997663498, 0.44653999984264375, 0.4471800003051758, 0.449539999961853, 0.44899999916553496, 0.44796000003814695, 0.4491799997091293, 0.4482400008440018, 0.44929999911785123, 0.4489600002765656, 0.44926000010967254, 0.45116000020504, 0.44850000071525575],