{"train_losses": [2.4676976175308227, 2.396209144592285, 2.292599104881287, 2.1750702919960023, 2.038031951904297, 1.9692030191421508, 1.9259148144721985, 1.8920394682884216, 1.858884045124054, 1.8335071716308593, 1.8051041378974915, 1.7797206363677978, 1.7643143520355224, 1.7487258257865905, 1.7367006692886353, 1.7138587470054627, 1.7005628995895385, 1.69364346075058, 1.674844769001007, 1.668829981803894, 1.6595758743286133, 1.6425236206054687, 1.6338165435791017, 1.628800971031189, 1.6154707903862, 1.610533106327057, 1.6010499329566956, 1.594391674041748, 1.5838951287269591, 1.576656864643097, 1.572932635307312, 1.5683210310935973, 1.5607749972343445, 1.5560909943580628, 1.5462051181793213, 1.539224078655243, 1.5359392809867858, 1.5296355900764464, 1.5288350472450256, 1.522265555858612, 1.5138721475601196, 1.5065003252029419, 1.5087044100761413, 1.5011042685508729, 1.5052279477119446, 1.4919160685539246, 1.4904435396194458, 1.4868301601409912, 1.4810630784034728, 1.4751485362052918, 1.4741844639778137, 1.473085744857788, 1.464710970878601, 1.4639605889320373, 1.459412766456604, 1.4587534856796265, 1.4509161586761474, 1.451199336528778, 1.445921025276184, 1.4436016440391541, 1.4402396717071533, 1.4355505170822143, 1.4343064703941346, 1.4326273317337037, 1.4255012879371642, 1.4248503499031067, 1.417871094226837, 1.4187856917381287, 1.418335159301758, 1.4097750024795532, 1.4100631680488587, 1.4049305768013, 1.4017302317619325, 1.4011469283103943, 1.4020999727249146, 1.3974190602302552, 1.392149836540222, 1.3915994200706483, 1.3890401864051818, 1.3846580772399901, 1.3842608981132507, 1.380168839931488, 1.376111448287964, 1.3784575219154358, 1.3775016841888428, 1.3727460398674012, 1.3693879914283753, 1.3677850580215454, 1.3609827747344971, 1.36292072057724, 1.3606662673950196, 1.3591109857559205, 1.3524448614120483, 1.3531331815719605, 1.350853563785553, 1.348207929611206, 1.3462816882133484, 1.3427261896133422, 1.341140030860901, 1.3398631038665771], "test_losses": [2.4440946912765504, 2.326269655227661, 2.244076657295227, 2.0936432695388794, 1.988630039691925, 1.9540439677238464, 1.9117099833488465, 1.8763657236099243, 1.8728119564056396, 1.8143751001358033, 1.7837292957305908, 1.7950274515151978, 1.7450505447387696, 1.7834693741798402, 1.7378918051719665, 1.716925482749939, 1.7110478329658507, 1.6882777643203735, 1.6880758309364319, 1.6768689155578613, 1.6675587487220764, 1.6403304839134216, 1.656495943069458, 1.6580419421195984, 1.6317360663414002, 1.627988681793213, 1.6312423038482666, 1.6285302114486695, 1.6156271409988403, 1.602135100364685, 1.6032391571998597, 1.5992059803009033, 1.5837886118888855, 1.58985520362854, 1.5847921752929688, 1.5873003244400024, 1.5760415148735047, 1.5764065527915954, 1.56331636428833, 1.575491452217102, 1.5765341448783874, 1.5632406282424927, 1.5716846942901612, 1.5663446593284607, 1.56175799369812, 1.5586659264564515, 1.5574835729599, 1.551862177848816, 1.548286247253418, 1.5571036434173584, 1.560576376914978, 1.5454236388206481, 1.5372304725646972, 1.5613645172119142, 1.5428093671798706, 1.5397112607955932, 1.5401814770698548, 1.5402981758117675, 1.5350765466690064, 1.536166672706604, 1.5350118947029114, 1.524021530151367, 1.543603003025055, 1.5176834487915039, 1.530298764705658, 1.5601259541511536, 1.5297497820854187, 1.515883526802063, 1.5172810578346252, 1.5250992488861084, 1.5241150736808777, 1.5140097546577453, 1.5247435808181762, 1.5124956274032593, 1.5177390098571777, 1.5103525876998902, 1.5264144372940063, 1.5188998770713806, 1.52411789894104, 1.5248522758483887, 1.5184107208251953, 1.5274054169654847, 1.51339341878891, 1.5182482957839967, 1.5351392650604248, 1.513221070766449, 1.5231971907615662, 1.5024690961837768, 1.520969605445862, 1.5129279923439025, 1.5067341208457947, 1.5055278968811034, 1.5044049072265624, 1.5003560185432434, 1.51749990940094, 1.5144107723236084, 1.501783673763275, 1.5188668704032897, 1.5032377791404725, 1.5041958260536195], "train_accs": [0.10000000017881393, 0.10000000007450581, 0.12148000031709671, 0.21095999884605407, 0.26919999837875364, 0.2993399980664253, 0.31546000003814695, 0.3296199991703033, 0.33968000042438506, 0.3488000003695488, 0.36003999948501586, 0.36890000104904175, 0.3752600008249283, 0.38106000059843065, 0.3838199999332428, 0.39251999962329864, 0.3981399995088577, 0.40173999893665313, 0.40663999879360196, 0.40694000041484835, 0.4122199990749359, 0.41748000025749205, 0.41866000080108645, 0.4204999997615814, 0.42709999895095824, 0.4286599994897842, 0.4317999995946884, 0.4352000004053116, 0.43810000050067904, 0.44030000078678133, 0.44252000021934507, 0.44380000019073484, 0.4464800007343292, 0.4498000005483627, 0.45087999999523165, 0.4547199989557266, 0.45714000046253206, 0.4560400000810623, 0.45766000032424925, 0.4578200000524521, 0.46417999935150145, 0.46481999933719637, 0.4642199996709824, 0.46556000006198883, 0.4661199998855591, 0.4720199997425079, 0.4727199996709824, 0.4728399994373321, 0.47329999899864195, 0.4771399984359741, 0.47812000024318696, 0.47641999888420106, 0.47971999788284303, 0.4813399987220764, 0.4840999993085861, 0.48221999895572665, 0.486319998383522, 0.48662000000476835, 0.4896799994707108, 0.48978000020980833, 0.49196000015735625, 0.4912799994945526, 0.49151999890804293, 0.49083999967575076, 0.49679999887943266, 0.4953999989032745, 0.4989799998998642, 0.49733999752998354, 0.498539999127388, 0.5007599966526032, 0.5026399970054627, 0.5038599992990493, 0.5041799972057343, 0.5042599991559983, 0.5043799990415573, 0.5046399983167649, 0.5081199986934661, 0.5067199982404709, 0.5119999988079071, 0.5117399981021881, 0.510579998254776, 0.5128199961185456, 0.5136799982786179, 0.5136799993515014, 0.5136599994897842, 0.5150999987125396, 0.5161199991703034, 0.5165999990701675, 0.5187799980640412, 0.519339997291565, 0.5174799993038177, 0.521039998292923, 0.5223399991989136, 0.5215999997854233, 0.5259599993228913, 0.5251399992704392, 0.5244599976539612, 0.5266999967098236, 0.5268399993181229, 0.5268999974727631],