{"train_losses": [0.8462526412804922, 0.6187569231788317, 0.5712369154890379, 0.5444731390476227, 0.5311336623628934, 0.5156790318091711, 0.5055660006403923, 0.49610538889964423, 0.4912562650442123, 0.4916596671938896, 0.4818654172619184, 0.48091606080532073, 0.47631561865409217, 0.469463594853878, 0.46873905311028163, 0.4694695290923119, 0.466844572921594, 0.46161814908186594, 0.46033073087533316, 0.45921970427036285, 0.4578659259279569, 0.456972741385301, 0.4556759577989578, 0.4540116302172343, 0.4522799669702848, 0.4490255170067151, 0.4515246389309565, 0.449672995309035, 0.44972968419392906, 0.44555406490961713, 0.44240357488393783, 0.4443554605046908, 0.44359818190336225, 0.44616142203410464, 0.4403733961780866, 0.4434573080142339, 0.4410066748658816, 0.4380575399597486, 0.4384254875779152, 0.43735555787881214, 0.4362306448817253, 0.43720410654942193, 0.43697160472472507, 0.43732484807570776, 0.4336304041246573, 0.43336732099453606, 0.43419300973415376, 0.432054664293925, 0.4314714954296748, 0.4319358832637469, 0.43187868773937227, 0.4290460138519605, 0.43239949782689413, 0.4288104073206584, 0.4277029078702132, 0.4296002453565598, 0.42805120219786963, 0.42802093277374903, 0.429965878178676, 0.42971941461165747, 0.4269280963142713, 0.42883190234502155, 0.42587563286225, 0.4271715361873309, 0.4297242832183838, 0.42606653496623037, 0.4252704631288846, 0.42215464522441226, 0.4303885667522748, 0.4237011974056562, 0.4229104756315549, 0.4217256271839142, 0.4260816203554471, 0.4211838904023171, 0.4249438308676084, 0.4253398068745931, 0.42062628318866097, 0.41917228668928147, 0.4230330846707026, 0.42110732863346734, 0.41750539243221285, 0.4177257616321246, 0.4232693659265836, 0.4179974386096001, 0.41938129931688306, 0.4156441170970599, 0.4208943106730779, 0.4174341904123624, 0.41679489850997925, 0.41753593400120737, 0.4188326538602511, 0.4180851498246193, 0.4168919786810875, 0.41624782254298526, 0.4155301795403163, 0.416075826783975, 0.41307416374484696, 0.4137669965128104, 0.4143432038029035, 0.41449445754289627], "test_losses": [0.6616720902919769, 0.6061923372745514, 0.5648134523630142, 0.5764037615060806, 0.5942061942815781, 0.5454107135534286, 0.5255268383026123, 0.5397877299785614, 0.5174759006500245, 0.5044399267435073, 0.5161563849449158, 0.5117713218927383, 0.4989501601457596, 0.5102501696348191, 0.5299258095026016, 0.4889677256345749, 0.5068442678451538, 0.49611948132514955, 0.49569147646427153, 0.48954118192195895, 0.49651455402374267, 0.5100831836462021, 0.4769034153223038, 0.5028055197000504, 0.47992212653160093, 0.47373436868190766, 0.48564557313919066, 0.48577507078647614, 0.4804434144496918, 0.4728326290845871, 0.4758174568414688, 0.48606172621250154, 0.4765120619535446, 0.4950380074977875, 0.4871969920396805, 0.4756017607450485, 0.48946669697761536, 0.4886700922250748, 0.4662218135595322, 0.4663122969865799, 0.4708951598405838, 0.4664461588859558, 0.4684444826841354, 0.4637659186124802, 0.4880275809764862, 0.4762705385684967, 0.4741259264945984, 0.47936940133571626, 0.4645041400194168, 0.4684325540065765, 0.4786172753572464, 0.46168205738067625, 0.4672242999076843, 0.4687211012840271, 0.4836163192987442, 0.4588315290212631, 0.4976574110984802, 0.4717016488313675, 0.491162691116333, 0.46126807391643526, 0.4829935848712921, 0.4627571564912796, 0.49100288927555086, 0.48000612735748294, 0.4698268395662308, 0.45509473860263827, 0.4717992568016052, 0.4542062371969223, 0.465287007689476, 0.46278353333473204, 0.4538031393289566, 0.4783849608898163, 0.45513286352157595, 0.45853784382343293, 0.501109322309494, 0.45737664103507997, 0.4575090169906616, 0.45679647564888, 0.4618301683664322, 0.4523798680305481, 0.45426537573337555, 0.45313434541225434, 0.4690580141544342, 0.451939492225647, 0.4539189183712006, 0.4689383524656296, 0.46641505002975464, 0.4648822033405304, 0.4605250483751297, 0.4578686887025833, 0.45652670562267306, 0.4505849802494049, 0.47190224289894106, 0.4656611692905426, 0.4622345721721649, 0.46943621575832367, 0.4608581948280335, 0.45472848176956177, 0.4513407099246979, 0.466864378452301], "train_accs": [0.7056666672664385, 0.7786999994516373, 0.7976166665554046, 0.8069333328803381, 0.8114166657129923, 0.8160999973615011, 0.8214500013987224, 0.8251666671037674, 0.8274666664997736, 0.8248833328485489, 0.8300666671991348, 0.8302000012000402, 0.8324000016848246, 0.8349333328008651, 0.8358499993880589, 0.8338833359877268, 0.8349333343903224, 0.8377833366394043, 0.8386499993006389, 0.8397833337386449, 0.8407833327849706, 0.8400333352883657, 0.8405333330233892, 0.840966667731603, 0.8415500011046727, 0.8423500007390976, 0.8417166690031688, 0.8418166669209798, 0.8427333354949951, 0.8444666687647502, 0.8452666689952214, 0.8437500015894572, 0.8440333350499472, 0.8439833348989487, 0.8463833355903625, 0.8447166681289673, 0.8457666673262914, 0.8470666696627934, 0.8462166686852773, 0.8478666700919469, 0.8483000026146571, 0.8470000010728836, 0.8464500015974045, 0.8465000003576278, 0.8481666670242946, 0.8478666673103968, 0.8475333346923193, 0.8473166698217391, 0.8493333339691163, 0.8488500024875005, 0.8487833366791407, 0.8504833354552587, 0.84855000158151, 0.8509500014781952, 0.8501500028371811, 0.8496666685740153, 0.8504166674613952, 0.85051666756471, 0.8502666678031285, 0.8494166688124338, 0.8496333348751068, 0.84976666867733, 0.8510166686773301, 0.8498500015338262, 0.8493166681130727, 0.8518166689078013, 0.8503000013033549, 0.8526333336035411, 0.8498500023285548, 0.85205000380675, 0.8520500008265177, 0.8533333351214727, 0.8508666678269704, 0.8529500025510788, 0.8509000009298324, 0.8516833335161209, 0.8521666683753332, 0.8533333349227905, 0.8514833354949951, 0.853466667731603, 0.855166669289271, 0.8541500010093053, 0.8506166690587997, 0.8535833368698756, 0.8528333352009455, 0.854900002082189, 0.8527833344539006, 0.8545666668812434, 0.8550833372275034, 0.8528833349545797, 0.8534333366155624, 0.8538166679938635, 0.8546000025669733, 0.8561999996503195, 0.8546500015258789, 0.854533334771792, 0.8561166685819626, 0.8557666689157486, 0.8553166689475378, 0.8552000017960867],