{"train_losses": [2.521625447273254, 0.8088569776217143, 0.5489970763524373, 0.5044872511426608, 0.47289028922716775, 0.44758581707874934, 0.43452675292889276, 0.42833946327368416, 0.41352867225805917, 0.40131776124238966, 0.3932539436717828, 0.39280681158105535, 0.38246973921855293, 0.38089189315835636, 0.3734522819519043, 0.3667571790516376, 0.36514034966627756, 0.3590805585682392, 0.35408128996690114, 0.35147034709652264, 0.34950936287641526, 0.34353576133648556, 0.3402934557199478, 0.33487417389949165, 0.3349219997227192, 0.33541601806879046, 0.3260214290519555, 0.3257359160979589, 0.3236011382440726, 0.3210695952177048, 0.31532163297136623, 0.31667129213611284, 0.31592180743813514, 0.311849530339241, 0.3127827531099319, 0.30525479798515637, 0.3050857449074586, 0.30130065366625786, 0.29955636863907176, 0.30202253073453905, 0.2988900942603747, 0.2976649769147237, 0.29506385599573454, 0.29295140773057937, 0.29251703634858134, 0.29012783989310265, 0.28819092084964115, 0.2880259437362353, 0.2863515750567118, 0.28667092020312945, 0.28454462269941966, 0.2800903641184171, 0.28129039898514746, 0.27833713601032894, 0.2768667444835107, 0.27453413501381874, 0.27634786928693456, 0.27401812598109243, 0.2715507491926352, 0.2706326673924923, 0.2708596543967724, 0.26967269301414487, 0.27132803430159885, 0.26737662265698114, 0.26645362878839174, 0.26518931696812315, 0.26190585280458134, 0.26028294652700423, 0.26060725197196005, 0.2617894312242667, 0.25947033137083053, 0.2551029238353173, 0.25479623839259147, 0.2574270152052244, 0.2533765410383542, 0.25552820359667144, 0.25226957152287166, 0.25052619566520057, 0.2507234446704388, 0.24988698961834113, 0.2502220905323823, 0.24803344508012135, 0.24585561588406563, 0.24577059745788574, 0.24464779218037924, 0.24500166644652685, 0.24684626509745916, 0.24139316494266191, 0.24269477414588134, 0.24166938910881677, 0.2402179982761542, 0.24073122471570968, 0.23827380046248436, 0.2390045581261317, 0.23691640953222912, 0.23555160894989968, 0.23586914052565894, 0.23448260359466075, 0.23333561822772025, 0.2335457620024681], "test_losses": [1.8800033116340638, 0.6175058603286743, 0.6041200667619705, 0.5491838383674622, 0.5343732243776321, 0.4689279896020889, 0.4878337091207504, 0.4446519029140472, 0.48942054867744444, 0.4411370670795441, 0.4569488435983658, 0.4135518062114716, 0.41300652384757996, 0.433855043053627, 0.4083119767904282, 0.4068866539001465, 0.40650291085243223, 0.3949188524484634, 0.4255604833364487, 0.38751808166503904, 0.4005784124135971, 0.39401940882205966, 0.40067907989025114, 0.3820480042695999, 0.3911008697748184, 0.3816421601176262, 0.37806212455034255, 0.3973506274819374, 0.3877979892492294, 0.4005775275826454, 0.38614450007677076, 0.3699572294950485, 0.3927775079011917, 0.3566139751672745, 0.36490608036518096, 0.36142565310001373, 0.37114024788141253, 0.3573355108499527, 0.36000752210617065, 0.37170723468065264, 0.3671241569519043, 0.3647757524251938, 0.35602866142988204, 0.3561394992470741, 0.36211892336606977, 0.3616571393609047, 0.36504311859607697, 0.3531069931387901, 0.3556913688778877, 0.35067598164081576, 0.34505467504262927, 0.3600807556509972, 0.3578565636277199, 0.3472431117296219, 0.3543854355812073, 0.38604826241731643, 0.34887776225805284, 0.34816202878952024, 0.35664448857307435, 0.3613764786720276, 0.3547947835922241, 0.35231791287660597, 0.34349482029676437, 0.3567217919230461, 0.3580314368009567, 0.35821649461984634, 0.3600101882219315, 0.35057260721921923, 0.3449887147545814, 0.36178658574819567, 0.351611530482769, 0.34621949136257174, 0.3609954378008842, 0.3490659454464912, 0.36209674924612045, 0.3543082639575005, 0.3652080434560776, 0.3483204621076584, 0.35024738222360613, 0.35070867359638214, 0.3666371750831604, 0.34898538887500763, 0.3571888503432274, 0.3615789583325386, 0.3718508929014206, 0.3485498321056366, 0.35600104987621306, 0.35522410362958906, 0.35781792253255845, 0.36522257298231126, 0.36324226170778273, 0.3522971972823143, 0.35691183656454084, 0.35268562465906145, 0.3505648168921471, 0.3648610219359398, 0.3636771947145462, 0.3681489700078964, 0.36288513779640197, 0.3566420865058899], "train_accs": [0.11729999976853529, 0.713400000333786, 0.8002000008026758, 0.8163333348433177, 0.8286999988555909, 0.8405166681607564, 0.8436166689793269, 0.8453000017007192, 0.8508500005801519, 0.8551333326101304, 0.857683334549268, 0.8586999992529551, 0.8622833345333735, 0.8618833351135254, 0.8655666673183441, 0.8670166691144308, 0.8680000013113022, 0.86953333457311, 0.8701666661103566, 0.8711333330472311, 0.873700000445048, 0.8749333345890045, 0.8764500008026759, 0.8779166648785274, 0.878333331545194, 0.8770499976476034, 0.8816166647275289, 0.8820500006278356, 0.881883331934611, 0.8823999985059102, 0.8861499977111816, 0.8834833323955535, 0.8837999989589055, 0.886433331767718, 0.8852833292881648, 0.8875666644175847, 0.8881999981403351, 0.8893666634956996, 0.8911999986569087, 0.8885333295663198, 0.890083331267039, 0.8909999976555506, 0.8917666639884313, 0.8929999977350235, 0.8921666649977366, 0.89293332974116, 0.8946166654427846, 0.8945333309968313, 0.8950666630268097, 0.8951166631778081, 0.8950333291292191, 0.8965666657686233, 0.8958999969561895, 0.8981166646877925, 0.8987666648626328, 0.8985499978065491, 0.8971666644016901, 0.9001833313703537, 0.9000333325068156, 0.9007166641950607, 0.9006666664282481, 0.9005666651328404, 0.9000999989112218, 0.9007166647911071, 0.9013499983151754, 0.9019833316405614, 0.9038999990622203, 0.9031333337227504, 0.9035166652997335, 0.903433334628741, 0.9050166654586792, 0.9061333318551381, 0.9058833322922388, 0.9033833328882853, 0.9064833301305771, 0.9051999992132187, 0.9065666651725769, 0.9074333322048187, 0.9073666667938233, 0.9073333334922791, 0.9072833339373271, 0.9071500007311503, 0.9082333326339722, 0.9090000009536743, 0.909066666563352, 0.9099000014861425, 0.9083833336830139, 0.9099999990065892, 0.9096999990940094, 0.9110666676362356, 0.9107833351691564, 0.9107333346207936, 0.9114166649182638, 0.9120500018199285, 0.9121500015258789, 0.9139166686932246, 0.912483334938685, 0.9130999998251597, 0.912900000611941, 0.9138500010967254],