{"train_losses": [0.8410153355201085, 0.4445433123906453, 0.3906601494550705, 0.36901511033376055, 0.35324623291691143, 0.34317441234985985, 0.3384651398162047, 0.3305646938085556, 0.3251497432589531, 0.3216300705075264, 0.31817477390170096, 0.31834347223242127, 0.31424182807405787, 0.3141841528813044, 0.31306155319015183, 0.30921656345327697, 0.3089971282084783, 0.30402896642684935, 0.30406360705693564, 0.30623009050885835, 0.3026886254052321, 0.3013719249268373, 0.301079526891311, 0.2985000158846378, 0.29813082312544187, 0.2975742060939471, 0.2970429820815722, 0.29571578522523245, 0.29446609179178873, 0.2956732875605424, 0.2949881947040558, 0.29438416942954065, 0.2935107831656933, 0.29241303612788516, 0.292757154305776, 0.29141863877574603, 0.2936649210254351, 0.288886228253444, 0.290818884819746, 0.2912453465163708, 0.2907373049358527, 0.2893367745230595, 0.2881745843092601, 0.2863689848283927, 0.28589996834596, 0.28692323550581933, 0.2879860882461071, 0.28812248627344766, 0.2846281321843465, 0.2846557216346264, 0.284040484080712, 0.2874031479656696, 0.2846275074283282, 0.2830203753709793, 0.2840208540360133, 0.28468368818362555, 0.28146235610047976, 0.2831275404741367, 0.28388967787226044, 0.283640842239062, 0.2820501410464446, 0.2811612449089686, 0.28187323903044065, 0.28092692971229555, 0.28098809053500495, 0.2802533676226934, 0.2814326051870982, 0.28093197194238506, 0.28407731344302495, 0.2810707937677701, 0.28039501562714575, 0.28110716794927915, 0.2794685310870409, 0.27892543693383537, 0.2786482478181521, 0.27802153033514815, 0.2775622733434041, 0.2781803112228711, 0.2768583016594251, 0.2772485563904047, 0.2774967829634746, 0.2771173337598642, 0.27729181622465454, 0.2777103316783905, 0.2785350772738457, 0.27763134030004344, 0.27706798528631527, 0.2760534701744715, 0.2756841541826725, 0.27557154387235644, 0.27481396997968355, 0.276783338089784, 0.27395685787002244, 0.2737422916293144, 0.2759487403680881, 0.27480215291182203, 0.2743959762404362, 0.2736779218912125, 0.27478039582570396, 0.27614213484028977], "test_losses": [0.4727267271280289, 0.38509720504283906, 0.3688051348924637, 0.3355993854999542, 0.32130836516618727, 0.32027792155742646, 0.3152381330728531, 0.3133269527554512, 0.31439371466636656, 0.30452613323926925, 0.3017100638151169, 0.29599542140960694, 0.3089724576473236, 0.3013858580589294, 0.30644248068332675, 0.29388954520225524, 0.28612691044807437, 0.29134183406829833, 0.29769322484731675, 0.2945938265323639, 0.28622794955968855, 0.28887342780828473, 0.29501479119062424, 0.2936041557788849, 0.28465241461992263, 0.29233730942010877, 0.2830926075577736, 0.2938913261890411, 0.2841215428709984, 0.2823978090286255, 0.2766720473766327, 0.28090599924325943, 0.29691134750843046, 0.2858278504014015, 0.2835675263404846, 0.2810999664664269, 0.2904239508509636, 0.2850627049803734, 0.3016978585720062, 0.279657042324543, 0.27855112046003344, 0.29453680336475374, 0.2830505880713463, 0.2712021295726299, 0.2755181378126144, 0.2748716050386429, 0.27564985156059263, 0.2721990199387074, 0.2773992624878883, 0.277407540678978, 0.295934998691082, 0.28286244928836823, 0.2710891020298004, 0.28097141355276106, 0.2838448789715767, 0.2730909699201584, 0.28945344835519793, 0.27166418194770814, 0.2768587537109852, 0.27854464173316956, 0.2812309902906418, 0.27404885649681093, 0.27088809907436373, 0.26982560455799104, 0.27278038799762727, 0.2736816358566284, 0.2790593719482422, 0.28222611665725705, 0.2763539770245552, 0.27331402331590654, 0.2780147507786751, 0.2775196689367294, 0.2721225845813751, 0.27965399593114854, 0.26622393548488615, 0.278231535255909, 0.2792064490914345, 0.2713568168878555, 0.27988293528556824, 0.2741693791747093, 0.2756190648674965, 0.27275497108697894, 0.2720131200551987, 0.2688059324026108, 0.28370452880859376, 0.28831281334161757, 0.27748803853988646, 0.26833221822977066, 0.2733918198943138, 0.26941790610551836, 0.2686685970425606, 0.2709494361281395, 0.27355835497379305, 0.27213800519704817, 0.2647014886140823, 0.2680166548490524, 0.26937379330396655, 0.2794650402665138, 0.2638100728392601, 0.2725586929917336], "train_accs": [0.7723000002652407, 0.8723333324988684, 0.8853833317756653, 0.8909666647513708, 0.895733331044515, 0.8989499992132187, 0.9004333295424779, 0.9031499995787938, 0.9057333316405615, 0.9065166650215785, 0.9080833315849304, 0.9076666671037674, 0.9084833323955536, 0.908616666396459, 0.9082499990860621, 0.9106666666269302, 0.9111333352327347, 0.9123333338896433, 0.913116668065389, 0.9108666664361954, 0.9132500020662944, 0.9135666672388713, 0.9135166666905086, 0.9139833352963129, 0.9149833345413207, 0.9144833348194759, 0.9147500012318294, 0.915100000500679, 0.9166833345095317, 0.9159000011285147, 0.9157333360115687, 0.9159333354234696, 0.9154166694482168, 0.9162166674931844, 0.9162499994039536, 0.9164166684945424, 0.9161333364248275, 0.9177333362897238, 0.9170166687170664, 0.9174500026305517, 0.9166000006596248, 0.9173833350340526, 0.9178833341598511, 0.918066667119662, 0.9184833349784215, 0.9185833352804184, 0.9178833373387655, 0.9179666705926259, 0.9184500006834666, 0.9195000032583872, 0.9191166669130325, 0.9180333354075749, 0.919283334215482, 0.9187000024318696, 0.9185833356777827, 0.9193500006198883, 0.9203500022490819, 0.9192999994754791, 0.9185666682322821, 0.9195666684707006, 0.9194333360592524, 0.9201333369811376, 0.9203000017007192, 0.9194333342711131, 0.9210333345333735, 0.9205666712919871, 0.9201500022411346, 0.9206166684627533, 0.9194500021139781, 0.920216668844223, 0.919733335574468, 0.9203166685501735, 0.9207166689634323, 0.921333335240682, 0.9213333368301392, 0.9210666692256928, 0.921716666618983, 0.9216166690985361, 0.9225666681925456, 0.9222666706641515, 0.9214500012000402, 0.9219333346684774, 0.9219166702032089, 0.9212333371241888, 0.9209666683276494, 0.9213000021378199, 0.9220000014702479, 0.9227166696389516, 0.922850001056989, 0.9219166682163874, 0.9229500029484431, 0.9216500016053518, 0.9227166682481766, 0.9227000012000401, 0.9220166697104772, 0.9229000022013982, 0.9226833345492681, 0.9234000013271968, 0.9226833345492681, 0.9220833331346512],