{"train_losses": [0.6634650827944278, 0.3940382376064857, 0.36431608321766057, 0.3467799230168263, 0.3397034884120027, 0.3351922041798631, 0.3292738200351596, 0.32554835177958014, 0.32164659767101206, 0.3179030952478449, 0.3130075608318051, 0.31354326696445545, 0.3114426917086045, 0.31040113570789496, 0.3141320527593295, 0.30523345979551475, 0.307104751120011, 0.30188737632085877, 0.301111330849429, 0.3047912218545874, 0.29905805182953676, 0.3000829157605767, 0.29793779240300255, 0.29707142391552527, 0.2975477141017715, 0.29628139711916446, 0.2922219917178154, 0.29299437926461297, 0.2909452121456464, 0.2940701772272587, 0.2913064700489243, 0.2897288421789805, 0.2920303006966909, 0.2901714871575435, 0.2879521521553397, 0.28999040063470605, 0.28892702794323366, 0.2865945845469832, 0.28523125166694324, 0.28559380893905956, 0.28508760321885346, 0.2868983662997683, 0.28550008847067754, 0.28417909242212774, 0.28385098148137333, 0.2811836381132404, 0.2818941028912862, 0.2811347289880117, 0.28169337795426447, 0.281162308777372, 0.2807921315729618, 0.28166890719284615, 0.27880408414949975, 0.2783882982780536, 0.27849845406909784, 0.2805071980382005, 0.2765036466593544, 0.2782328531021873, 0.27680316091825563, 0.2776032377158602, 0.2755954080695907, 0.27505148041993377, 0.27584556685139733, 0.2760255130380392, 0.27465357547005015, 0.2743216583381097, 0.27442753344774246, 0.2745393188049396, 0.2743035966778795, 0.27333679924408594, 0.27430188956360024, 0.2735713363438845, 0.2731594719737768, 0.2737656237433354, 0.2727165474618475, 0.2718048365041614, 0.2707125423600276, 0.27283442535748087, 0.27255499047537646, 0.27004965286701915, 0.27118036499867837, 0.2697534131879608, 0.26852603293955324, 0.27047937986751397, 0.2704834393784404, 0.2695807923004031, 0.2685389926657081, 0.26884300651649634, 0.2702725566551089, 0.268667025603354, 0.2684275575727224, 0.2691457082827886, 0.26741101186722516, 0.26755135035763183, 0.2674807724853357, 0.2669765554989378, 0.26673077168564, 0.2664522950723767, 0.26716653883457187, 0.26816999015708765], "test_losses": [0.3930456566810608, 0.35755584165453913, 0.32620058104395866, 0.3111542811989784, 0.3391837403178215, 0.3005824875831604, 0.31435136169195177, 0.3491062617301941, 0.29694701328873635, 0.30726966336369516, 0.29683389380574227, 0.3039502439647913, 0.2950641718506813, 0.320362263917923, 0.286506113037467, 0.29143827229738234, 0.3091784549504519, 0.30118512265384195, 0.2961940681934357, 0.28157361954450605, 0.28784595005214214, 0.2786427916586399, 0.2992649154365063, 0.28600602053105834, 0.28629290603101254, 0.2828371132910252, 0.2781476862728596, 0.2740336712449789, 0.28451993986964225, 0.27706236004829404, 0.28610331006348133, 0.2809694840013981, 0.281145730689168, 0.28380899228155615, 0.27538207910954954, 0.2789183945208788, 0.2831181388348341, 0.3143009102344513, 0.28026918448507787, 0.2793913947045803, 0.2861403754353523, 0.28175420220941305, 0.28568807028234006, 0.27366255715489385, 0.27224491991102695, 0.274469039067626, 0.2818476866930723, 0.270462511330843, 0.2780983304977417, 0.285794712677598, 0.28891847245395186, 0.2725686226040125, 0.2767058955132961, 0.27769918739795685, 0.2881647506356239, 0.2803540971875191, 0.2765588823705912, 0.27344092935323716, 0.27845096357166765, 0.2716025876253843, 0.27523105941712855, 0.2786842790991068, 0.2684874926507473, 0.26669531427323817, 0.2723838917911053, 0.26963565677404405, 0.2822640732675791, 0.265378707870841, 0.2720128711313009, 0.279369140714407, 0.2679588929563761, 0.27013742856681344, 0.2697984907031059, 0.27076979756355285, 0.2656313481926918, 0.27337805718183517, 0.2764303471893072, 0.266535000577569, 0.2770274710655212, 0.2677208881080151, 0.27021457966417073, 0.2674937291443348, 0.2693358989804983, 0.271995767429471, 0.2827033144235611, 0.279036079198122, 0.2828582772612572, 0.27268982619047166, 0.2725274561345577, 0.26985002726316454, 0.2647527851164341, 0.26322997324168684, 0.2703176851570606, 0.26956669077277184, 0.26410604499280455, 0.2686246866732836, 0.2650214533507824, 0.27024924077093604, 0.2641792481392622, 0.2662945983558893], "train_accs": [0.8055499992705881, 0.8830666672190031, 0.8907000014185905, 0.8977166681488356, 0.8993833363056183, 0.9010666671395302, 0.9035666676362356, 0.9049666673938433, 0.9071666679779689, 0.9083166675766309, 0.9102833352486293, 0.9089000022411347, 0.9095166687170665, 0.9095500013232232, 0.9083500016729037, 0.9117833346128463, 0.9112833342949549, 0.912716668744882, 0.9127833358446757, 0.9107500006755193, 0.914000001847744, 0.913416668176651, 0.9144666688640912, 0.9150333364804586, 0.9143000021576881, 0.9146666680773099, 0.9163500016927719, 0.9158500018715858, 0.917283333837986, 0.9146000015735626, 0.9170000018676122, 0.9175166674455006, 0.9166833358009656, 0.9165166693925858, 0.9184166686733564, 0.9172000019749006, 0.9186500008900961, 0.9183333350221315, 0.9179833352565765, 0.9193500004212062, 0.9189000009497007, 0.9184666686256726, 0.9181833342711131, 0.9192833357055982, 0.9192666682600975, 0.9204166693488757, 0.9196166678269704, 0.9197000023722649, 0.9202833359440168, 0.9206666687130928, 0.9205666684110959, 0.9193333354592323, 0.9210166683793068, 0.92113333572944, 0.9216000021497408, 0.9208000018199285, 0.9220166688164075, 0.9213833363850912, 0.9210833358764648, 0.9218000010649363, 0.9221333345770836, 0.9234333350261053, 0.9217833353082339, 0.9222833348313967, 0.9231000031034152, 0.9223333356777826, 0.9230333358049393, 0.9226166694362958, 0.9228000020980835, 0.9236500019828479, 0.9224500010410944, 0.9230833343664805, 0.9238000010450681, 0.922733335296313, 0.9234000021219253, 0.9227666688958803, 0.9235166692733765, 0.9235833348830541, 0.9239833365877469, 0.9246833361188571, 0.922983335951964, 0.9245500028133392, 0.9249500021338463, 0.9243333357572555, 0.9245666689674059, 0.9240666694442431, 0.9245000023643176, 0.9251166679461797, 0.9243166693051657, 0.9247166685263316, 0.9252500021457672, 0.9241000018517176, 0.9246666673819224, 0.9245333355665207, 0.9253000018994013, 0.9253166677554449, 0.9258500018715858, 0.9251000012954076, 0.9248833347360293, 0.9246333357691765],