{"train_losses": [0.629183675616407, 0.344105106574508, 0.32006430406907016, 0.30970632199584297, 0.29905504256997884, 0.29471320485489905, 0.2904220152346709, 0.28522112153915835, 0.2821509030620618, 0.2800589650091036, 0.27755107824182185, 0.2758953998895812, 0.2745830815228811, 0.2732834116154994, 0.27097589492463886, 0.2695319614683529, 0.268901085172789, 0.2671123268025921, 0.2663131263038273, 0.26585298654844963, 0.26482815129520637, 0.26395299999772853, 0.26285757391452297, 0.26241549910230266, 0.2620794126828676, 0.2608633202063117, 0.26086375092872405, 0.26015907997065674, 0.2594326637453798, 0.2585935668907364, 0.25859451324322774, 0.2575565375318612, 0.2576090404816504, 0.2567336418622036, 0.2566224083451453, 0.2558132658432632, 0.25553085035458784, 0.2552990797577261, 0.25466209716640503, 0.254331965566098, 0.25398052231132584, 0.25390219883335396, 0.2532640744529608, 0.2527323210937841, 0.25279938752193687, 0.25217095146904445, 0.2518863069598945, 0.2515530367722015, 0.25129099939094357, 0.2510714680100715, 0.2504141116173554, 0.2502169530789506, 0.24984758330173415, 0.24985132592433734, 0.24934672528035187, 0.24890342077024827, 0.248513146696488, 0.24847662636368298, 0.24824322738874202, 0.24794089691601082, 0.24749490143303443, 0.24745972588216147, 0.2467991408223452, 0.2467117224506446, 0.24680138024708537, 0.24625144151734144, 0.24619923741755695, 0.24558866219179548, 0.24532188735014696, 0.24528675549934764, 0.24487161633529608, 0.24488353529439053, 0.24429310729750037, 0.24425587463825457, 0.24411959512506518, 0.24367483142532856, 0.24378584415402296, 0.2429024667665693, 0.24313755609703, 0.2429431581951489, 0.24257473467921623, 0.2426431480955575, 0.2416863814866899, 0.24223602157117094, 0.24178700773251122, 0.24198409800450718, 0.24158966306437302, 0.24105641100123867, 0.2409461614225296, 0.24126212237820974, 0.24078260890384068, 0.24005840478883764, 0.24001599898861622, 0.24023468092458755, 0.23983113784558066, 0.2398315389738786, 0.23971625217606785, 0.23959155901535278, 0.23929388328958442, 0.23901725146388833], "test_losses": [0.349028008582764, 0.32849819414892245, 0.2920148433699177, 0.2929057426267734, 0.2838882369238973, 0.2858067732541939, 0.284183644370473, 0.2774642261997198, 0.27696062662445015, 0.27600014548584967, 0.2732731814108977, 0.275472610865732, 0.269955880246911, 0.27142460138086855, 0.27217538360924004, 0.2700689257193095, 0.26870935558881826, 0.27007205193782374, 0.26642963351844295, 0.26931856960788997, 0.2661712241712168, 0.26676624393714127, 0.26761747283318643, 0.2679392685675514, 0.2688304655274656, 0.26677697755756646, 0.26762444634924537, 0.2654984728280189, 0.26494726582442746, 0.27070597536523067, 0.26697389262595167, 0.26647351723395507, 0.26695659126814186, 0.2644061306412169, 0.2684023360742621, 0.26495627845975006, 0.2672432173181219, 0.2651860359126042, 0.2680523077859647, 0.2651971514041863, 0.26420313865350814, 0.26229418267494525, 0.26371891473033615, 0.2690877956767913, 0.2676220620144905, 0.2677445189961178, 0.26697595038008953, 0.2671886043431673, 0.26850379945929975, 0.26666733848183183, 0.26611094670918667, 0.265353566121373, 0.2689798886100563, 0.26557706421757843, 0.26850389730761215, 0.2666879898442945, 0.26605176740690795, 0.26563675905567413, 0.268628546191982, 0.269423894674921, 0.26494229719708196, 0.26753574724148305, 0.26473178357889293, 0.26586269030127907, 0.2655506696689978, 0.26582579686553665, 0.26831353547557746, 0.2665476757336162, 0.268386979342001, 0.26786975017967907, 0.26727747900285764, 0.2667069070078114, 0.2668932198568619, 0.2673416188363438, 0.2674036415313032, 0.2662059117784931, 0.2700760250179707, 0.2666391375601721, 0.26741794954000564, 0.2693604883938077, 0.26980428829775616, 0.2679765483052305, 0.27114726292252356, 0.27166178705971444, 0.2696125914997908, 0.26951648220834123, 0.2676329623753659, 0.26759277146186755, 0.2697016252602438, 0.2669004956240771, 0.2685516740800815, 0.2688726438155218, 0.2706449591400246, 0.26815368603530404, 0.27004397795889906, 0.26870224528858083, 0.26934825686720304, 0.2725238941164847, 0.2708436777915149, 0.27157784563966963], "train_accs": [0.8228833331974844, 0.8987833345929782, 0.9067500022053718, 0.9107000022133191, 0.9143000010649364, 0.9163666686415672, 0.9171166692177455, 0.919716669122378, 0.9196833357214927, 0.9211833350857099, 0.9222000013788542, 0.9225833349426588, 0.9232166687647502, 0.9236166675885519, 0.9237500016887983, 0.925650001168251, 0.924950001736482, 0.9259833351771036, 0.9262000040213267, 0.9260333344340325, 0.9261166694760322, 0.9271500017245611, 0.9271666692694028, 0.9274833358327548, 0.9272833348313967, 0.9279000014066696, 0.9272833350300789, 0.9280666692058245, 0.9276166683435441, 0.9283500010768573, 0.9285166694720586, 0.9287500015894572, 0.9286166696747145, 0.9289166677991549, 0.9290833355983098, 0.9296666691700618, 0.9298666684826216, 0.9293666687607766, 0.9294500013192495, 0.9295000018676122, 0.9299666676918665, 0.9298000005880992, 0.930166667898496, 0.9303500019510587, 0.9299666688839594, 0.9305833365519841, 0.9307666688164076, 0.9307500017682712, 0.9301000012954076, 0.9310166673858961, 0.9308666701118151, 0.9306500009695688, 0.9308500018715858, 0.9314166679978371, 0.9313833355903626, 0.9307333354155223, 0.931783335407575, 0.9308666683236758, 0.9318333355585734, 0.9317000012596448, 0.9321166679263115, 0.9317333349585533, 0.9325666693846385, 0.9318333354592323, 0.9322333353757858, 0.9326000020901362, 0.9319000028570493, 0.9328000014026959, 0.9324666677912077, 0.9325166675448417, 0.9329666675130526, 0.9322833358248075, 0.932533334394296, 0.9324333354830742, 0.9326166685422261, 0.9329333348075549, 0.9328000008066495, 0.9327333343029022, 0.9333166681726773, 0.9325833350419999, 0.933333335618178, 0.9335000017285346, 0.9341500011086464, 0.9332166682680448, 0.9334500013788541, 0.9335833357771238, 0.933433336019516, 0.9335833337903022, 0.9333666678269704, 0.9329000007112821, 0.9335000017285346, 0.9334333341320356, 0.933533335228761, 0.9341166673103968, 0.9339000016450882, 0.9340500019987424, 0.9340500017007192, 0.9337666684389114, 0.9337333350380261, 0.9344666687647502],