{"train_losses": [1.964271524081626, 1.8104111594929702, 1.764765625893487, 1.7422287550134892, 1.727440268211089, 1.7183154888578551, 1.711032635250732, 1.7055823985166023, 1.699820661257392, 1.6961455581782474, 1.6920018227198357, 1.689023500415557, 1.6866695496968744, 1.6839085954205029, 1.6808819415171898, 1.678533503557738, 1.6771985441391934, 1.6747665862720165, 1.6728965298287448, 1.670733526599158, 1.6692461466785398, 1.6677965252366482, 1.666152093922592, 1.6642729425080416, 1.6629109809155511, 1.6614876056398737, 1.6601557621152576, 1.6579842768656845, 1.6574844137026206, 1.6561219721624576, 1.6541382888041147, 1.6541206409419476, 1.6523595428768663, 1.6507026392819233, 1.6508549742183514, 1.6491647792830417, 1.647972753841058, 1.646782054475113, 1.6462491622128914, 1.6446045818213415, 1.6440035901534935, 1.6425623539554763, 1.6416901228163991, 1.6409407282407795, 1.640518547076706, 1.6388869596576336, 1.638402719024241, 1.6372274363275148, 1.6356316576350665, 1.635350004237157, 1.6342132818675081, 1.6331166797156815, 1.632889212924268, 1.6316976514065307, 1.6309646992691291, 1.6298896629189086, 1.629392752375376, 1.6281028312970154, 1.6279677369186136, 1.6266997359208208, 1.6261677710008051, 1.625696669390503, 1.6244905075116554, 1.6238671184458322, 1.6230421026027644, 1.622034501441561, 1.6217344651552672, 1.6202781941464568, 1.6198756921832536, 1.6190070130958725, 1.6182124578490629, 1.6177226904367785, 1.6168715422762305, 1.6163272321623086, 1.6154439772110132, 1.614779143844713, 1.6143914675530537, 1.61292415605113, 1.6126220849545088, 1.612100860924399, 1.6114006085128598, 1.6104646184813796, 1.6105861177335434, 1.6090412943821761, 1.6085849218777446, 1.60790375611441, 1.6071517685505388, 1.606561984021562, 1.6062728196981269, 1.6052456486656415, 1.6047352118380527, 1.6038765452823578, 1.603753933147766, 1.6030431842207709, 1.6026921627753552, 1.601363943729811, 1.6014711712065244, 1.6000798537821534, 1.5997067690126865, 1.5991138342300095], "test_losses": [1.8514617409960317, 1.7773664336575528, 1.7477829104644902, 1.7328158398564113, 1.727597542117411, 1.7177484049891054, 1.7153343807462247, 1.71431579186698, 1.7122316900741879, 1.7101573636883236, 1.7109690258689432, 1.7087930469112984, 1.7058406706200118, 1.7066894051770047, 1.7058273833962694, 1.7065143814085155, 1.7070766635647447, 1.7058673822998573, 1.7039473391282038, 1.705622132825484, 1.708955289496688, 1.7084416046925646, 1.7069567092291873, 1.71124103730152, 1.708971017297829, 1.7125438925440826, 1.7097223667831658, 1.7118372285709273, 1.7090888602505485, 1.7133684093996464, 1.7137091839702026, 1.710114409015314, 1.71333639658697, 1.7151804477464028, 1.71300241509583, 1.7142012813763186, 1.7203364238890788, 1.7195650868521921, 1.715412267954493, 1.7178571162383343, 1.719967526979565, 1.7170079550379471, 1.7171260216626552, 1.7208561457074376, 1.7181303624239086, 1.718853084333981, 1.721786793808636, 1.7219971343808587, 1.724699381897827, 1.7259390773928527, 1.726755608850701, 1.7236775099881398, 1.7240737876405212, 1.7271080983769838, 1.7290526708154672, 1.7266603453593325, 1.7268686106133695, 1.7282432602926443, 1.731358096745142, 1.7292861020859718, 1.7333424045159247, 1.728978276910523, 1.7324065283422956, 1.7332059227040977, 1.7333532874727076, 1.7327538341631512, 1.7311280955297912, 1.735808756817833, 1.736436837064733, 1.7356332144751871, 1.7370747986963664, 1.7354990082093633, 1.7420683968535315, 1.7359632449731748, 1.7374911799165744, 1.7367778416137876, 1.7380982999410588, 1.7406736975249455, 1.7376122540532846, 1.7397410498385184, 1.7398785337316323, 1.7426210065803729, 1.74553152740552, 1.743628733120656, 1.7446195955520032, 1.7450884251688583, 1.7436415874715734, 1.744954630038217, 1.7445111705211247, 1.7467891666263196, 1.7478111929070164, 1.745960031584607, 1.7457727394946587, 1.747150498746138, 1.7488941094695127, 1.751423876835695, 1.7517227386096201, 1.7524897032274407, 1.7499777755431336, 1.7517076284168887], "train_accs": [0.31422000055760146, 0.3764400006532669, 0.3928599991798401, 0.4021999988555908, 0.4093799977004528, 0.4139599984288216, 0.4166599980592728, 0.41939999800920486, 0.42303999772667883, 0.4244399982094765, 0.42677999845147135, 0.4276599985361099, 0.4291199977993965, 0.42929999727010726, 0.4294799984097481, 0.4303799973726273, 0.4320799977183342, 0.4332799986600876, 0.4338399990200996, 0.43357999742031095, 0.4352799975275993, 0.4366399978399277, 0.43581999814510347, 0.4361399976611137, 0.4363199977874756, 0.4377999975681305, 0.43955999791622163, 0.4392999972105026, 0.4382199983596802, 0.43895999777317046, 0.4399399979710579, 0.43953999757766726, 0.4397399975061417, 0.4419599975347519, 0.4423799974322319, 0.4419399979114532, 0.4434199975132942, 0.441739997446537, 0.4425199972987175, 0.44363999688625333, 0.44391999804973603, 0.4444599975347519, 0.44589999741315844, 0.44509999722242355, 0.44449999755620956, 0.4455399980545044, 0.4457999974489212, 0.4463599972128868, 0.44645999699831007, 0.44621999794244765, 0.4454999977350235, 0.4482199977040291, 0.44823999744653703, 0.44793999671936036, 0.4480799977183342, 0.44755999666452406, 0.447379998087883, 0.4490399975180626, 0.4484399973154068, 0.45031999808549883, 0.45005999755859377, 0.4488999980092049, 0.4498599970936775, 0.450419997215271, 0.45191999691724777, 0.45149999678134917, 0.45121999752521513, 0.45231999742984774, 0.45207999777793884, 0.4513599982261658, 0.45215999710559845, 0.45251999735832216, 0.45301999735832216, 0.45295999658107755, 0.45249999779462813, 0.4536999968290329, 0.45301999711990354, 0.454099996984005, 0.4537799972295761, 0.4537199971079826, 0.45347999727725985, 0.4539799972176552, 0.4558199976682663, 0.45635999780893327, 0.4552999982237816, 0.4557399978041649, 0.4551799973845482, 0.45659999817609787, 0.45479999697208406, 0.4557799971103668, 0.45643999630212784, 0.45579999643564223, 0.455779997587204, 0.45719999688863755, 0.45861999636888506, 0.45569999814033507, 0.456159996509552, 0.4565599967241287, 0.45761999708414075, 0.4584399968385696],