{"train_losses": [2.1537411370277404, 2.091826896905899, 2.073362636566162, 2.0558902149200438, 2.0427571461200715, 2.0216552810668946, 2.0030154111385348, 1.9779999268054962, 1.9538076286315917, 1.9409110996723176, 1.9191294839382171, 1.9178070871829986, 1.902018874168396, 1.895341407775879, 1.8883898119926452, 1.874153198003769, 1.8695494077205659, 1.8672696347236633, 1.8558330731391908, 1.8539996664524079, 1.8465506765842439, 1.8412449674606324, 1.8366545877456666, 1.828485297203064, 1.820104655265808, 1.8164599153995513, 1.8105028150081635, 1.800655415058136, 1.7952246243953704, 1.7865538091659545, 1.782488355398178, 1.7753493254184722, 1.7691958911418915, 1.7654353160858154, 1.7624611127376557, 1.7582849113941192, 1.7548346288204193, 1.7505332832336427, 1.7471687581539155, 1.7453843863010408, 1.742055181980133, 1.741208528280258, 1.7386272778511047, 1.7362658865451812, 1.7342049708366394, 1.7324361159801482, 1.7299005918502808, 1.7277419309616089, 1.7262575962543487, 1.725207911491394, 1.7231185178756714, 1.7209768414497375, 1.7213786087036134, 1.7189248251914977, 1.7186758584976196, 1.7148859856128693, 1.715604516506195, 1.7142382876873017, 1.7133267860412598, 1.7134088156223297, 1.710322541475296, 1.7107561094760895, 1.7104920346736907, 1.709192795276642, 1.7083693437576295, 1.7083649964332581, 1.7075733783245086, 1.7059069547653198, 1.7063788368701935, 1.7051500103473662, 1.7037000181674957, 1.7028381276130675, 1.7022533762454986, 1.7022814724445343, 1.7019191772937774, 1.7005201494693756, 1.7008731105327606, 1.6988192801475526, 1.6992475900650024, 1.6993939864635468, 1.6989078149795531, 1.6987393066883087, 1.697657966375351, 1.6968305504322052, 1.6970272538661957, 1.6966180000305175, 1.6953335666656495, 1.6950991914272309, 1.693261181116104, 1.6953702890872955, 1.694520104408264, 1.6933169486522675, 1.6936544258594513, 1.6928205130100251, 1.6930344812870026, 1.6914289054870606, 1.69178750705719, 1.6913501677513123, 1.6915613198280335, 1.6898885905742644], "test_losses": [2.070364043712616, 2.066450922489166, 2.0698165118694307, 2.046396405696869, 2.0010504269599916, 2.01757435798645, 2.0319847536087035, 1.992473108768463, 1.9653106355667114, 1.914078838825226, 1.9135529935359954, 1.9007661712169648, 1.9272363841533662, 1.8827086675167084, 1.9121468877792358, 1.8799505007267, 1.8950444769859314, 1.8944121372699738, 1.8758031523227692, 1.8569977700710296, 1.8429569339752196, 1.8652043390274047, 1.8403289580345155, 1.8366244852542877, 1.8304851233959198, 1.8248508739471436, 1.8188120317459107, 1.813242676258087, 1.8064590907096862, 1.809765487909317, 1.796836998462677, 1.780130981206894, 1.7806630218029023, 1.7757894861698151, 1.7790618491172792, 1.7782258713245391, 1.7593649697303773, 1.7620759320259094, 1.7592471158504486, 1.7629903435707093, 1.759313517808914, 1.764359872341156, 1.7563467383384705, 1.7594892537593843, 1.7425258469581604, 1.7466933298110963, 1.745767706632614, 1.7468657636642455, 1.7404257512092591, 1.743244490623474, 1.739354943037033, 1.743892560005188, 1.733051439523697, 1.758404928445816, 1.7355906414985656, 1.7371482455730438, 1.7309506249427795, 1.73244424700737, 1.7312648117542266, 1.73879443526268, 1.7386185705661774, 1.7390762305259704, 1.7498526406288146, 1.7307260966300964, 1.729283583164215, 1.726410253047943, 1.736534413099289, 1.7325056278705597, 1.7339223766326903, 1.7378306257724763, 1.7389738023281098, 1.7292890107631684, 1.730656396150589, 1.7287493705749513, 1.7289962697029113, 1.7281073415279389, 1.7254119217395782, 1.7293195068836211, 1.7262011754512787, 1.7473171257972717, 1.729626737833023, 1.7270547342300415, 1.7247584438323975, 1.7320818042755126, 1.7328815352916718, 1.7282827281951905, 1.7248112678527832, 1.7334315717220306, 1.7287302041053771, 1.7280588448047638, 1.7207060742378235, 1.7229778039455415, 1.7304184436798096, 1.7235821843147279, 1.738892263174057, 1.7314991176128387, 1.7214025580883026, 1.7265884804725646, 1.7312015545368196, 1.7321132826805115], "train_accs": [0.22657999949157237, 0.2541400001198053, 0.2661800001114607, 0.27164000102877617, 0.27910000094771387, 0.2874600004553795, 0.2918200008869171, 0.30374000102281573, 0.3110200010538101, 0.3164600013494492, 0.3242600019276142, 0.3246600012481213, 0.331860001206398, 0.3355800005197525, 0.33640000188350677, 0.344320001244545, 0.3460400012433529, 0.35042000153660774, 0.3532800005674362, 0.3551800015866756, 0.3573200004696846, 0.3610000002682209, 0.36161999994516375, 0.36574000045657157, 0.3694000001549721, 0.36957999974489214, 0.37262000000476836, 0.37592000025510786, 0.38018000015616416, 0.3790399998724461, 0.3819799993634224, 0.38682000011205675, 0.3894999992251396, 0.3874199994802475, 0.3908799990415573, 0.3941999995112419, 0.39515999966859816, 0.39535999920964243, 0.39771999871730807, 0.3985799981355667, 0.40229999881982803, 0.3999199991226196, 0.40161999815702437, 0.4015199984312057, 0.40663999858498573, 0.4027999990582466, 0.4036999982595444, 0.4063199991583824, 0.40855999910831453, 0.4080399988889694, 0.4090399984717369, 0.4083999981880188, 0.4083599986433983, 0.41017999809980393, 0.41285999774932863, 0.41291999876499175, 0.41123999840021136, 0.41117999801039695, 0.41345999836921693, 0.41497999849915507, 0.41483999812602995, 0.4148399977087975, 0.41583999836444857, 0.41683999872207644, 0.4168799979686737, 0.4147599985003471, 0.4156799988150597, 0.4179399982690811, 0.41921999806165694, 0.4192999984025955, 0.41935999819636344, 0.42021999901533125, 0.41859999829530714, 0.41753999865055086, 0.419359997689724, 0.41863999819755554, 0.419039998114109, 0.42061999869346617, 0.4197399977445602, 0.4210999981760979, 0.4212999984025955, 0.42109999787807467, 0.42189999800920486, 0.42069999808073044, 0.4215799992084503, 0.4213799986243248, 0.42219999837875366, 0.4212799981236458, 0.42261999762058255, 0.423399997651577, 0.42213999837636945, 0.42337999761104583, 0.4221799978613853, 0.4231399978995323, 0.425459998190403, 0.4242199986577034, 0.423899997651577, 0.42453999811410903, 0.42555999785661697, 0.4250999980568886],