{"train_losses": [2.084792791843414, 2.0630861024856566, 2.0530768542289732, 2.0449016809463503, 2.039294704914093, 2.0366578769683836, 2.022392951011658, 2.0168481969833376, 2.007614279270172, 2.0023333225250246, 1.992487202167511, 1.9853183116912843, 1.9768870301246644, 1.9633398361206054, 1.9509140939712524, 1.9460037546157838, 1.9308706789016723, 1.9244728922843932, 1.9208290309906006, 1.9054377512931824, 1.89862540102005, 1.8957254343032837, 1.8934525055885314, 1.8871653523445129, 1.8828071241378783, 1.8792072072029113, 1.8810166578292846, 1.8699180450439452, 1.8694073257446289, 1.8640399627685547, 1.863153980255127, 1.865039767742157, 1.8538011298179626, 1.8530992550849914, 1.8554544701576232, 1.8501969566345216, 1.8474437165260316, 1.8404675636291503, 1.8425804085731505, 1.8398938598632812, 1.8365770316123962, 1.8352866125106813, 1.8291072702407838, 1.8261508259773254, 1.823621469974518, 1.8218080463409423, 1.8194170651435853, 1.8221182589530944, 1.8141623387336732, 1.8081728630065919, 1.8040640711784364, 1.8030570893287658, 1.8014744572639465, 1.7985671224594115, 1.7957621030807496, 1.791409568309784, 1.7879465627670288, 1.782104344367981, 1.7806153597831726, 1.7779738779067993, 1.7770151228904725, 1.7722920570373535, 1.7676788244247437, 1.7673709087371827, 1.76331187915802, 1.7615194787979127, 1.7604132862091064, 1.7560060720443726, 1.7557257194519043, 1.7532200508117677, 1.7514336805343629, 1.7486959733963012, 1.7469845991134643, 1.7471285519599915, 1.7478368487358094, 1.7413008642196655, 1.7421232895851135, 1.739176531791687, 1.7389118409156799, 1.737195481300354, 1.736518726348877, 1.735496816635132, 1.7336342492103576, 1.7314458141326905, 1.7339360909461976, 1.7305906510353088, 1.7293863439559936, 1.7292827920913696, 1.7278463368415833, 1.7275916867256165, 1.7270657587051392, 1.7250241284370422, 1.724046093940735, 1.7238983602523803, 1.7235229992866516, 1.7233214364051819, 1.7212707777023315, 1.7213904685974122, 1.7191067652702332, 1.7170350074768066], "test_losses": [2.0623338651657104, 2.0361292338371277, 2.0301085114479065, 2.0270351552963257, 2.051714315414429, 2.035388607978821, 2.0105901074409487, 2.0146589159965513, 2.012379217147827, 1.9932658195495605, 1.9860002875328064, 1.9785734844207763, 2.027408699989319, 1.9601428389549256, 1.945870008468628, 1.9522795653343201, 1.9453009700775146, 1.9413778066635132, 1.9148901557922364, 1.9221405911445617, 1.906836950778961, 1.906210286617279, 1.8963514971733093, 1.887883117198944, 1.8764771223068237, 1.8815268278121948, 1.87675217628479, 1.893096308708191, 1.8826352739334107, 1.8907265543937684, 1.8649598836898804, 1.8767755079269408, 1.8672854328155517, 1.8670257234573364, 1.858203990459442, 1.868511700630188, 1.8613941478729248, 1.8542443490028382, 1.867939989566803, 1.8559211540222167, 1.8795504975318909, 1.8320730662345885, 1.84751277923584, 1.83533634185791, 1.850872313976288, 1.8694682240486145, 1.8277709531784057, 1.8250670051574707, 1.82452495098114, 1.8103827691078187, 1.8084084701538086, 1.803447630405426, 1.819423725605011, 1.8209130358695984, 1.8048938250541686, 1.8072776150703431, 1.7986209893226623, 1.8021971201896667, 1.8041642117500305, 1.7959400582313538, 1.791037666797638, 1.7782436394691468, 1.7777459383010865, 1.7808424878120421, 1.7735982847213745, 1.794102942943573, 1.7672729730606078, 1.7764117455482482, 1.7645225214958191, 1.769481499195099, 1.7638909578323365, 1.7607510924339294, 1.7729131937026978, 1.769635751247406, 1.7568766951560975, 1.7649981045722962, 1.7491018295288085, 1.7573936581611633, 1.7548687934875489, 1.7625504899024964, 1.7533797597885132, 1.7551967549324035, 1.7490439319610596, 1.7485973048210144, 1.7672406673431396, 1.7490321493148804, 1.7482824778556825, 1.7457981848716735, 1.750759859085083, 1.7416348433494568, 1.7383993816375733, 1.7373202872276305, 1.7588859820365905, 1.7363255977630616, 1.7390661120414734, 1.7451330471038817, 1.7499478149414063, 1.7417838883399963, 1.7379771757125855, 1.7376399302482606], "train_accs": [0.25515999829769137, 0.26807999897003176, 0.2737399991750717, 0.27737999832630156, 0.27777999943494797, 0.2798999990224838, 0.28909999811649323, 0.28921999943256377, 0.29483999967575075, 0.2947199995517731, 0.30108000069856644, 0.3030399990081787, 0.30639999973773957, 0.311219999730587, 0.31505999964475634, 0.31909999990463256, 0.3232400002479553, 0.3270200001001358, 0.32459999978542325, 0.3336600000858307, 0.33644000029563903, 0.3341400001049042, 0.33757999980449677, 0.3391800000667572, 0.34262000042200086, 0.343760000705719, 0.34248000037670134, 0.3467000002861023, 0.348279999256134, 0.35017999958992, 0.3482200005054474, 0.34745999991893767, 0.35529999959468844, 0.35598000007867814, 0.354400000333786, 0.35549999988079073, 0.35795999896526337, 0.36151999938488005, 0.35903999984264373, 0.36030000030994414, 0.36096000015735624, 0.3613000001907349, 0.36434000009298323, 0.3651400007009506, 0.36630000042915345, 0.3686400002241135, 0.3695800006389618, 0.3651399998664856, 0.3734799998998642, 0.37424000024795534, 0.37467999923229217, 0.3751199997663498, 0.3774000002145767, 0.37770000076293947, 0.3787599993944168, 0.3794400007724762, 0.3807599995136261, 0.3825000003576279, 0.381879999756813, 0.38497999954223633, 0.3849399995803833, 0.3863599991798401, 0.38849999952316283, 0.38884000027179716, 0.3900799995660782, 0.390200000166893, 0.3929000004529953, 0.39333999919891355, 0.3915399994850159, 0.3954799987077713, 0.39776000010967255, 0.39496000051498414, 0.3979399996995926, 0.3964800001382828, 0.397739999294281, 0.39925999999046324, 0.3993799999952316, 0.4009800007343292, 0.4012800006866455, 0.4015199992656708, 0.4008199994564056, 0.4037599993944168, 0.4037999999523163, 0.4051799991130829, 0.4016399995088577, 0.4045200003385544, 0.40461999821662903, 0.40505999970436096, 0.40635999882221224, 0.40751999938488004, 0.40756000101566314, 0.4069599987268448, 0.4089800000190735, 0.4065800005197525, 0.40841999936103823, 0.4076999990940094, 0.4079800006151199, 0.409439999461174, 0.40995999932289123, 0.4106599988937378],